order_id,order_date,customer_id,region,channel,category,product,quantity,unit_price,discount_pct,revenue,payment_method,order_status,month
ORD100000,2025-02-02,CUST10462,South,Marketplace,Fashion,Backpack,1,6528.23,0.15,5549.0,UPI,Completed,2025-02
ORD100001,2025-02-16,CUST10406,South,Marketplace,Beauty,Face Wash,3,943.7,0.05,2689.55,UPI,Completed,2025-02
ORD100002,2025-11-21,CUST10684,West,Mobile App,Electronics,Smartphone,1,65883.62,0.2,52706.9,UPI,Completed,2025-11
ORD100003,2025-03-13,CUST10421,North,Website,Home & Kitchen,Cookware Set,2,16197.78,0.1,29156.0,UPI,Completed,2025-03
ORD100004,2025-01-28,CUST10567,North,Website,Furniture,Study Table,1,13137.9,0.1,11824.11,UPI,Completed,2025-01
ORD100005,2025-09-13,CUST10282,West,Marketplace,Electronics,Headphones,1,18415.89,0.05,17495.1,UPI,Completed,2025-09
ORD100006,2025-10-21,CUST10221,West,Mobile App,Electronics,Laptop,3,6850.73,0.1,18496.97,UPI,Completed,2025-10
ORD100007,2025-02-11,CUST10602,South,Mobile App,Furniture,Office Chair,2,9305.15,0.1,16749.27,Net Banking,Completed,2025-02
ORD100008,2025-08-09,CUST10826,South,Website,Electronics,Laptop,3,2532.78,0.0,7598.34,UPI,Completed,2025-08
ORD100009,2025-04-18,CUST10596,East,Mobile App,Furniture,Office Chair,1,20154.79,0.05,19147.05,UPI,Completed,2025-04
ORD100010,2025-02-08,CUST10150,West,Mobile App,Electronics,Headphones,2,1765.25,0.15,3000.92,Credit Card,Completed,2025-02
ORD100011,2025-05-20,CUST10272,East,Website,Home & Kitchen,Air Fryer,1,15905.29,0.2,12724.23,Credit Card,Completed,2025-05
ORD100012,2025-06-16,CUST10115,Central,Mobile App,Home & Kitchen,Mixer Grinder,1,1694.36,0.0,0.0,UPI,Cancelled,2025-06
ORD100013,2025-06-16,CUST10183,South,Mobile App,Fashion,Sneakers,3,3506.94,0.15,8942.7,Credit Card,Completed,2025-06
ORD100014,2025-04-23,CUST10595,East,Mobile App,Fashion,T-Shirt,1,450.6,0.1,405.54,Credit Card,Completed,2025-04
ORD100015,2025-02-22,CUST10094,East,Website,Fashion,Jeans,2,1079.52,0.15,1835.18,Cash on Delivery,Completed,2025-02
ORD100016,2025-02-25,CUST10489,South,Mobile App,Beauty,Perfume,2,1087.34,0.2,1739.74,Credit Card,Completed,2025-02
ORD100017,2025-06-22,CUST10241,South,Mobile App,Beauty,Face Wash,1,2971.46,0.2,2377.17,UPI,Completed,2025-06
ORD100018,2025-04-21,CUST10554,North,Mobile App,Furniture,Sofa,2,15567.54,0.15,26464.82,Debit Card,Completed,2025-04
ORD100019,2025-12-01,CUST10208,North,Mobile App,Beauty,Sunscreen,3,2815.14,0.1,0.0,Debit Card,Returned,2025-12
ORD100020,2025-08-20,CUST10137,East,Website,Home & Kitchen,Coffee Maker,1,809.9,0.1,0.0,Cash on Delivery,Returned,2025-08
ORD100021,2025-11-22,CUST10674,Central,Marketplace,Electronics,Headphones,1,27361.41,0.15,23257.2,UPI,Completed,2025-11
ORD100022,2025-11-20,CUST10673,West,Website,Electronics,Headphones,1,1548.95,0.2,1239.16,Cash on Delivery,Completed,2025-11
ORD100023,2025-03-07,CUST10540,West,Website,Home & Kitchen,Cookware Set,3,16426.42,0.1,44351.33,Debit Card,Completed,2025-03
ORD100024,2025-12-08,CUST10376,South,Website,Electronics,Laptop,1,8449.1,0.15,7181.73,UPI,Completed,2025-12
ORD100025,2025-03-14,CUST10724,West,Mobile App,Beauty,Moisturizer,1,4024.64,0.1,3622.18,Credit Card,Completed,2025-03
ORD100026,2025-02-18,CUST10757,West,Marketplace,Furniture,Bookshelf,4,1937.81,0.1,6976.12,Debit Card,Completed,2025-02
ORD100027,2025-02-08,CUST10127,South,Marketplace,Fashion,Jacket,4,3998.63,0.1,14395.07,UPI,Completed,2025-02
ORD100028,2025-11-06,CUST10679,North,Marketplace,Electronics,Laptop,1,9413.58,0.15,8001.54,Net Banking,Completed,2025-11
ORD100029,2025-08-09,CUST10372,South,Mobile App,Home & Kitchen,Coffee Maker,3,3056.13,0.05,8709.97,UPI,Completed,2025-08
ORD100030,2025-12-30,CUST10832,West,Website,Fashion,Jacket,2,607.8,0.2,972.48,Credit Card,Completed,2025-12
ORD100031,2025-02-22,CUST10829,North,Website,Beauty,Shampoo,1,266.35,0.0,266.35,Credit Card,Completed,2025-02
ORD100032,2025-10-31,CUST10483,East,Mobile App,Electronics,Smartphone,1,8381.97,0.2,6705.58,UPI,Completed,2025-10
ORD100033,2025-01-16,CUST10164,South,Website,Furniture,Bookshelf,1,2083.3,0.1,1874.97,UPI,Completed,2025-01
ORD100034,2025-11-23,CUST10289,West,Website,Electronics,Headphones,1,37548.89,0.2,0.0,Cash on Delivery,Returned,2025-11
ORD100035,2025-10-20,CUST10702,East,Mobile App,Furniture,Bedside Table,2,8279.43,0.2,13247.09,Credit Card,Completed,2025-10
ORD100036,2025-10-14,CUST10455,East,Website,Home & Kitchen,Cookware Set,1,2710.1,0.05,2574.59,Credit Card,Completed,2025-10
ORD100037,2025-05-14,CUST10295,South,Mobile App,Fashion,Jacket,4,5509.54,0.1,19834.34,Debit Card,Completed,2025-05
ORD100038,2025-06-18,CUST10032,West,Mobile App,Furniture,Sofa,2,11775.35,0.05,22373.17,Net Banking,Completed,2025-06
ORD100039,2025-03-15,CUST10626,West,Website,Furniture,Bedside Table,1,15508.56,0.0,0.0,UPI,Cancelled,2025-03
ORD100040,2025-09-22,CUST10650,Central,Marketplace,Electronics,Smartwatch,3,30304.98,0.2,72731.95,UPI,Completed,2025-09
ORD100041,2025-08-04,CUST10086,East,Website,Electronics,Smartphone,2,7068.31,0.1,12722.96,UPI,Completed,2025-08
ORD100042,2025-12-02,CUST10656,South,Mobile App,Fashion,Backpack,1,559.27,0.0,559.27,Cash on Delivery,Completed,2025-12
ORD100043,2025-06-02,CUST10697,West,Website,Beauty,Perfume,3,562.23,0.1,1518.02,Cash on Delivery,Completed,2025-06
ORD100044,2025-04-25,CUST10325,North,Marketplace,Electronics,Smartwatch,1,22690.1,0.1,0.0,UPI,Cancelled,2025-04
ORD100045,2025-10-12,CUST10432,South,Marketplace,Fashion,T-Shirt,4,561.48,0.2,1796.74,UPI,Completed,2025-10
ORD100046,2025-02-14,CUST10284,East,Mobile App,Electronics,Smartwatch,1,34648.57,0.05,32916.14,Credit Card,Completed,2025-02
ORD100047,2025-06-11,CUST10272,Central,Mobile App,Electronics,Laptop,5,43956.83,0.05,208794.94,Credit Card,Completed,2025-06
ORD100048,2025-01-16,CUST10408,Central,Mobile App,Electronics,Headphones,1,47564.3,0.0,47564.3,UPI,Completed,2025-01
ORD100049,2025-02-22,CUST10700,North,Marketplace,Beauty,Moisturizer,1,254.1,0.0,254.1,UPI,Completed,2025-02
ORD100050,2025-12-24,CUST10738,South,Marketplace,Beauty,Face Wash,3,4027.45,0.15,10270.0,Credit Card,Completed,2025-12
ORD100051,2025-11-02,CUST10037,North,Website,Furniture,Study Table,2,11674.25,0.2,18678.8,UPI,Completed,2025-11
ORD100052,2025-10-24,CUST10004,North,Website,Fashion,Jacket,5,2302.67,0.1,11513.35,UPI,Completed,2025-10
ORD100053,2025-01-16,CUST10796,West,Website,Home & Kitchen,Air Fryer,1,16869.7,0.1,15182.73,Credit Card,Completed,2025-01
ORD100054,2025-04-03,CUST10399,East,Website,Fashion,T-Shirt,1,2091.98,0.15,1778.18,Cash on Delivery,Completed,2025-04
ORD100055,2025-12-10,CUST10134,East,Website,Electronics,Smartwatch,1,1628.6,0.05,1547.17,UPI,Completed,2025-12
ORD100056,2025-08-13,CUST10829,East,Mobile App,Furniture,Office Chair,1,3433.61,0.15,2918.57,UPI,Completed,2025-08
ORD100057,2025-01-14,CUST10377,South,Website,Home & Kitchen,Coffee Maker,2,6839.8,0.15,11627.66,UPI,Completed,2025-01
ORD100058,2025-08-14,CUST10503,West,Mobile App,Home & Kitchen,Coffee Maker,2,2257.81,0.1,4064.06,UPI,Completed,2025-08
ORD100059,2025-11-20,CUST10829,East,Mobile App,Electronics,Smartwatch,1,36534.42,0.1,32880.98,Net Banking,Completed,2025-11
ORD100060,2025-01-21,CUST10813,West,Website,Electronics,Smartphone,1,1934.34,0.1,1740.91,Debit Card,Completed,2025-01
ORD100061,2025-01-06,CUST10745,West,Website,Furniture,Office Chair,2,2567.47,0.1,0.0,Credit Card,Returned,2025-01
ORD100062,2025-01-28,CUST10608,West,Website,Beauty,Sunscreen,2,798.98,0.15,1358.27,Unknown,Completed,2025-01
ORD100063,2025-03-18,CUST10473,North,Website,Fashion,Jacket,5,1964.04,0.2,0.0,Net Banking,Returned,2025-03
ORD100064,2025-08-26,CUST10276,South,Website,Electronics,Smartwatch,3,6129.9,0.1,16550.73,Credit Card,Completed,2025-08
ORD100065,2025-03-08,CUST10817,North,Website,Home & Kitchen,Mixer Grinder,2,4699.89,0.1,8459.8,Debit Card,Completed,2025-03
ORD100066,2025-04-09,CUST10670,West,Mobile App,Home & Kitchen,Mixer Grinder,2,8335.36,0.0,16670.72,UPI,Completed,2025-04
ORD100067,2025-07-16,CUST10305,West,Mobile App,Beauty,Shampoo,3,1134.2,0.2,2722.08,Net Banking,Completed,2025-07
ORD100068,2025-02-13,CUST10353,South,Mobile App,Beauty,Moisturizer,1,825.03,0.2,660.02,UPI,Completed,2025-02
ORD100069,2025-03-06,CUST10305,North,Website,Electronics,Laptop,1,3507.21,0.15,2981.13,Cash on Delivery,Completed,2025-03
ORD100070,2025-06-01,CUST10464,West,Mobile App,Home & Kitchen,Mixer Grinder,2,3299.63,0.15,0.0,Cash on Delivery,Cancelled,2025-06
ORD100071,2025-09-21,CUST10867,West,Marketplace,Home & Kitchen,Coffee Maker,2,2922.13,0.1,5259.83,Credit Card,Completed,2025-09
ORD100072,2025-06-02,CUST10458,Central,Website,Beauty,Sunscreen,2,705.89,0.05,1341.19,UPI,Completed,2025-06
ORD100073,2025-10-11,CUST10441,Central,Mobile App,Beauty,Sunscreen,1,2694.91,0.0,2694.91,Cash on Delivery,Completed,2025-10
ORD100074,2025-07-17,CUST10687,Central,Marketplace,Beauty,Face Wash,1,289.27,0.0,289.27,Credit Card,Completed,2025-07
ORD100075,2025-09-18,CUST10697,West,Mobile App,Fashion,Jeans,1,782.7,0.15,665.3,Net Banking,Completed,2025-09
ORD100076,2025-06-11,CUST10374,East,Mobile App,Electronics,Laptop,1,47271.0,0.15,40180.35,Credit Card,Completed,2025-06
ORD100077,2025-11-08,CUST10314,West,Website,Furniture,Sofa,1,4068.79,0.2,3255.03,UPI,Completed,2025-11
ORD100078,2025-09-05,CUST10108,South,Mobile App,Electronics,Headphones,5,3338.11,0.1,15021.49,Net Banking,Completed,2025-09
ORD100079,2025-07-29,CUST10898,West,Mobile App,Electronics,Monitor,4,8104.56,0.05,30797.33,UPI,Completed,2025-07
ORD100080,2025-01-31,CUST10867,North,Website,Electronics,Smartphone,2,4108.14,0.1,0.0,UPI,Returned,2025-01
ORD100081,2025-10-02,CUST10487,South,Marketplace,Furniture,Bookshelf,1,26722.14,0.1,24049.93,Debit Card,Completed,2025-10
ORD100082,2025-03-20,CUST10055,East,Website,Furniture,Bedside Table,1,2854.99,0.2,2283.99,Debit Card,Completed,2025-03
ORD100083,2025-07-24,CUST10713,West,Mobile App,Home & Kitchen,Mixer Grinder,5,6257.46,0.2,0.0,UPI,Cancelled,2025-07
ORD100084,2025-04-08,CUST10126,North,Mobile App,Fashion,Backpack,2,6160.21,0.1,11088.38,Credit Card,Completed,2025-04
ORD100085,2025-01-14,CUST10864,North,Website,Beauty,Perfume,1,977.38,0.1,879.64,Debit Card,Completed,2025-01
ORD100086,2025-01-18,CUST10208,North,Website,Electronics,Smartphone,2,2248.49,0.1,4047.28,Credit Card,Completed,2025-01
ORD100087,2025-06-02,CUST10002,North,Marketplace,Electronics,Smartwatch,2,7843.09,0.1,14117.56,Credit Card,Completed,2025-06
ORD100088,2025-07-21,CUST10670,West,Website,Fashion,Backpack,1,1579.6,0.15,1342.66,Debit Card,Completed,2025-07
ORD100089,2025-05-01,CUST10838,North,Mobile App,Home & Kitchen,Mixer Grinder,1,816.4,0.05,0.0,UPI,Cancelled,2025-05
ORD100090,2025-02-02,CUST10619,North,Website,Electronics,Laptop,2,2620.52,0.1,4716.94,Credit Card,Completed,2025-02
ORD100091,2025-11-07,CUST10005,West,Mobile App,Furniture,Bookshelf,3,22794.3,0.05,0.0,Credit Card,Cancelled,2025-11
ORD100092,2025-07-23,CUST10267,East,Marketplace,Furniture,Study Table,3,4630.46,0.15,11807.67,Debit Card,Completed,2025-07
ORD100093,2025-03-20,CUST10373,South,Website,Furniture,Bookshelf,1,1904.6,0.05,1809.37,Credit Card,Completed,2025-03
ORD100094,2025-11-05,CUST10055,West,Website,Fashion,Sneakers,2,573.74,0.05,1090.11,Cash on Delivery,Completed,2025-11
ORD100095,2025-03-05,CUST10457,Central,Website,Fashion,Backpack,5,2132.01,0.05,0.0,Credit Card,Cancelled,2025-03
ORD100096,2025-02-03,CUST10880,East,Mobile App,Beauty,Shampoo,1,1484.19,0.05,1409.98,Debit Card,Completed,2025-02
ORD100097,2025-11-02,CUST10017,East,Website,Electronics,Monitor,1,13409.77,0.1,12068.79,Net Banking,Completed,2025-11
ORD100098,2025-10-02,CUST10032,West,Mobile App,Fashion,Jeans,5,1328.1,0.1,5976.45,UPI,Completed,2025-10
ORD100099,2025-10-18,CUST10469,South,Website,Home & Kitchen,Vacuum Cleaner,1,6421.81,0.05,0.0,Cash on Delivery,Returned,2025-10
ORD100100,2025-04-07,CUST10582,North,Marketplace,Electronics,Monitor,1,7188.61,0.15,6110.32,Cash on Delivery,Completed,2025-04
ORD100101,2025-05-19,CUST10466,West,Mobile App,Furniture,Office Chair,2,2455.27,0.2,3928.43,Net Banking,Completed,2025-05
ORD100102,2025-11-11,CUST10839,North,Website,Fashion,Backpack,1,6595.89,0.1,5936.3,UPI,Completed,2025-11
ORD100103,2025-11-20,CUST10356,South,Mobile App,Fashion,T-Shirt,1,2239.18,0.2,1791.34,UPI,Completed,2025-11
ORD100104,2025-01-25,CUST10655,South,Website,Electronics,Monitor,1,18584.98,0.1,0.0,Credit Card,Returned,2025-01
ORD100105,2025-03-30,CUST10090,West,Marketplace,Electronics,Monitor,1,2046.75,0.1,1842.08,Debit Card,Completed,2025-03
ORD100106,2025-06-15,CUST10122,North,Mobile App,Home & Kitchen,Mixer Grinder,2,3498.23,0.0,6996.46,Cash on Delivery,Completed,2025-06
ORD100107,2025-04-18,CUST10689,West,Marketplace,Home & Kitchen,Coffee Maker,5,15452.3,0.0,77261.5,Cash on Delivery,Completed,2025-04
ORD100108,2025-12-10,CUST10409,East,Website,Home & Kitchen,Coffee Maker,2,4073.11,0.05,7738.91,Net Banking,Completed,2025-12
ORD100109,2025-02-28,CUST10767,East,Mobile App,Electronics,Headphones,1,5393.81,0.15,4584.74,Debit Card,Completed,2025-02
ORD100110,2025-01-16,CUST10586,Central,Website,Home & Kitchen,Air Fryer,1,1652.51,0.2,1322.01,Cash on Delivery,Completed,2025-01
ORD100111,2025-05-31,CUST10405,South,Mobile App,Electronics,Smartphone,3,4036.63,0.1,10898.9,Net Banking,Completed,2025-05
ORD100112,2025-05-02,CUST10354,North,Marketplace,Home & Kitchen,Mixer Grinder,3,3759.16,0.1,10149.73,Cash on Delivery,Completed,2025-05
ORD100113,2025-07-15,CUST10392,North,Website,Beauty,Face Wash,2,4345.99,0.05,8257.38,Cash on Delivery,Completed,2025-07
ORD100114,2025-12-17,CUST10874,South,Website,Home & Kitchen,Air Fryer,4,1988.45,0.15,6760.73,Credit Card,Completed,2025-12
ORD100115,2025-05-27,CUST10479,North,Marketplace,Furniture,Sofa,2,7234.48,0.05,0.0,Net Banking,Cancelled,2025-05
ORD100116,2025-09-06,CUST10190,North,Website,Home & Kitchen,Vacuum Cleaner,2,8015.15,0.15,13625.75,Net Banking,Completed,2025-09
ORD100117,2025-12-04,CUST10395,East,Website,Furniture,Sofa,1,2164.01,0.1,1947.61,Cash on Delivery,Completed,2025-12
ORD100118,2025-06-08,CUST10593,East,Website,Electronics,Smartwatch,1,22341.02,0.1,20106.92,Cash on Delivery,Completed,2025-06
ORD100119,2025-08-07,CUST10426,Central,Website,Electronics,Smartphone,2,37955.06,0.0,75910.12,Credit Card,Completed,2025-08
ORD100120,2025-04-16,CUST10662,West,Marketplace,Beauty,Shampoo,2,618.69,0.2,989.9,UPI,Completed,2025-04
ORD100121,2025-09-27,CUST10363,East,Mobile App,Home & Kitchen,Cookware Set,4,2731.4,0.15,9286.76,UPI,Completed,2025-09
ORD100122,2025-09-12,CUST10799,South,Website,Furniture,Office Chair,2,12592.18,0.15,21406.71,Credit Card,Completed,2025-09
ORD100123,2025-04-30,CUST10179,West,Marketplace,Beauty,Face Wash,2,368.34,0.05,699.85,Debit Card,Completed,2025-04
ORD100124,2025-04-13,CUST10671,West,Marketplace,Home & Kitchen,Coffee Maker,2,6826.24,0.25,10239.36,Credit Card,Completed,2025-04
ORD100125,2025-04-04,CUST10563,South,Marketplace,Home & Kitchen,Coffee Maker,2,754.84,0.1,1358.71,UPI,Completed,2025-04
ORD100126,2025-12-18,CUST10732,South,Marketplace,Fashion,T-Shirt,1,1900.88,0.1,1710.79,Net Banking,Completed,2025-12
ORD100127,2025-05-02,CUST10220,Central,Marketplace,Beauty,Face Wash,5,2329.14,0.15,9898.84,Net Banking,Completed,2025-05
ORD100128,2025-02-08,CUST10258,South,Website,Furniture,Bookshelf,1,3868.43,0.15,3288.17,UPI,Completed,2025-02
ORD100129,2025-03-21,CUST10735,West,Website,Fashion,Jeans,1,3921.0,0.2,3136.8,Credit Card,Completed,2025-03
ORD100130,2025-09-13,CUST10790,North,Website,Fashion,Backpack,1,621.5,0.1,559.35,Cash on Delivery,Completed,2025-09
ORD100131,2025-12-07,CUST10883,North,Website,Home & Kitchen,Coffee Maker,1,12384.82,0.15,10527.1,Net Banking,Completed,2025-12
ORD100132,2025-09-17,CUST10022,North,Mobile App,Beauty,Face Wash,2,1952.8,0.15,0.0,UPI,Returned,2025-09
ORD100133,2025-12-31,CUST10465,North,Mobile App,Electronics,Laptop,1,6920.56,0.1,6228.5,Cash on Delivery,Completed,2025-12
ORD100134,2025-05-15,CUST10644,South,Mobile App,Fashion,Jeans,3,1318.23,0.1,3559.22,Net Banking,Completed,2025-05
ORD100135,2025-10-20,CUST10443,Central,Website,Electronics,Monitor,1,1774.75,0.1,1597.28,Net Banking,Completed,2025-10
ORD100136,2025-07-06,CUST10024,North,Mobile App,Electronics,Smartphone,1,16110.58,0.2,12888.46,Net Banking,Completed,2025-07
ORD100137,2025-02-23,CUST10775,West,Mobile App,Electronics,Smartphone,1,5151.93,0.15,4379.14,Net Banking,Completed,2025-02
ORD100138,2025-04-30,CUST10866,East,Mobile App,Fashion,Jacket,1,749.07,0.05,711.62,UPI,Completed,2025-04
ORD100139,2025-02-13,CUST10078,North,Website,Fashion,Jacket,1,6810.05,0.05,6469.55,Net Banking,Completed,2025-02
ORD100140,2025-03-07,CUST10852,South,Marketplace,Furniture,Study Table,3,3185.0,0.05,9077.25,Cash on Delivery,Completed,2025-03
ORD100141,2025-04-16,CUST10662,East,Mobile App,Home & Kitchen,Mixer Grinder,2,763.09,0.0,1526.18,Net Banking,Completed,2025-04
ORD100142,2025-05-16,CUST10120,South,Website,Furniture,Bookshelf,3,9518.63,0.1,25700.3,UPI,Completed,2025-05
ORD100143,2025-07-10,CUST10284,East,Mobile App,Electronics,Monitor,1,2301.38,0.2,1841.1,Credit Card,Completed,2025-07
ORD100144,2025-10-12,CUST10418,Central,Mobile App,Electronics,Monitor,4,1170.86,0.05,4449.27,UPI,Completed,2025-10
ORD100145,2025-03-13,CUST10612,North,Website,Home & Kitchen,Coffee Maker,1,1240.18,0.05,1178.17,Credit Card,Completed,2025-03
ORD100146,2025-03-07,CUST10030,South,Website,Home & Kitchen,Vacuum Cleaner,1,5081.46,0.05,0.0,Debit Card,Cancelled,2025-03
ORD100147,2025-12-06,CUST10090,North,Website,Fashion,Sneakers,1,4587.79,0.15,3899.62,UPI,Completed,2025-12
ORD100148,2025-09-10,CUST10833,Central,Website,Furniture,Sofa,1,30052.64,0.1,27047.38,UPI,Completed,2025-09
ORD100149,2025-03-04,CUST10881,South,Mobile App,Beauty,Face Wash,1,822.49,0.15,699.12,Cash on Delivery,Completed,2025-03
ORD100150,2025-08-27,CUST10721,North,Website,Home & Kitchen,Vacuum Cleaner,2,2243.31,0.1,4037.96,Net Banking,Completed,2025-08
ORD100151,2025-08-20,CUST10835,Central,Website,Home & Kitchen,Cookware Set,1,4425.72,0.1,3983.15,Debit Card,Completed,2025-08
ORD100152,2025-05-08,CUST10777,South,Website,Furniture,Sofa,1,2946.41,0.15,2504.45,Debit Card,Completed,2025-05
ORD100153,2025-03-20,CUST10507,West,Website,Fashion,Backpack,4,2211.28,0.15,7518.35,Unknown,Completed,2025-03
ORD100154,2025-08-28,CUST10075,South,Marketplace,Beauty,Perfume,1,280.6,0.15,238.51,UPI,Completed,2025-08
ORD100155,2025-01-10,CUST10670,West,Mobile App,Home & Kitchen,Vacuum Cleaner,1,9003.5,0.1,8103.15,UPI,Completed,2025-01
ORD100156,2025-12-27,CUST10070,East,Website,Home & Kitchen,Cookware Set,3,3510.57,0.1,0.0,Credit Card,Returned,2025-12
ORD100157,2025-12-18,CUST10771,North,Mobile App,Fashion,Backpack,1,534.24,0.2,427.39,Net Banking,Completed,2025-12
ORD100158,2025-03-31,CUST10200,Central,Mobile App,Furniture,Bedside Table,1,6215.82,0.0,6215.82,UPI,Completed,2025-03
ORD100159,2025-11-02,CUST10256,South,Marketplace,Electronics,Smartphone,2,6996.48,0.15,11894.02,Credit Card,Completed,2025-11
ORD100160,2025-08-17,CUST10517,South,Mobile App,Fashion,Jeans,1,1783.35,0.05,1694.18,Credit Card,Completed,2025-08
ORD100161,2025-03-10,CUST10310,North,Marketplace,Furniture,Bookshelf,3,32441.2,0.0,97323.6,UPI,Completed,2025-03
ORD100162,2025-12-28,CUST10595,East,Mobile App,Beauty,Moisturizer,1,1240.14,0.25,0.0,UPI,Returned,2025-12
ORD100163,2025-01-15,CUST10636,South,Marketplace,Home & Kitchen,Air Fryer,4,10619.03,0.0,42476.12,Credit Card,Completed,2025-01
ORD100164,2025-01-02,CUST10155,North,Mobile App,Beauty,Face Wash,2,821.77,0.1,1479.19,Cash on Delivery,Completed,2025-01
ORD100165,2025-12-20,CUST10280,North,Website,Home & Kitchen,Coffee Maker,1,11698.94,0.15,9944.1,Cash on Delivery,Completed,2025-12
ORD100166,2025-02-16,CUST10194,West,Marketplace,Beauty,Sunscreen,3,1281.98,0.1,0.0,Credit Card,Cancelled,2025-02
ORD100167,2025-12-21,CUST10635,South,Mobile App,Furniture,Office Chair,1,5752.34,0.0,5752.34,UPI,Completed,2025-12
ORD100168,2025-07-27,CUST10737,South,Marketplace,Fashion,Backpack,1,627.87,0.05,0.0,UPI,Returned,2025-07
ORD100169,2025-03-21,CUST10465,Central,Marketplace,Home & Kitchen,Cookware Set,1,1152.67,0.0,1152.67,Debit Card,Completed,2025-03
ORD100170,2025-02-24,CUST10563,Central,Mobile App,Furniture,Bedside Table,1,19366.94,0.15,16461.9,UPI,Completed,2025-02
ORD100171,2025-12-13,CUST10314,North,Website,Electronics,Smartwatch,4,4796.31,0.15,16307.45,UPI,Completed,2025-12
ORD100172,2025-06-04,CUST10644,South,Mobile App,Electronics,Monitor,1,2474.17,0.15,2103.04,UPI,Completed,2025-06
ORD100173,2025-12-08,CUST10170,North,Mobile App,Fashion,Backpack,2,1395.9,0.25,2093.85,UPI,Completed,2025-12
ORD100174,2025-07-07,CUST10016,South,Website,Furniture,Study Table,1,11940.43,0.0,0.0,UPI,Returned,2025-07
ORD100175,2025-06-21,CUST10808,South,Website,Furniture,Bookshelf,2,18314.6,0.1,32966.28,Net Banking,Completed,2025-06
ORD100176,2025-03-12,CUST10567,East,Website,Beauty,Moisturizer,2,4443.17,0.1,7997.71,UPI,Completed,2025-03
ORD100177,2025-10-24,CUST10456,West,Mobile App,Home & Kitchen,Cookware Set,2,1071.64,0.05,2036.12,Credit Card,Completed,2025-10
ORD100178,2025-02-11,CUST10296,Central,Website,Fashion,Jacket,4,622.32,0.05,2364.82,Credit Card,Completed,2025-02
ORD100179,2025-07-13,CUST10795,West,Mobile App,Electronics,Monitor,1,7467.44,0.05,7094.07,Credit Card,Completed,2025-07
ORD100180,2025-04-01,CUST10099,North,Mobile App,Home & Kitchen,Coffee Maker,1,3338.61,0.15,2837.82,UPI,Completed,2025-04
ORD100181,2025-10-25,CUST10404,West,Website,Home & Kitchen,Air Fryer,1,3193.98,0.1,2874.58,Debit Card,Completed,2025-10
ORD100182,2025-11-29,CUST10486,South,Website,Fashion,Jacket,1,952.04,0.1,856.84,Credit Card,Completed,2025-11
ORD100183,2025-10-06,CUST10838,South,Mobile App,Electronics,Smartphone,5,13573.64,0.2,0.0,Net Banking,Cancelled,2025-10
ORD100184,2025-07-04,CUST10688,South,Website,Fashion,Backpack,1,1646.31,0.1,1481.68,Credit Card,Completed,2025-07
ORD100185,2025-07-21,CUST10753,North,Website,Fashion,Jeans,3,6897.07,0.2,0.0,Net Banking,Cancelled,2025-07
ORD100186,2025-02-28,CUST10194,South,Website,Home & Kitchen,Coffee Maker,4,2143.39,0.1,7716.2,UPI,Completed,2025-02
ORD100187,2025-03-03,CUST10176,North,Marketplace,Home & Kitchen,Air Fryer,3,6395.75,0.05,18227.89,UPI,Completed,2025-03
ORD100188,2025-03-24,CUST10308,South,Marketplace,Beauty,Face Wash,2,2868.1,0.05,5449.39,Credit Card,Completed,2025-03
ORD100189,2025-12-19,CUST10239,South,Mobile App,Furniture,Bedside Table,3,17783.96,0.1,48016.69,Debit Card,Completed,2025-12
ORD100190,2025-11-03,CUST10691,North,Mobile App,Home & Kitchen,Air Fryer,1,1375.34,0.1,1237.81,Cash on Delivery,Completed,2025-11
ORD100191,2025-02-02,CUST10356,West,Website,Electronics,Smartwatch,1,5519.15,0.1,4967.23,Credit Card,Completed,2025-02
ORD100192,2025-07-12,CUST10079,West,Marketplace,Fashion,Jeans,1,5621.02,0.05,5339.97,UPI,Completed,2025-07
ORD100193,2025-10-03,CUST10089,South,Website,Beauty,Sunscreen,1,594.97,0.15,0.0,Credit Card,Cancelled,2025-10
ORD100194,2025-07-16,CUST10363,South,Website,Beauty,Face Wash,1,4225.23,0.1,3802.71,Debit Card,Completed,2025-07
ORD100195,2025-11-06,CUST10360,North,Website,Fashion,T-Shirt,3,731.58,0.2,1755.79,UPI,Completed,2025-11
ORD100196,2025-04-01,CUST10110,South,Website,Beauty,Moisturizer,1,1596.5,0.15,1357.02,Net Banking,Completed,2025-04
ORD100197,2025-10-13,CUST10845,West,Mobile App,Electronics,Smartwatch,2,24255.63,0.2,38809.01,Net Banking,Completed,2025-10
ORD100198,2025-08-15,CUST10865,North,Website,Home & Kitchen,Coffee Maker,2,4642.25,0.1,8356.05,UPI,Completed,2025-08
ORD100199,2025-11-30,CUST10223,West,Mobile App,Fashion,Backpack,1,3895.51,0.25,2921.63,UPI,Completed,2025-11
ORD100200,2025-10-25,CUST10555,Central,Website,Beauty,Shampoo,1,4803.67,0.0,4803.67,UPI,Completed,2025-10
ORD100201,2025-11-16,CUST10256,West,Website,Electronics,Headphones,3,3412.12,0.15,8700.91,Cash on Delivery,Completed,2025-11
ORD100202,2025-03-27,CUST10427,East,Marketplace,Fashion,T-Shirt,1,3069.03,0.1,2762.13,Credit Card,Completed,2025-03
ORD100203,2025-01-21,CUST10314,West,Website,Furniture,Study Table,4,2093.38,0.15,7117.49,UPI,Completed,2025-01
ORD100204,2025-07-11,CUST10367,West,Marketplace,Beauty,Moisturizer,2,2581.03,0.05,4903.96,Credit Card,Completed,2025-07
ORD100205,2025-01-10,CUST10863,West,Mobile App,Home & Kitchen,Vacuum Cleaner,2,3284.96,0.1,5912.93,UPI,Completed,2025-01
ORD100206,2025-04-24,CUST10611,Central,Marketplace,Home & Kitchen,Air Fryer,2,1106.55,0.25,0.0,Debit Card,Cancelled,2025-04
ORD100207,2025-12-03,CUST10299,North,Website,Beauty,Face Wash,1,309.53,0.25,232.15,Credit Card,Completed,2025-12
ORD100208,2025-01-11,CUST10845,West,Mobile App,Electronics,Smartwatch,2,44539.05,0.15,75716.39,Net Banking,Completed,2025-01
ORD100209,2025-09-18,CUST10403,South,Mobile App,Furniture,Office Chair,3,3901.81,0.05,11120.16,Credit Card,Completed,2025-09
ORD100210,2025-10-19,CUST10408,South,Mobile App,Beauty,Moisturizer,1,2473.2,0.1,2225.88,Net Banking,Completed,2025-10
ORD100211,2025-09-09,CUST10819,South,Mobile App,Fashion,Jeans,2,2371.69,0.15,4031.87,Debit Card,Completed,2025-09
ORD100212,2025-12-04,CUST10897,West,Mobile App,Electronics,Smartwatch,1,6494.4,0.1,5844.96,UPI,Completed,2025-12
ORD100213,2025-03-23,CUST10397,West,Website,Home & Kitchen,Vacuum Cleaner,2,8268.47,0.1,14883.25,Net Banking,Completed,2025-03
ORD100214,2025-01-31,CUST10602,Central,Mobile App,Fashion,T-Shirt,2,3302.32,0.0,6604.64,UPI,Completed,2025-01
ORD100215,2025-06-25,CUST10830,South,Mobile App,Furniture,Bookshelf,1,3078.9,0.05,2924.95,Cash on Delivery,Completed,2025-06
ORD100216,2025-08-03,CUST10871,South,Mobile App,Electronics,Laptop,1,11196.35,0.05,0.0,UPI,Cancelled,2025-08
ORD100217,2025-03-03,CUST10564,South,Mobile App,Furniture,Office Chair,3,3569.2,0.2,8566.08,UPI,Completed,2025-03
ORD100218,2025-02-27,CUST10676,West,Marketplace,Fashion,Jacket,1,819.14,0.05,778.18,Debit Card,Completed,2025-02
ORD100219,2025-12-29,CUST10892,East,Mobile App,Electronics,Laptop,4,2217.29,0.1,7982.24,Net Banking,Completed,2025-12
ORD100220,2025-03-24,CUST10574,South,Marketplace,Home & Kitchen,Coffee Maker,4,9355.12,0.05,35549.46,Cash on Delivery,Completed,2025-03
ORD100221,2025-07-19,CUST10505,East,Mobile App,Electronics,Headphones,2,3934.88,0.1,7082.78,UPI,Completed,2025-07
ORD100222,2025-06-06,CUST10101,West,Mobile App,Electronics,Monitor,3,10431.33,0.0,31293.99,Debit Card,Completed,2025-06
ORD100223,2025-03-06,CUST10591,South,Website,Home & Kitchen,Mixer Grinder,2,751.16,0.2,1201.86,Credit Card,Completed,2025-03
ORD100224,2025-07-09,CUST10535,South,Mobile App,Fashion,T-Shirt,3,5154.16,0.0,15462.48,Credit Card,Completed,2025-07
ORD100225,2025-11-26,CUST10495,North,Website,Home & Kitchen,Vacuum Cleaner,2,4902.24,0.25,7353.36,UPI,Completed,2025-11
ORD100226,2025-07-24,CUST10293,South,Website,Home & Kitchen,Coffee Maker,1,2196.74,0.15,1867.23,Debit Card,Completed,2025-07
ORD100227,2025-06-10,CUST10580,East,Mobile App,Furniture,Sofa,2,2442.07,0.1,4395.73,Net Banking,Completed,2025-06
ORD100228,2025-09-11,CUST10393,North,Website,Home & Kitchen,Mixer Grinder,1,1242.31,0.2,0.0,UPI,Cancelled,2025-09
ORD100229,2025-03-15,CUST10837,North,Marketplace,Fashion,T-Shirt,1,3552.4,0.25,0.0,Cash on Delivery,Cancelled,2025-03
ORD100230,2025-03-26,CUST10452,East,Website,Beauty,Sunscreen,2,1576.63,0.1,2837.93,Net Banking,Completed,2025-03
ORD100231,2025-02-26,CUST10666,North,Mobile App,Fashion,Jeans,1,1721.07,0.1,0.0,Net Banking,Returned,2025-02
ORD100232,2025-02-17,CUST10853,South,Website,Fashion,Jacket,1,5938.93,0.15,5048.09,Credit Card,Completed,2025-02
ORD100233,2025-11-10,CUST10341,West,Website,Fashion,Jeans,4,836.82,0.15,0.0,UPI,Returned,2025-11
ORD100234,2025-07-17,CUST10461,North,Mobile App,Electronics,Smartwatch,1,7365.78,0.15,6260.91,Debit Card,Completed,2025-07
ORD100235,2025-05-03,CUST10762,East,Marketplace,Electronics,Laptop,4,16006.67,0.0,0.0,UPI,Cancelled,2025-05
ORD100236,2025-09-09,CUST10622,North,Website,Furniture,Bookshelf,1,4213.41,0.05,4002.74,UPI,Completed,2025-09
ORD100237,2025-06-01,CUST10470,South,Website,Furniture,Sofa,1,12436.84,0.0,12436.84,UPI,Completed,2025-06
ORD100238,2025-06-15,CUST10570,South,Website,Home & Kitchen,Mixer Grinder,1,3918.43,0.15,3330.67,Net Banking,Completed,2025-06
ORD100239,2025-07-08,CUST10311,South,Website,Fashion,Jacket,4,426.33,0.15,1449.52,Net Banking,Completed,2025-07
ORD100240,2025-11-26,CUST10483,West,Mobile App,Home & Kitchen,Coffee Maker,5,803.18,0.1,3614.31,Cash on Delivery,Completed,2025-11
ORD100241,2025-02-23,CUST10303,Central,Website,Fashion,Backpack,3,1010.84,0.1,0.0,UPI,Returned,2025-02
ORD100242,2025-04-17,CUST10008,North,Website,Furniture,Study Table,1,8033.56,0.0,8033.56,Cash on Delivery,Completed,2025-04
ORD100243,2025-12-06,CUST10453,Central,Website,Fashion,Jacket,3,1442.96,0.05,4112.44,UPI,Completed,2025-12
ORD100244,2025-11-11,CUST10643,East,Marketplace,Home & Kitchen,Cookware Set,1,774.3,0.1,696.87,Credit Card,Completed,2025-11
ORD100245,2025-09-06,CUST10164,West,Website,Furniture,Study Table,1,15101.46,0.1,13591.31,Debit Card,Completed,2025-09
ORD100246,2025-02-06,CUST10858,East,Website,Beauty,Moisturizer,1,280.97,0.1,252.87,Cash on Delivery,Completed,2025-02
ORD100247,2025-03-29,CUST10673,North,Marketplace,Fashion,Jeans,2,3055.37,0.15,0.0,Cash on Delivery,Returned,2025-03
ORD100248,2025-06-28,CUST10545,North,Mobile App,Home & Kitchen,Vacuum Cleaner,1,5124.95,0.0,0.0,UPI,Cancelled,2025-06
ORD100249,2025-04-07,CUST10036,North,Website,Home & Kitchen,Mixer Grinder,1,1733.95,0.05,1647.25,Debit Card,Completed,2025-04
ORD100250,2025-06-02,CUST10317,South,Website,Home & Kitchen,Cookware Set,1,1349.32,0.15,0.0,Credit Card,Returned,2025-06
ORD100251,2025-12-05,CUST10454,East,Website,Electronics,Smartphone,3,37664.89,0.2,90395.74,Net Banking,Completed,2025-12
ORD100252,2025-02-14,CUST10249,West,Website,Fashion,Backpack,1,6886.12,0.15,5853.2,Cash on Delivery,Completed,2025-02
ORD100253,2025-08-28,CUST10031,West,Mobile App,Electronics,Smartwatch,3,1387.58,0.05,3954.6,UPI,Completed,2025-08
ORD100254,2025-11-07,CUST10826,South,Website,Electronics,Smartphone,1,43998.01,0.05,0.0,UPI,Cancelled,2025-11
ORD100255,2025-06-05,CUST10296,East,Website,Fashion,Jacket,2,617.67,0.1,1111.81,Debit Card,Completed,2025-06
ORD100256,2025-07-21,CUST10834,West,Website,Furniture,Office Chair,3,31790.85,0.2,76298.04,Cash on Delivery,Completed,2025-07
ORD100257,2025-07-12,CUST10153,West,Mobile App,Furniture,Sofa,4,2533.52,0.1,9120.67,Debit Card,Completed,2025-07
ORD100258,2025-04-05,CUST10360,East,Marketplace,Electronics,Smartphone,2,2824.13,0.15,4801.02,Credit Card,Completed,2025-04
ORD100259,2025-12-09,CUST10806,North,Website,Home & Kitchen,Mixer Grinder,2,2946.59,0.05,5598.52,UPI,Completed,2025-12
ORD100260,2025-09-21,CUST10590,South,Marketplace,Beauty,Sunscreen,4,325.18,0.0,0.0,UPI,Cancelled,2025-09
ORD100261,2025-12-12,CUST10284,South,Mobile App,Home & Kitchen,Vacuum Cleaner,1,12940.89,0.05,12293.85,UPI,Completed,2025-12
ORD100262,2025-08-12,CUST10362,North,Mobile App,Electronics,Smartphone,2,1364.08,0.2,2182.53,Debit Card,Completed,2025-08
ORD100263,2025-11-16,CUST10123,South,Website,Furniture,Bookshelf,1,2154.83,0.1,1939.35,UPI,Completed,2025-11
ORD100264,2025-08-31,CUST10016,North,Website,Home & Kitchen,Cookware Set,1,2148.57,0.1,1933.71,UPI,Completed,2025-08
ORD100265,2025-05-19,CUST10529,Central,Mobile App,Home & Kitchen,Coffee Maker,3,847.04,0.1,2287.01,Cash on Delivery,Completed,2025-05
ORD100266,2025-07-16,CUST10751,South,Website,Beauty,Sunscreen,1,2375.14,0.1,2137.63,UPI,Completed,2025-07
ORD100267,2025-11-14,CUST10567,East,Mobile App,Furniture,Bedside Table,3,2005.5,0.1,5414.85,Net Banking,Completed,2025-11
ORD100268,2025-02-26,CUST10446,East,Mobile App,Beauty,Moisturizer,1,2058.62,0.05,1955.69,Credit Card,Completed,2025-02
ORD100269,2025-11-21,CUST10688,North,Website,Fashion,Sneakers,2,2295.95,0.1,4132.71,Cash on Delivery,Completed,2025-11
ORD100270,2025-09-11,CUST10217,West,Website,Electronics,Laptop,2,59821.46,0.15,101696.48,Credit Card,Completed,2025-09
ORD100271,2025-06-27,CUST10393,South,Mobile App,Beauty,Moisturizer,2,3684.86,0.25,5527.29,UPI,Completed,2025-06
ORD100272,2025-05-24,CUST10759,North,Website,Home & Kitchen,Cookware Set,1,8367.17,0.1,0.0,Debit Card,Cancelled,2025-05
ORD100273,2025-01-12,CUST10061,South,Website,Beauty,Perfume,5,467.52,0.05,2220.72,Debit Card,Completed,2025-01
ORD100274,2025-06-03,CUST10750,East,Website,Furniture,Bookshelf,1,6417.75,0.15,5455.09,Net Banking,Completed,2025-06
ORD100275,2025-05-15,CUST10511,North,Website,Furniture,Sofa,2,4231.78,0.15,7194.03,Credit Card,Completed,2025-05
ORD100276,2025-12-28,CUST10692,West,Website,Beauty,Moisturizer,1,3225.06,0.05,3063.81,Credit Card,Completed,2025-12
ORD100277,2025-06-05,CUST10716,South,Mobile App,Home & Kitchen,Coffee Maker,1,10388.09,0.0,10388.09,Cash on Delivery,Completed,2025-06
ORD100278,2025-02-05,CUST10386,West,Mobile App,Beauty,Shampoo,1,749.67,0.1,674.7,Debit Card,Completed,2025-02
ORD100279,2025-04-30,CUST10275,South,Website,Fashion,Sneakers,3,2241.39,0.05,6387.96,Credit Card,Completed,2025-04
ORD100280,2025-12-20,CUST10302,South,Website,Beauty,Moisturizer,1,2452.74,0.25,1839.55,Credit Card,Completed,2025-12
ORD100281,2025-10-01,CUST10065,East,Mobile App,Electronics,Headphones,1,12516.8,0.25,9387.6,Debit Card,Completed,2025-10
ORD100282,2025-05-25,CUST10184,North,Mobile App,Electronics,Monitor,3,25162.85,0.2,60390.84,UPI,Completed,2025-05
ORD100283,2025-04-01,CUST10501,South,Website,Furniture,Sofa,2,32457.89,0.1,58424.2,Cash on Delivery,Completed,2025-04
ORD100284,2025-12-02,CUST10677,North,Website,Furniture,Bookshelf,1,28558.57,0.05,27130.64,UPI,Completed,2025-12
ORD100285,2025-10-07,CUST10088,Central,Mobile App,Beauty,Face Wash,2,1658.47,0.15,2819.4,Credit Card,Completed,2025-10
ORD100286,2025-11-22,CUST10605,East,Website,Fashion,Sneakers,4,2149.67,0.15,7308.88,UPI,Completed,2025-11
ORD100287,2025-10-03,CUST10898,North,Website,Home & Kitchen,Cookware Set,2,4478.28,0.0,8956.56,UPI,Completed,2025-10
ORD100288,2025-11-07,CUST10023,East,Mobile App,Furniture,Bedside Table,2,18781.68,0.15,31928.86,UPI,Completed,2025-11
ORD100289,2025-08-10,CUST10092,South,Mobile App,Fashion,Backpack,2,518.13,0.15,880.82,Net Banking,Completed,2025-08
ORD100290,2025-01-06,CUST10333,West,Mobile App,Fashion,Jacket,1,1434.72,0.2,1147.78,UPI,Completed,2025-01
ORD100291,2025-07-09,CUST10332,North,Website,Home & Kitchen,Mixer Grinder,1,15014.31,0.1,13512.88,Credit Card,Completed,2025-07
ORD100292,2025-12-11,CUST10812,South,Marketplace,Electronics,Headphones,3,31339.59,0.0,94018.77,UPI,Completed,2025-12
ORD100293,2025-12-17,CUST10362,North,Marketplace,Electronics,Monitor,2,10351.91,0.05,19668.63,Unknown,Completed,2025-12
ORD100294,2025-09-05,CUST10594,North,Mobile App,Furniture,Bookshelf,3,4097.55,0.0,0.0,Cash on Delivery,Cancelled,2025-09
ORD100295,2025-12-09,CUST10480,East,Mobile App,Electronics,Smartphone,1,1380.66,0.05,1311.63,UPI,Completed,2025-12
ORD100296,2025-05-12,CUST10263,South,Mobile App,Electronics,Smartwatch,1,10871.04,0.1,9783.94,Credit Card,Completed,2025-05
ORD100297,2025-11-29,CUST10136,Central,Marketplace,Furniture,Office Chair,2,11337.43,0.15,19273.63,Net Banking,Completed,2025-11
ORD100298,2025-07-12,CUST10001,Central,Mobile App,Electronics,Laptop,1,950.73,0.1,855.66,Net Banking,Completed,2025-07
ORD100299,2025-06-09,CUST10306,South,Mobile App,Furniture,Bookshelf,4,3007.05,0.1,10825.38,Debit Card,Completed,2025-06
ORD100300,2025-07-20,CUST10230,South,Mobile App,Furniture,Sofa,1,14064.15,0.0,14064.15,Cash on Delivery,Completed,2025-07
ORD100301,2025-06-19,CUST10028,East,Mobile App,Beauty,Moisturizer,2,1526.48,0.1,2747.66,UPI,Completed,2025-06
ORD100302,2025-09-23,CUST10143,East,Marketplace,Electronics,Headphones,2,24934.13,0.2,39894.61,Credit Card,Completed,2025-09
ORD100303,2025-08-15,CUST10628,West,Website,Home & Kitchen,Mixer Grinder,1,10575.13,0.0,10575.13,Cash on Delivery,Completed,2025-08
ORD100304,2025-05-09,CUST10703,South,Website,Electronics,Laptop,1,5334.87,0.15,0.0,Credit Card,Cancelled,2025-05
ORD100305,2025-08-27,CUST10112,South,Marketplace,Beauty,Moisturizer,1,4208.88,0.25,3156.66,Credit Card,Completed,2025-08
ORD100306,2025-11-02,CUST10047,South,Mobile App,Fashion,Jeans,1,2320.24,0.05,2204.23,Credit Card,Completed,2025-11
ORD100307,2025-05-09,CUST10798,West,Mobile App,Home & Kitchen,Coffee Maker,1,3484.1,0.05,3309.89,Net Banking,Completed,2025-05
ORD100308,2025-07-23,CUST10643,Central,Marketplace,Beauty,Face Wash,1,4076.35,0.1,3668.72,Cash on Delivery,Completed,2025-07
ORD100309,2025-07-24,CUST10309,South,Website,Home & Kitchen,Vacuum Cleaner,2,12502.5,0.15,21254.25,Credit Card,Completed,2025-07
ORD100310,2025-03-09,CUST10259,South,Website,Furniture,Office Chair,1,15095.68,0.15,12831.33,Net Banking,Completed,2025-03
ORD100311,2025-11-11,CUST10262,Central,Mobile App,Home & Kitchen,Mixer Grinder,2,10929.22,0.25,16393.83,Net Banking,Completed,2025-11
ORD100312,2025-03-27,CUST10284,West,Mobile App,Beauty,Face Wash,1,1360.28,0.0,1360.28,Cash on Delivery,Completed,2025-03
ORD100313,2025-11-03,CUST10357,South,Website,Fashion,Sneakers,3,5185.41,0.0,15556.23,UPI,Completed,2025-11
ORD100314,2025-05-23,CUST10706,East,Mobile App,Furniture,Study Table,1,10123.96,0.1,9111.56,UPI,Completed,2025-05
ORD100315,2025-10-26,CUST10672,South,Marketplace,Fashion,Sneakers,1,2120.1,0.05,2014.09,Net Banking,Completed,2025-10
ORD100316,2025-05-12,CUST10447,West,Website,Home & Kitchen,Air Fryer,4,2414.39,0.2,0.0,UPI,Returned,2025-05
ORD100317,2025-11-16,CUST10150,West,Website,Electronics,Monitor,3,18932.62,0.1,51118.07,UPI,Completed,2025-11
ORD100318,2025-09-24,CUST10067,West,Mobile App,Beauty,Face Wash,1,416.51,0.15,0.0,Cash on Delivery,Returned,2025-09
ORD100319,2025-04-01,CUST10225,North,Marketplace,Home & Kitchen,Coffee Maker,2,17474.35,0.0,34948.7,Debit Card,Completed,2025-04
ORD100320,2025-07-08,CUST10144,West,Website,Furniture,Bookshelf,1,16219.29,0.15,13786.4,UPI,Completed,2025-07
ORD100321,2025-05-24,CUST10804,North,Website,Furniture,Bookshelf,1,4035.37,0.1,3631.83,UPI,Completed,2025-05
ORD100322,2025-01-21,CUST10427,West,Mobile App,Furniture,Sofa,3,3025.4,0.15,7714.77,Credit Card,Completed,2025-01
ORD100323,2025-10-13,CUST10186,North,Mobile App,Electronics,Monitor,1,22127.83,0.2,17702.26,Credit Card,Completed,2025-10
ORD100324,2025-07-27,CUST10552,West,Marketplace,Beauty,Shampoo,2,1205.32,0.15,0.0,UPI,Cancelled,2025-07
ORD100325,2025-02-06,CUST10285,North,Marketplace,Furniture,Bedside Table,2,21842.6,0.25,32763.9,UPI,Completed,2025-02
ORD100326,2025-04-20,CUST10475,Central,Website,Fashion,Backpack,1,2560.3,0.1,2304.27,UPI,Completed,2025-04
ORD100327,2025-02-19,CUST10106,North,Mobile App,Furniture,Study Table,1,14027.2,0.15,11923.12,Debit Card,Completed,2025-02
ORD100328,2025-07-31,CUST10476,South,Marketplace,Beauty,Perfume,2,4829.92,0.2,7727.87,Credit Card,Completed,2025-07
ORD100329,2025-08-17,CUST10318,West,Mobile App,Beauty,Moisturizer,2,300.4,0.15,510.68,Cash on Delivery,Completed,2025-08
ORD100330,2025-04-12,CUST10377,South,Mobile App,Home & Kitchen,Mixer Grinder,1,810.04,0.2,648.03,Credit Card,Completed,2025-04
ORD100331,2025-01-15,CUST10026,East,Website,Furniture,Study Table,1,27876.2,0.05,26482.39,UPI,Completed,2025-01
ORD100332,2025-08-11,CUST10117,Central,Marketplace,Electronics,Smartphone,1,2381.28,0.2,1905.02,UPI,Completed,2025-08
ORD100333,2025-03-23,CUST10407,South,Marketplace,Beauty,Moisturizer,2,1751.4,0.05,3327.66,UPI,Completed,2025-03
ORD100334,2025-08-12,CUST10529,West,Mobile App,Electronics,Smartphone,1,2272.55,0.15,1931.67,UPI,Completed,2025-08
ORD100335,2025-01-24,CUST10691,South,Website,Electronics,Smartphone,3,3719.74,0.15,0.0,UPI,Cancelled,2025-01
ORD100336,2025-06-19,CUST10374,South,Mobile App,Fashion,Jeans,1,1798.9,0.1,1619.01,UPI,Completed,2025-06
ORD100337,2025-06-01,CUST10112,South,Mobile App,Beauty,Face Wash,1,1608.7,0.1,1447.83,Cash on Delivery,Completed,2025-06
ORD100338,2025-06-08,CUST10176,North,Website,Home & Kitchen,Mixer Grinder,1,3900.64,0.0,3900.64,Debit Card,Completed,2025-06
ORD100339,2025-02-04,CUST10495,South,Mobile App,Home & Kitchen,Coffee Maker,1,14879.54,0.0,14879.54,Debit Card,Completed,2025-02
ORD100340,2025-03-12,CUST10782,Central,Mobile App,Electronics,Smartwatch,5,1330.81,0.25,4990.54,UPI,Completed,2025-03
ORD100341,2025-08-16,CUST10379,South,Marketplace,Furniture,Bedside Table,5,5544.82,0.15,0.0,Credit Card,Returned,2025-08
ORD100342,2025-08-05,CUST10298,Central,Mobile App,Electronics,Smartphone,1,9523.2,0.15,8094.72,UPI,Completed,2025-08
ORD100343,2025-02-26,CUST10220,West,Website,Beauty,Face Wash,5,255.67,0.05,1214.43,UPI,Completed,2025-02
ORD100344,2025-08-09,CUST10822,East,Mobile App,Electronics,Smartphone,1,19660.54,0.15,16711.46,UPI,Completed,2025-08
ORD100345,2025-07-25,CUST10794,West,Mobile App,Fashion,Sneakers,1,805.64,0.0,0.0,Debit Card,Returned,2025-07
ORD100346,2025-11-01,CUST10585,West,Website,Home & Kitchen,Air Fryer,1,2007.09,0.15,0.0,Debit Card,Returned,2025-11
ORD100347,2025-11-16,CUST10139,West,Website,Beauty,Perfume,2,684.83,0.05,1301.18,Cash on Delivery,Completed,2025-11
ORD100348,2025-04-29,CUST10305,Central,Mobile App,Home & Kitchen,Mixer Grinder,1,4788.21,0.05,4548.8,Cash on Delivery,Completed,2025-04
ORD100349,2025-04-27,CUST10256,East,Website,Beauty,Face Wash,2,367.04,0.2,587.26,UPI,Completed,2025-04
ORD100350,2025-05-27,CUST10647,East,Mobile App,Beauty,Face Wash,3,1571.3,0.05,4478.2,UPI,Completed,2025-05
ORD100351,2025-08-10,CUST10060,South,Website,Electronics,Monitor,1,13388.27,0.15,11380.03,UPI,Completed,2025-08
ORD100352,2025-02-21,CUST10558,East,Mobile App,Home & Kitchen,Coffee Maker,2,1384.71,0.25,2077.07,UPI,Completed,2025-02
ORD100353,2025-10-30,CUST10535,South,Mobile App,Fashion,Jeans,3,2164.88,0.0,6494.64,Credit Card,Completed,2025-10
ORD100354,2025-10-04,CUST10224,South,Marketplace,Fashion,Jacket,2,887.93,0.15,0.0,Net Banking,Cancelled,2025-10
ORD100355,2025-02-03,CUST10294,South,Website,Furniture,Bedside Table,1,9791.01,0.1,8811.91,UPI,Completed,2025-02
ORD100356,2025-05-23,CUST10135,West,Mobile App,Home & Kitchen,Mixer Grinder,3,862.97,0.05,2459.46,Debit Card,Completed,2025-05
ORD100357,2025-12-26,CUST10636,East,Website,Electronics,Smartwatch,2,4826.3,0.2,7722.08,Credit Card,Completed,2025-12
ORD100358,2025-06-12,CUST10440,West,Marketplace,Furniture,Study Table,2,27494.34,0.05,0.0,UPI,Cancelled,2025-06
ORD100359,2025-02-05,CUST10584,West,Mobile App,Beauty,Face Wash,2,393.78,0.05,748.18,UPI,Completed,2025-02
ORD100360,2025-03-26,CUST10129,South,Website,Furniture,Bedside Table,1,6762.64,0.1,6086.38,Cash on Delivery,Completed,2025-03
ORD100361,2025-09-25,CUST10404,North,Marketplace,Electronics,Smartphone,2,42034.94,0.2,67255.9,Net Banking,Completed,2025-09
ORD100362,2025-01-03,CUST10486,East,Website,Fashion,T-Shirt,1,2640.05,0.15,2244.04,Debit Card,Completed,2025-01
ORD100363,2025-04-26,CUST10185,South,Mobile App,Beauty,Perfume,3,3888.3,0.2,0.0,Cash on Delivery,Returned,2025-04
ORD100364,2025-02-17,CUST10049,North,Website,Furniture,Study Table,1,2980.51,0.25,2235.38,UPI,Completed,2025-02
ORD100365,2025-12-17,CUST10685,East,Mobile App,Fashion,Sneakers,2,682.54,0.2,1092.06,Debit Card,Completed,2025-12
ORD100366,2025-09-06,CUST10898,West,Mobile App,Home & Kitchen,Mixer Grinder,2,1174.93,0.15,1997.38,UPI,Completed,2025-09
ORD100367,2025-04-10,CUST10146,South,Website,Fashion,Jeans,1,694.99,0.1,625.49,UPI,Completed,2025-04
ORD100368,2025-08-16,CUST10515,Central,Mobile App,Fashion,Sneakers,1,452.33,0.15,384.48,Cash on Delivery,Completed,2025-08
ORD100369,2025-11-04,CUST10052,West,Website,Furniture,Bedside Table,1,34588.61,0.0,34588.61,Debit Card,Completed,2025-11
ORD100370,2025-05-29,CUST10727,West,Mobile App,Fashion,T-Shirt,1,400.95,0.15,340.81,Net Banking,Completed,2025-05
ORD100371,2025-02-15,CUST10168,South,Website,Home & Kitchen,Cookware Set,4,1928.49,0.25,0.0,Credit Card,Returned,2025-02
ORD100372,2025-12-11,CUST10268,West,Mobile App,Electronics,Smartwatch,1,2072.2,0.0,2072.2,UPI,Completed,2025-12
ORD100373,2025-12-27,CUST10605,West,Marketplace,Fashion,Jeans,1,4783.89,0.1,4305.5,UPI,Completed,2025-12
ORD100374,2025-01-14,CUST10132,Central,Website,Furniture,Bookshelf,1,2136.12,0.0,2136.12,UPI,Completed,2025-01
ORD100375,2025-11-12,CUST10129,South,Website,Electronics,Smartwatch,2,19891.44,0.15,33815.45,Credit Card,Completed,2025-11
ORD100376,2025-04-04,CUST10473,North,Website,Furniture,Sofa,3,27828.8,0.2,66789.12,Cash on Delivery,Completed,2025-04
ORD100377,2025-12-05,CUST10376,North,Website,Beauty,Moisturizer,1,716.99,0.15,609.44,Credit Card,Completed,2025-12
ORD100378,2025-12-22,CUST10486,North,Mobile App,Furniture,Bedside Table,1,4138.99,0.1,3725.09,Debit Card,Completed,2025-12
ORD100379,2025-10-24,CUST10684,West,Website,Electronics,Laptop,2,2130.54,0.15,3621.92,Net Banking,Completed,2025-10
ORD100380,2025-03-03,CUST10219,North,Mobile App,Furniture,Office Chair,1,2667.46,0.25,2000.6,Credit Card,Completed,2025-03
ORD100381,2025-05-10,CUST10290,Central,Mobile App,Fashion,Sneakers,1,555.65,0.1,500.08,Cash on Delivery,Completed,2025-05
ORD100382,2025-04-13,CUST10249,West,Mobile App,Beauty,Face Wash,2,562.88,0.1,1013.18,Cash on Delivery,Completed,2025-04
ORD100383,2025-10-21,CUST10092,South,Mobile App,Electronics,Headphones,1,19559.42,0.0,19559.42,Credit Card,Completed,2025-10
ORD100384,2025-11-03,CUST10156,South,Website,Home & Kitchen,Vacuum Cleaner,4,1103.51,0.25,3310.53,Net Banking,Completed,2025-11
ORD100385,2025-08-23,CUST10639,West,Marketplace,Fashion,Sneakers,2,1010.62,0.0,2021.24,UPI,Completed,2025-08
ORD100386,2025-06-23,CUST10120,South,Website,Electronics,Laptop,2,14502.14,0.1,26103.85,Credit Card,Completed,2025-06
ORD100387,2025-06-08,CUST10318,West,Mobile App,Furniture,Study Table,2,31668.8,0.15,53836.96,UPI,Completed,2025-06
ORD100388,2025-11-11,CUST10830,North,Marketplace,Furniture,Study Table,1,34938.66,0.15,29697.86,Debit Card,Completed,2025-11
ORD100389,2025-01-23,CUST10023,East,Website,Home & Kitchen,Air Fryer,4,4122.2,0.15,14015.48,Cash on Delivery,Completed,2025-01
ORD100390,2025-06-27,CUST10128,West,Website,Electronics,Smartphone,1,951.01,0.1,855.91,Credit Card,Completed,2025-06
ORD100391,2025-10-20,CUST10544,West,Website,Furniture,Sofa,2,3489.16,0.1,5582.66,Net Banking,Completed,2025-10
ORD100392,2025-09-11,CUST10169,South,Website,Electronics,Laptop,2,44726.94,0.05,84981.19,Debit Card,Completed,2025-09
ORD100393,2025-05-05,CUST10740,North,Website,Fashion,Jacket,2,3898.77,0.15,6627.91,UPI,Completed,2025-05
ORD100394,2025-05-01,CUST10842,North,Website,Home & Kitchen,Cookware Set,1,3498.06,0.1,3148.25,Credit Card,Completed,2025-05
ORD100395,2025-06-25,CUST10611,West,Website,Furniture,Bedside Table,2,10567.01,0.1,19020.62,Debit Card,Completed,2025-06
ORD100396,2025-08-03,CUST10328,East,Website,Fashion,Sneakers,3,443.8,0.2,1065.12,UPI,Completed,2025-08
ORD100397,2025-07-05,CUST10382,North,Marketplace,Fashion,Jacket,4,908.85,0.2,0.0,UPI,Cancelled,2025-07
ORD100398,2025-08-31,CUST10358,North,Mobile App,Furniture,Sofa,4,6628.33,0.05,25187.65,UPI,Completed,2025-08
ORD100399,2025-09-13,CUST10877,North,Mobile App,Home & Kitchen,Mixer Grinder,1,1001.05,0.15,850.89,Cash on Delivery,Completed,2025-09
ORD100400,2025-11-07,CUST10788,West,Mobile App,Electronics,Smartphone,3,32728.24,0.1,88366.25,Cash on Delivery,Completed,2025-11
ORD100401,2025-07-04,CUST10091,East,Website,Fashion,Jacket,1,942.68,0.05,895.55,UPI,Completed,2025-07
ORD100402,2025-01-24,CUST10318,North,Marketplace,Fashion,Backpack,1,2637.71,0.1,2373.94,Net Banking,Completed,2025-01
ORD100403,2025-07-12,CUST10078,West,Marketplace,Fashion,Jeans,2,1973.22,0.25,2959.83,Net Banking,Completed,2025-07
ORD100404,2025-09-30,CUST10043,East,Website,Electronics,Smartphone,1,12575.07,0.05,11946.32,Debit Card,Completed,2025-09
ORD100405,2025-01-15,CUST10328,West,Website,Beauty,Shampoo,3,668.05,0.2,1603.32,UPI,Completed,2025-01
ORD100406,2025-10-24,CUST10072,North,Website,Furniture,Sofa,3,29080.54,0.2,69793.3,Cash on Delivery,Completed,2025-10
ORD100407,2025-10-17,CUST10407,West,Website,Home & Kitchen,Mixer Grinder,3,9191.7,0.15,23438.84,Debit Card,Completed,2025-10
ORD100408,2025-06-26,CUST10726,Central,Mobile App,Home & Kitchen,Coffee Maker,2,2645.87,0.1,4762.57,UPI,Completed,2025-06
ORD100409,2025-10-29,CUST10819,Central,Mobile App,Furniture,Office Chair,2,21662.08,0.1,38991.74,UPI,Completed,2025-10
ORD100410,2025-03-14,CUST10477,West,Mobile App,Fashion,Jacket,2,2154.27,0.0,4308.54,Credit Card,Completed,2025-03
ORD100411,2025-08-11,CUST10117,West,Mobile App,Home & Kitchen,Cookware Set,1,11211.73,0.1,10090.56,UPI,Completed,2025-08
ORD100412,2025-05-21,CUST10468,East,Mobile App,Electronics,Laptop,2,32358.15,0.15,55008.86,UPI,Completed,2025-05
ORD100413,2025-12-17,CUST10637,Central,Marketplace,Fashion,T-Shirt,3,2288.78,0.05,6523.02,Cash on Delivery,Completed,2025-12
ORD100414,2025-10-23,CUST10840,East,Marketplace,Fashion,Backpack,1,1702.13,0.1,1531.92,Credit Card,Completed,2025-10
ORD100415,2025-02-26,CUST10754,South,Website,Home & Kitchen,Cookware Set,1,1193.72,0.15,1014.66,Credit Card,Completed,2025-02
ORD100416,2025-08-10,CUST10124,East,Website,Home & Kitchen,Air Fryer,3,4096.11,0.2,9830.66,Debit Card,Completed,2025-08
ORD100417,2025-05-01,CUST10424,South,Marketplace,Fashion,Jeans,3,4738.6,0.1,12794.22,Credit Card,Completed,2025-05
ORD100418,2025-02-23,CUST10544,South,Mobile App,Furniture,Bookshelf,4,11423.37,0.1,41124.13,UPI,Completed,2025-02
ORD100419,2025-07-03,CUST10815,North,Marketplace,Electronics,Smartphone,3,7617.65,0.2,18282.36,Net Banking,Completed,2025-07
ORD100420,2025-03-07,CUST10656,North,Website,Fashion,Backpack,1,1210.98,0.2,968.78,UPI,Completed,2025-03
ORD100421,2025-09-30,CUST10067,West,Mobile App,Electronics,Smartwatch,2,51529.69,0.2,82447.5,UPI,Completed,2025-09
ORD100422,2025-02-11,CUST10429,West,Website,Furniture,Bookshelf,1,19680.2,0.0,19680.2,Net Banking,Completed,2025-02
ORD100423,2025-12-31,CUST10783,Central,Marketplace,Furniture,Bedside Table,1,2647.57,0.1,2382.81,UPI,Completed,2025-12
ORD100424,2025-06-10,CUST10466,North,Website,Beauty,Perfume,1,491.68,0.15,417.93,Debit Card,Completed,2025-06
ORD100425,2025-08-13,CUST10802,East,Mobile App,Electronics,Laptop,1,3715.58,0.25,2786.68,Debit Card,Completed,2025-08
ORD100426,2025-03-31,CUST10129,South,Marketplace,Home & Kitchen,Mixer Grinder,2,12397.44,0.15,21075.65,UPI,Completed,2025-03
ORD100427,2025-03-11,CUST10096,Central,Mobile App,Home & Kitchen,Air Fryer,2,855.59,0.2,1368.94,UPI,Completed,2025-03
ORD100428,2025-04-06,CUST10251,East,Website,Beauty,Face Wash,3,424.15,0.0,1272.45,Credit Card,Completed,2025-04
ORD100429,2025-05-08,CUST10351,South,Marketplace,Home & Kitchen,Air Fryer,1,1910.71,0.05,1815.17,Debit Card,Completed,2025-05
ORD100430,2025-11-15,CUST10222,North,Website,Electronics,Headphones,1,2305.43,0.2,0.0,Net Banking,Cancelled,2025-11
ORD100431,2025-09-05,CUST10217,South,Website,Home & Kitchen,Cookware Set,1,4540.53,0.1,4086.48,Unknown,Completed,2025-09
ORD100432,2025-09-27,CUST10056,South,Mobile App,Home & Kitchen,Coffee Maker,1,4477.49,0.05,4253.62,Net Banking,Completed,2025-09
ORD100433,2025-09-27,CUST10154,South,Mobile App,Electronics,Laptop,1,4194.81,0.25,3146.11,Credit Card,Completed,2025-09
ORD100434,2025-05-08,CUST10534,North,Mobile App,Home & Kitchen,Cookware Set,2,8044.14,0.1,14479.45,Credit Card,Completed,2025-05
ORD100435,2025-01-18,CUST10023,South,Marketplace,Furniture,Bookshelf,2,13715.22,0.0,27430.44,Debit Card,Completed,2025-01
ORD100436,2025-08-30,CUST10800,West,Mobile App,Home & Kitchen,Vacuum Cleaner,3,8213.63,0.25,18480.67,UPI,Completed,2025-08
ORD100437,2025-11-08,CUST10750,West,Marketplace,Beauty,Shampoo,1,1691.88,0.1,1522.69,Cash on Delivery,Completed,2025-11
ORD100438,2025-02-24,CUST10191,West,Mobile App,Furniture,Office Chair,1,14785.19,0.15,0.0,Cash on Delivery,Cancelled,2025-02
ORD100439,2025-11-28,CUST10517,East,Website,Furniture,Study Table,1,15463.55,0.15,13144.02,Cash on Delivery,Completed,2025-11
ORD100440,2025-08-24,CUST10687,North,Marketplace,Home & Kitchen,Air Fryer,1,7181.59,0.05,6822.51,UPI,Completed,2025-08
ORD100441,2025-04-23,CUST10181,North,Mobile App,Furniture,Bedside Table,3,7145.79,0.1,19293.63,UPI,Completed,2025-04
ORD100442,2025-04-14,CUST10383,Central,Website,Home & Kitchen,Mixer Grinder,1,932.7,0.05,886.07,Cash on Delivery,Completed,2025-04
ORD100443,2025-10-16,CUST10462,South,Mobile App,Beauty,Face Wash,4,4452.14,0.15,15137.28,UPI,Completed,2025-10
ORD100444,2025-06-21,CUST10252,South,Mobile App,Fashion,Backpack,3,6275.6,0.0,18826.8,Credit Card,Completed,2025-06
ORD100445,2025-12-07,CUST10204,East,Marketplace,Furniture,Office Chair,1,5070.7,0.15,4310.09,Cash on Delivery,Completed,2025-12
ORD100446,2025-09-08,CUST10014,North,Website,Home & Kitchen,Vacuum Cleaner,2,5756.74,0.15,9786.46,UPI,Completed,2025-09
ORD100447,2025-04-10,CUST10015,North,Website,Electronics,Smartwatch,1,1805.8,0.15,1534.93,Credit Card,Completed,2025-04
ORD100448,2025-08-14,CUST10892,West,Mobile App,Beauty,Perfume,2,300.66,0.1,541.19,Unknown,Completed,2025-08
ORD100449,2025-06-06,CUST10252,West,Marketplace,Electronics,Smartphone,2,9734.31,0.0,19468.62,Net Banking,Completed,2025-06
ORD100450,2025-05-15,CUST10510,South,Website,Furniture,Sofa,2,7389.69,0.15,12562.47,Cash on Delivery,Completed,2025-05
ORD100451,2025-06-21,CUST10262,South,Mobile App,Home & Kitchen,Coffee Maker,3,1754.48,0.15,4473.92,Credit Card,Completed,2025-06
ORD100452,2025-07-07,CUST10477,East,Marketplace,Fashion,Jeans,2,3012.73,0.05,5724.19,UPI,Completed,2025-07
ORD100453,2025-06-04,CUST10250,South,Website,Furniture,Bookshelf,1,19581.24,0.1,17623.12,UPI,Completed,2025-06
ORD100454,2025-06-08,CUST10005,South,Website,Electronics,Headphones,1,59921.84,0.1,53929.66,UPI,Completed,2025-06
ORD100455,2025-04-04,CUST10559,South,Website,Electronics,Monitor,1,1529.36,0.25,1147.02,Credit Card,Completed,2025-04
ORD100456,2025-03-17,CUST10256,Central,Website,Electronics,Laptop,2,51406.96,0.15,87391.83,UPI,Completed,2025-03
ORD100457,2025-12-22,CUST10036,Central,Marketplace,Home & Kitchen,Air Fryer,1,1111.7,0.15,944.95,Cash on Delivery,Completed,2025-12
ORD100458,2025-09-17,CUST10662,Central,Mobile App,Furniture,Sofa,1,2674.98,0.05,2541.23,Debit Card,Completed,2025-09
ORD100459,2025-10-23,CUST10635,East,Website,Fashion,Jacket,3,4982.72,0.1,13453.34,UPI,Completed,2025-10
ORD100460,2025-02-27,CUST10349,South,Marketplace,Furniture,Bookshelf,1,4448.78,0.1,4003.9,UPI,Completed,2025-02
ORD100461,2025-08-30,CUST10388,North,Marketplace,Fashion,Backpack,4,724.12,0.1,2606.83,Debit Card,Completed,2025-08
ORD100462,2025-09-30,CUST10063,North,Marketplace,Beauty,Face Wash,2,1152.61,0.0,2305.22,UPI,Completed,2025-09
ORD100463,2025-04-07,CUST10309,East,Mobile App,Furniture,Study Table,1,3122.82,0.05,2966.68,Credit Card,Completed,2025-04
ORD100464,2025-10-31,CUST10569,Central,Website,Electronics,Monitor,3,3322.87,0.1,0.0,Credit Card,Returned,2025-10
ORD100465,2025-12-11,CUST10644,North,Mobile App,Fashion,Jacket,4,541.78,0.1,1950.41,Cash on Delivery,Completed,2025-12
ORD100466,2025-07-12,CUST10063,West,Website,Electronics,Smartwatch,1,8142.32,0.05,7735.2,Debit Card,Completed,2025-07
ORD100467,2025-02-22,CUST10859,North,Mobile App,Fashion,T-Shirt,1,713.74,0.0,713.74,Credit Card,Completed,2025-02
ORD100468,2025-09-08,CUST10391,East,Website,Furniture,Bookshelf,2,3606.96,0.1,6492.53,UPI,Completed,2025-09
ORD100469,2025-03-22,CUST10421,Central,Marketplace,Electronics,Smartwatch,1,1285.92,0.1,1157.33,Cash on Delivery,Completed,2025-03
ORD100470,2025-03-30,CUST10372,North,Mobile App,Electronics,Laptop,1,21366.86,0.1,19230.17,Debit Card,Completed,2025-03
ORD100471,2025-03-29,CUST10485,North,Mobile App,Home & Kitchen,Coffee Maker,1,5110.22,0.05,4854.71,Credit Card,Completed,2025-03
ORD100472,2025-03-11,CUST10806,North,Mobile App,Beauty,Perfume,1,970.53,0.0,970.53,UPI,Completed,2025-03
ORD100473,2025-03-22,CUST10175,South,Marketplace,Beauty,Sunscreen,4,1762.64,0.15,5992.98,Net Banking,Completed,2025-03
ORD100474,2025-08-25,CUST10739,East,Website,Beauty,Shampoo,2,362.49,0.1,652.48,UPI,Completed,2025-08
ORD100475,2025-11-06,CUST10341,West,Mobile App,Furniture,Sofa,1,27987.08,0.1,25188.37,UPI,Completed,2025-11
ORD100476,2025-08-30,CUST10590,South,Website,Home & Kitchen,Mixer Grinder,4,6145.5,0.1,22123.8,UPI,Completed,2025-08
ORD100477,2025-10-30,CUST10765,South,Marketplace,Home & Kitchen,Coffee Maker,3,16161.54,0.15,41211.93,UPI,Completed,2025-10
ORD100478,2025-06-13,CUST10363,North,Mobile App,Furniture,Bedside Table,2,26803.53,0.05,50926.71,Debit Card,Completed,2025-06
ORD100479,2025-08-25,CUST10378,North,Website,Fashion,T-Shirt,2,2067.97,0.05,3929.14,UPI,Completed,2025-08
ORD100480,2025-03-03,CUST10138,South,Mobile App,Home & Kitchen,Cookware Set,2,14028.28,0.1,25250.9,Debit Card,Completed,2025-03
ORD100481,2025-01-27,CUST10161,North,Mobile App,Fashion,Jeans,1,749.24,0.1,674.32,Net Banking,Completed,2025-01
ORD100482,2025-02-24,CUST10608,West,Marketplace,Fashion,T-Shirt,2,1985.26,0.1,0.0,Debit Card,Cancelled,2025-02
ORD100483,2025-02-04,CUST10641,West,Marketplace,Beauty,Sunscreen,1,2984.39,0.15,2536.73,UPI,Completed,2025-02
ORD100484,2025-05-04,CUST10537,South,Mobile App,Fashion,Backpack,1,1596.36,0.25,1197.27,Net Banking,Completed,2025-05
ORD100485,2025-11-20,CUST10347,Central,Website,Furniture,Office Chair,1,19243.69,0.2,15394.95,UPI,Completed,2025-11
ORD100486,2025-10-13,CUST10155,South,Mobile App,Fashion,T-Shirt,1,1687.97,0.2,1350.38,UPI,Completed,2025-10
ORD100487,2025-10-18,CUST10352,East,Website,Fashion,T-Shirt,1,830.41,0.0,830.41,UPI,Completed,2025-10
ORD100488,2025-10-14,CUST10370,South,Website,Furniture,Office Chair,1,7347.53,0.15,6245.4,UPI,Completed,2025-10
ORD100489,2025-11-28,CUST10064,South,Website,Electronics,Laptop,1,40379.33,0.1,36341.4,UPI,Completed,2025-11
ORD100490,2025-01-12,CUST10228,North,Website,Home & Kitchen,Mixer Grinder,1,15911.32,0.15,0.0,UPI,Returned,2025-01
ORD100491,2025-04-18,CUST10711,East,Mobile App,Fashion,Sneakers,2,5239.91,0.15,8907.85,Cash on Delivery,Completed,2025-04
ORD100492,2025-11-18,CUST10213,South,Marketplace,Fashion,Sneakers,1,586.84,0.0,586.84,Net Banking,Completed,2025-11
ORD100493,2025-01-30,CUST10652,East,Marketplace,Furniture,Office Chair,2,2550.82,0.2,4081.31,Debit Card,Completed,2025-01
ORD100494,2025-11-23,CUST10613,North,Marketplace,Electronics,Headphones,2,24407.4,0.15,41492.58,Credit Card,Completed,2025-11
ORD100495,2025-01-23,CUST10404,North,Mobile App,Furniture,Sofa,1,2520.76,0.1,2268.68,Debit Card,Completed,2025-01
ORD100496,2025-01-31,CUST10742,North,Marketplace,Fashion,Jeans,1,416.47,0.1,374.82,UPI,Completed,2025-01
ORD100497,2025-03-21,CUST10786,East,Website,Furniture,Bedside Table,1,32613.38,0.0,32613.38,UPI,Completed,2025-03
ORD100498,2025-05-26,CUST10884,North,Website,Fashion,Backpack,3,1860.25,0.15,4743.64,UPI,Completed,2025-05
ORD100499,2025-10-30,CUST10429,East,Mobile App,Electronics,Smartwatch,3,986.67,0.05,2812.01,Debit Card,Completed,2025-10
ORD100500,2025-04-11,CUST10452,North,Website,Home & Kitchen,Vacuum Cleaner,3,880.5,0.0,2641.5,UPI,Completed,2025-04
ORD100501,2025-12-16,CUST10252,Central,Marketplace,Beauty,Perfume,3,1951.07,0.1,5267.89,Debit Card,Completed,2025-12
ORD100502,2025-07-01,CUST10790,West,Mobile App,Beauty,Face Wash,1,2803.95,0.2,2243.16,Cash on Delivery,Completed,2025-07
ORD100503,2025-01-16,CUST10365,West,Website,Furniture,Bookshelf,1,5167.31,0.15,4392.21,UPI,Completed,2025-01
ORD100504,2025-01-15,CUST10176,North,Marketplace,Beauty,Shampoo,5,1530.16,0.0,7650.8,Credit Card,Completed,2025-01
ORD100505,2025-01-28,CUST10531,West,Website,Fashion,Backpack,2,1839.29,0.15,3126.79,UPI,Completed,2025-01
ORD100506,2025-04-02,CUST10013,Central,Website,Fashion,Sneakers,1,1950.29,0.1,0.0,Credit Card,Cancelled,2025-04
ORD100507,2025-08-18,CUST10469,West,Website,Electronics,Laptop,1,13948.59,0.2,11158.87,Net Banking,Completed,2025-08
ORD100508,2025-01-08,CUST10290,South,Marketplace,Beauty,Moisturizer,2,298.26,0.05,566.69,UPI,Completed,2025-01
ORD100509,2025-01-22,CUST10668,West,Marketplace,Electronics,Laptop,4,1213.75,0.1,4369.5,Credit Card,Completed,2025-01
ORD100510,2025-09-05,CUST10076,North,Website,Electronics,Smartphone,3,1581.27,0.05,4506.62,UPI,Completed,2025-09
ORD100511,2025-03-27,CUST10658,Central,Mobile App,Furniture,Sofa,2,21279.52,0.05,40431.09,Net Banking,Completed,2025-03
ORD100512,2025-09-11,CUST10640,North,Marketplace,Fashion,Jeans,4,982.27,0.1,3536.17,UPI,Completed,2025-09
ORD100513,2025-03-30,CUST10488,East,Marketplace,Fashion,Jacket,1,1559.26,0.15,1325.37,UPI,Completed,2025-03
ORD100514,2025-09-19,CUST10658,South,Website,Furniture,Office Chair,1,10383.76,0.05,9864.57,UPI,Completed,2025-09
ORD100515,2025-03-13,CUST10807,North,Mobile App,Fashion,Jacket,1,1542.7,0.2,0.0,Debit Card,Cancelled,2025-03
ORD100516,2025-07-03,CUST10045,North,Mobile App,Home & Kitchen,Coffee Maker,1,8265.09,0.1,7438.58,UPI,Completed,2025-07
ORD100517,2025-05-12,CUST10396,North,Mobile App,Furniture,Sofa,3,19219.47,0.15,49009.65,Credit Card,Completed,2025-05
ORD100518,2025-08-06,CUST10583,Unknown,Mobile App,Home & Kitchen,Mixer Grinder,1,11995.92,0.05,11396.12,Cash on Delivery,Completed,2025-08
ORD100519,2025-01-20,CUST10669,North,Website,Fashion,Sneakers,2,416.32,0.0,832.64,Net Banking,Completed,2025-01
ORD100520,2025-04-15,CUST10129,North,Mobile App,Home & Kitchen,Coffee Maker,2,2398.44,0.05,4557.04,Debit Card,Completed,2025-04
ORD100521,2025-03-28,CUST10027,South,Marketplace,Home & Kitchen,Coffee Maker,1,4540.71,0.1,4086.64,Net Banking,Completed,2025-03
ORD100522,2025-05-21,CUST10815,South,Website,Home & Kitchen,Air Fryer,1,12109.04,0.2,9687.23,Credit Card,Completed,2025-05
ORD100523,2025-06-17,CUST10344,South,Mobile App,Fashion,Sneakers,3,6491.75,0.15,16553.96,Credit Card,Completed,2025-06
ORD100524,2025-05-01,CUST10323,South,Website,Furniture,Sofa,1,20791.59,0.1,18712.43,UPI,Completed,2025-05
ORD100525,2025-04-30,CUST10873,North,Website,Home & Kitchen,Air Fryer,2,17532.49,0.05,0.0,Credit Card,Cancelled,2025-04
ORD100526,2025-12-03,CUST10382,East,Website,Home & Kitchen,Mixer Grinder,2,3993.95,0.05,7588.5,UPI,Completed,2025-12
ORD100527,2025-12-21,CUST10414,East,Mobile App,Furniture,Study Table,3,4134.23,0.15,10542.29,Debit Card,Completed,2025-12
ORD100528,2025-10-07,CUST10897,East,Mobile App,Home & Kitchen,Coffee Maker,5,991.48,0.05,4709.53,Net Banking,Completed,2025-10
ORD100529,2025-06-24,CUST10445,West,Mobile App,Electronics,Laptop,1,13850.02,0.1,12465.02,Credit Card,Completed,2025-06
ORD100530,2025-06-17,CUST10878,South,Website,Home & Kitchen,Cookware Set,1,4738.85,0.1,4264.97,UPI,Completed,2025-06
ORD100531,2025-02-14,CUST10103,Unknown,Mobile App,Furniture,Bedside Table,3,3727.09,0.0,11181.27,Debit Card,Completed,2025-02
ORD100532,2025-12-16,CUST10608,West,Mobile App,Fashion,Backpack,2,2812.24,0.05,5343.26,UPI,Completed,2025-12
ORD100533,2025-10-09,CUST10286,East,Mobile App,Fashion,T-Shirt,1,2692.73,0.2,2154.18,UPI,Completed,2025-10
ORD100534,2025-02-06,CUST10186,North,Website,Home & Kitchen,Cookware Set,2,2220.45,0.05,0.0,Cash on Delivery,Returned,2025-02
ORD100535,2025-04-03,CUST10654,South,Website,Electronics,Smartwatch,1,17874.46,0.05,16980.74,UPI,Completed,2025-04
ORD100536,2025-11-11,CUST10089,West,Website,Fashion,Backpack,5,801.04,0.05,3804.94,UPI,Completed,2025-11
ORD100537,2025-02-28,CUST10595,West,Website,Furniture,Bedside Table,2,4429.44,0.2,7087.1,UPI,Completed,2025-02
ORD100538,2025-09-14,CUST10597,West,Website,Home & Kitchen,Cookware Set,1,3427.65,0.0,3427.65,Net Banking,Completed,2025-09
ORD100539,2025-10-16,CUST10765,Central,Mobile App,Beauty,Perfume,2,3849.8,0.15,0.0,Net Banking,Cancelled,2025-10
ORD100540,2025-11-07,CUST10825,South,Mobile App,Home & Kitchen,Air Fryer,1,16761.35,0.1,15085.21,Credit Card,Completed,2025-11
ORD100541,2025-05-01,CUST10358,East,Marketplace,Electronics,Laptop,2,19891.45,0.1,35804.61,Cash on Delivery,Completed,2025-05
ORD100542,2025-11-23,CUST10497,North,Marketplace,Home & Kitchen,Air Fryer,1,6269.12,0.1,5642.21,Net Banking,Completed,2025-11
ORD100543,2025-04-15,CUST10123,East,Mobile App,Furniture,Bedside Table,1,29170.89,0.15,0.0,UPI,Cancelled,2025-04
ORD100544,2025-07-04,CUST10562,East,Marketplace,Electronics,Headphones,1,2906.03,0.05,2760.73,Debit Card,Completed,2025-07
ORD100545,2025-04-29,CUST10245,East,Website,Furniture,Sofa,2,3033.24,0.05,5763.16,Debit Card,Completed,2025-04
ORD100546,2025-02-15,CUST10764,South,Website,Electronics,Laptop,5,52277.54,0.05,248318.32,Debit Card,Completed,2025-02
ORD100547,2025-06-19,CUST10760,West,Website,Home & Kitchen,Air Fryer,1,11805.5,0.2,9444.4,Credit Card,Completed,2025-06
ORD100548,2025-12-29,CUST10578,North,Mobile App,Furniture,Bedside Table,1,2303.29,0.1,2072.96,Cash on Delivery,Completed,2025-12
ORD100549,2025-10-23,CUST10307,West,Website,Beauty,Perfume,1,277.57,0.05,263.69,Credit Card,Completed,2025-10
ORD100550,2025-09-05,CUST10306,North,Website,Electronics,Smartwatch,3,58575.57,0.0,175726.71,Credit Card,Completed,2025-09
ORD100551,2025-09-27,CUST10898,South,Website,Fashion,Backpack,3,3219.06,0.1,8691.46,UPI,Completed,2025-09
ORD100552,2025-06-05,CUST10431,West,Website,Fashion,Jacket,1,1573.42,0.1,1416.08,UPI,Completed,2025-06
ORD100553,2025-12-23,CUST10400,South,Website,Beauty,Sunscreen,1,323.9,0.1,291.51,Credit Card,Completed,2025-12
ORD100554,2025-01-27,CUST10379,West,Website,Home & Kitchen,Vacuum Cleaner,4,4411.31,0.05,16762.98,UPI,Completed,2025-01
ORD100555,2025-08-04,CUST10456,North,Mobile App,Electronics,Smartphone,1,13509.5,0.0,13509.5,UPI,Completed,2025-08
ORD100556,2025-09-17,CUST10797,South,Mobile App,Beauty,Face Wash,1,3889.15,0.1,3500.24,UPI,Completed,2025-09
ORD100557,2025-11-28,CUST10672,West,Website,Home & Kitchen,Cookware Set,2,1381.77,0.05,2625.36,Credit Card,Completed,2025-11
ORD100558,2025-05-14,CUST10224,North,Website,Home & Kitchen,Coffee Maker,2,11759.2,0.0,23518.4,UPI,Completed,2025-05
ORD100559,2025-07-13,CUST10328,South,Marketplace,Electronics,Laptop,1,71577.62,0.0,0.0,UPI,Cancelled,2025-07
ORD100560,2025-04-28,CUST10664,East,Marketplace,Furniture,Bookshelf,1,4040.68,0.15,3434.58,UPI,Completed,2025-04
ORD100561,2025-03-20,CUST10639,East,Website,Furniture,Sofa,1,1832.65,0.0,1832.65,Credit Card,Completed,2025-03
ORD100562,2025-06-20,CUST10856,South,Mobile App,Electronics,Headphones,5,51795.57,0.15,0.0,Debit Card,Returned,2025-06
ORD100563,2025-11-13,CUST10288,West,Website,Electronics,Monitor,2,969.53,0.05,0.0,UPI,Returned,2025-11
ORD100564,2025-07-03,CUST10390,North,Website,Home & Kitchen,Coffee Maker,3,8203.76,0.1,22150.15,UPI,Completed,2025-07
ORD100565,2025-01-17,CUST10417,West,Mobile App,Home & Kitchen,Coffee Maker,2,2885.9,0.1,5194.62,UPI,Completed,2025-01
ORD100566,2025-03-17,CUST10813,East,Marketplace,Fashion,Sneakers,1,786.83,0.1,708.15,UPI,Completed,2025-03
ORD100567,2025-07-21,CUST10644,South,Mobile App,Home & Kitchen,Vacuum Cleaner,1,2583.61,0.05,2454.43,UPI,Completed,2025-07
ORD100568,2025-11-04,CUST10798,Central,Mobile App,Fashion,Backpack,2,3327.28,0.1,5989.1,Debit Card,Completed,2025-11
ORD100569,2025-01-27,CUST10010,North,Website,Furniture,Office Chair,1,4070.08,0.1,3663.07,Net Banking,Completed,2025-01
ORD100570,2025-01-03,CUST10288,North,Mobile App,Home & Kitchen,Coffee Maker,3,1347.45,0.15,3436.0,Credit Card,Completed,2025-01
ORD100571,2025-02-15,CUST10079,Central,Mobile App,Beauty,Moisturizer,1,576.17,0.1,0.0,UPI,Cancelled,2025-02
ORD100572,2025-04-14,CUST10315,West,Mobile App,Home & Kitchen,Mixer Grinder,1,1515.4,0.1,1363.86,Credit Card,Completed,2025-04
ORD100573,2025-06-08,CUST10221,West,Mobile App,Furniture,Sofa,2,3477.42,0.15,5911.61,UPI,Completed,2025-06
ORD100574,2025-11-21,CUST10098,North,Mobile App,Home & Kitchen,Cookware Set,1,11419.23,0.2,9135.38,UPI,Completed,2025-11
ORD100575,2025-09-11,CUST10355,Central,Website,Beauty,Moisturizer,1,559.17,0.15,475.29,Debit Card,Completed,2025-09
ORD100576,2025-01-21,CUST10129,East,Marketplace,Home & Kitchen,Air Fryer,2,1786.17,0.05,3393.72,Net Banking,Completed,2025-01
ORD100577,2025-09-17,CUST10515,West,Website,Beauty,Sunscreen,1,358.77,0.1,322.89,UPI,Completed,2025-09
ORD100578,2025-11-29,CUST10593,South,Marketplace,Beauty,Perfume,2,3939.21,0.1,7090.58,UPI,Completed,2025-11
ORD100579,2025-02-28,CUST10249,West,Mobile App,Fashion,Jacket,1,1602.82,0.15,1362.4,Debit Card,Completed,2025-02
ORD100580,2025-07-13,CUST10885,East,Mobile App,Fashion,Jacket,2,621.1,0.1,1117.98,Debit Card,Completed,2025-07
ORD100581,2025-08-19,CUST10170,West,Website,Furniture,Sofa,5,8715.12,0.2,34860.48,UPI,Completed,2025-08
ORD100582,2025-06-23,CUST10845,East,Mobile App,Fashion,Backpack,2,790.3,0.25,1185.45,Debit Card,Completed,2025-06
ORD100583,2025-03-28,CUST10773,South,Website,Furniture,Office Chair,1,2885.91,0.1,2597.32,UPI,Completed,2025-03
ORD100584,2025-03-19,CUST10152,North,Website,Home & Kitchen,Air Fryer,1,5261.93,0.15,4472.64,Debit Card,Completed,2025-03
ORD100585,2025-04-26,CUST10786,East,Website,Fashion,Sneakers,1,4085.64,0.2,0.0,UPI,Cancelled,2025-04
ORD100586,2025-10-08,CUST10227,South,Website,Home & Kitchen,Air Fryer,1,5468.74,0.05,0.0,Debit Card,Cancelled,2025-10
ORD100587,2025-02-07,CUST10007,West,Mobile App,Furniture,Study Table,2,3494.42,0.05,6639.4,Debit Card,Completed,2025-02
ORD100588,2025-12-30,CUST10589,East,Website,Home & Kitchen,Vacuum Cleaner,3,1202.5,0.0,3607.5,UPI,Completed,2025-12
ORD100589,2025-10-10,CUST10586,West,Website,Fashion,Sneakers,2,717.95,0.15,1220.52,Debit Card,Completed,2025-10
ORD100590,2025-01-24,CUST10422,East,Mobile App,Home & Kitchen,Coffee Maker,1,13858.49,0.2,11086.79,UPI,Completed,2025-01
ORD100591,2025-08-18,CUST10572,East,Mobile App,Home & Kitchen,Vacuum Cleaner,2,760.51,0.0,1521.02,Debit Card,Completed,2025-08
ORD100592,2025-01-25,CUST10116,East,Mobile App,Electronics,Smartphone,3,2086.33,0.2,5007.19,Credit Card,Completed,2025-01
ORD100593,2025-03-29,CUST10136,South,Website,Home & Kitchen,Air Fryer,5,1475.53,0.2,5902.12,Debit Card,Completed,2025-03
ORD100594,2025-08-22,CUST10634,South,Mobile App,Beauty,Sunscreen,1,2888.33,0.05,2743.91,UPI,Completed,2025-08
ORD100595,2025-07-20,CUST10543,North,Website,Beauty,Sunscreen,1,385.9,0.2,308.72,Credit Card,Completed,2025-07
ORD100596,2025-12-25,CUST10538,South,Website,Fashion,T-Shirt,1,1069.61,0.1,962.65,UPI,Completed,2025-12
ORD100597,2025-12-26,CUST10201,South,Website,Fashion,T-Shirt,2,659.06,0.15,1120.4,Debit Card,Completed,2025-12
ORD100598,2025-05-12,CUST10016,Central,Website,Electronics,Smartphone,1,56851.48,0.05,54008.91,Net Banking,Completed,2025-05
ORD100599,2025-10-04,CUST10310,South,Marketplace,Beauty,Face Wash,2,1718.32,0.2,2749.31,UPI,Completed,2025-10
ORD100600,2025-03-26,CUST10518,South,Website,Furniture,Bedside Table,3,6853.72,0.05,19533.1,UPI,Completed,2025-03
ORD100601,2025-07-06,CUST10754,North,Mobile App,Fashion,Sneakers,4,558.63,0.2,1787.62,UPI,Completed,2025-07
ORD100602,2025-10-24,CUST10525,North,Mobile App,Fashion,Backpack,1,1376.0,0.1,1238.4,UPI,Completed,2025-10
ORD100603,2025-01-16,CUST10396,North,Marketplace,Fashion,Jeans,1,660.42,0.05,627.4,Cash on Delivery,Completed,2025-01
ORD100604,2025-05-12,CUST10505,East,Website,Beauty,Moisturizer,1,3121.84,0.15,2653.56,Credit Card,Completed,2025-05
ORD100605,2025-04-27,CUST10837,South,Marketplace,Fashion,Jacket,2,5172.44,0.05,9827.64,Cash on Delivery,Completed,2025-04
ORD100606,2025-02-23,CUST10071,South,Website,Electronics,Headphones,1,3784.71,0.15,3217.0,Credit Card,Completed,2025-02
ORD100607,2025-04-21,CUST10893,Central,Website,Beauty,Sunscreen,2,2250.26,0.1,4050.47,UPI,Completed,2025-04
ORD100608,2025-04-02,CUST10223,South,Mobile App,Electronics,Smartwatch,3,1107.25,0.05,3155.66,UPI,Completed,2025-04
ORD100609,2025-03-12,CUST10004,East,Mobile App,Fashion,T-Shirt,1,403.69,0.15,343.14,UPI,Completed,2025-03
ORD100610,2025-02-15,CUST10149,North,Mobile App,Beauty,Moisturizer,2,1547.06,0.15,2630.0,Cash on Delivery,Completed,2025-02
ORD100611,2025-09-04,CUST10793,Central,Mobile App,Electronics,Headphones,3,9931.29,0.05,28304.18,Debit Card,Completed,2025-09
ORD100612,2025-11-01,CUST10810,South,Website,Electronics,Monitor,1,55002.47,0.0,55002.47,Credit Card,Completed,2025-11
ORD100613,2025-06-14,CUST10221,Central,Marketplace,Beauty,Moisturizer,1,769.08,0.0,769.08,UPI,Completed,2025-06
ORD100614,2025-01-26,CUST10048,North,Mobile App,Electronics,Smartwatch,1,7537.41,0.1,6783.67,Credit Card,Completed,2025-01
ORD100615,2025-01-02,CUST10174,South,Marketplace,Home & Kitchen,Vacuum Cleaner,1,2607.69,0.15,2216.54,Cash on Delivery,Completed,2025-01
ORD100616,2025-09-23,CUST10889,North,Mobile App,Electronics,Monitor,1,3292.82,0.1,2963.54,UPI,Completed,2025-09
ORD100617,2025-06-18,CUST10588,East,Website,Beauty,Moisturizer,3,1050.82,0.0,3152.46,Credit Card,Completed,2025-06
ORD100618,2025-01-15,CUST10298,West,Marketplace,Beauty,Face Wash,1,897.44,0.05,852.57,UPI,Completed,2025-01
ORD100619,2025-08-02,CUST10140,Central,Website,Furniture,Office Chair,1,23787.02,0.2,19029.62,Credit Card,Completed,2025-08
ORD100620,2025-06-22,CUST10669,West,Marketplace,Beauty,Perfume,1,2410.62,0.1,2169.56,Net Banking,Completed,2025-06
ORD100621,2025-03-06,CUST10659,Central,Website,Furniture,Bedside Table,1,3255.93,0.0,3255.93,Cash on Delivery,Completed,2025-03
ORD100622,2025-08-10,CUST10890,South,Mobile App,Furniture,Sofa,1,23284.68,0.15,19791.98,Debit Card,Completed,2025-08
ORD100623,2025-08-01,CUST10893,South,Website,Home & Kitchen,Coffee Maker,2,5129.1,0.15,8719.47,Credit Card,Completed,2025-08
ORD100624,2025-03-01,CUST10876,East,Marketplace,Electronics,Laptop,1,3129.43,0.1,2816.49,Debit Card,Completed,2025-03
ORD100625,2025-05-07,CUST10575,South,Website,Home & Kitchen,Coffee Maker,4,2623.48,0.1,9444.53,Credit Card,Completed,2025-05
ORD100626,2025-10-17,CUST10132,West,Website,Fashion,T-Shirt,1,2242.39,0.2,1793.91,Credit Card,Completed,2025-10
ORD100627,2025-05-06,CUST10690,West,Website,Furniture,Bedside Table,1,17983.19,0.15,15285.71,Credit Card,Completed,2025-05
ORD100628,2025-04-09,CUST10629,South,Website,Beauty,Face Wash,3,1431.19,0.05,4078.89,Credit Card,Completed,2025-04
ORD100629,2025-09-22,CUST10674,West,Website,Fashion,Jacket,3,2628.31,0.15,0.0,Cash on Delivery,Cancelled,2025-09
ORD100630,2025-04-18,CUST10717,East,Website,Beauty,Perfume,3,1724.21,0.0,5172.63,Debit Card,Completed,2025-04
ORD100631,2025-11-25,CUST10797,Central,Mobile App,Furniture,Bookshelf,3,4593.47,0.05,0.0,Net Banking,Returned,2025-11
ORD100632,2025-10-28,CUST10182,East,Mobile App,Electronics,Laptop,1,21890.99,0.05,20796.44,UPI,Completed,2025-10
ORD100633,2025-03-21,CUST10628,West,Website,Beauty,Face Wash,3,323.46,0.05,921.86,Debit Card,Completed,2025-03
ORD100634,2025-04-16,CUST10270,East,Website,Beauty,Perfume,1,916.73,0.1,825.06,Cash on Delivery,Completed,2025-04
ORD100635,2025-04-29,CUST10620,North,Mobile App,Home & Kitchen,Cookware Set,1,1126.53,0.1,1013.88,Credit Card,Completed,2025-04
ORD100636,2025-07-04,CUST10631,North,Website,Home & Kitchen,Vacuum Cleaner,1,8660.92,0.1,7794.83,Net Banking,Completed,2025-07
ORD100637,2025-09-23,CUST10422,North,Marketplace,Home & Kitchen,Coffee Maker,1,2441.89,0.1,2197.7,Credit Card,Completed,2025-09
ORD100638,2025-01-11,CUST10011,Central,Mobile App,Electronics,Laptop,3,54506.91,0.15,138992.62,Cash on Delivery,Completed,2025-01
ORD100639,2025-06-11,CUST10593,South,Mobile App,Beauty,Face Wash,3,460.89,0.2,1106.14,Credit Card,Completed,2025-06
ORD100640,2025-01-27,CUST10663,West,Marketplace,Electronics,Smartwatch,4,2977.83,0.2,9529.06,UPI,Completed,2025-01
ORD100641,2025-07-16,CUST10402,North,Mobile App,Fashion,Jeans,1,5756.3,0.1,5180.67,UPI,Completed,2025-07
ORD100642,2025-01-07,CUST10288,North,Website,Fashion,Jeans,1,542.12,0.15,460.8,UPI,Completed,2025-01
ORD100643,2025-10-23,CUST10717,North,Mobile App,Electronics,Smartwatch,2,1188.83,0.2,1902.13,Credit Card,Completed,2025-10
ORD100644,2025-11-30,CUST10356,North,Website,Fashion,Sneakers,2,6977.26,0.0,13954.52,UPI,Completed,2025-11
ORD100645,2025-05-08,CUST10330,Central,Marketplace,Beauty,Perfume,1,859.21,0.15,730.33,Cash on Delivery,Completed,2025-05
ORD100646,2025-12-01,CUST10498,South,Website,Fashion,Jeans,1,6320.5,0.1,5688.45,Net Banking,Completed,2025-12
ORD100647,2025-04-04,CUST10155,East,Website,Beauty,Moisturizer,3,740.61,0.05,2110.74,UPI,Completed,2025-04
ORD100648,2025-11-15,CUST10559,East,Website,Fashion,Backpack,1,1020.17,0.0,0.0,UPI,Returned,2025-11
ORD100649,2025-03-06,CUST10174,North,Mobile App,Furniture,Bookshelf,1,6437.41,0.15,5471.8,UPI,Completed,2025-03
ORD100650,2025-11-08,CUST10754,South,Website,Beauty,Shampoo,3,698.83,0.2,1677.19,Cash on Delivery,Completed,2025-11
ORD100651,2025-05-07,CUST10756,West,Website,Furniture,Office Chair,1,1805.63,0.25,1354.22,UPI,Completed,2025-05
ORD100652,2025-01-06,CUST10800,East,Mobile App,Furniture,Bedside Table,5,11388.75,0.15,48402.19,Debit Card,Completed,2025-01
ORD100653,2025-04-16,CUST10058,South,Website,Beauty,Sunscreen,3,619.2,0.1,1671.84,UPI,Completed,2025-04
ORD100654,2025-04-17,CUST10783,Central,Website,Electronics,Smartwatch,1,55703.01,0.05,52917.86,Credit Card,Completed,2025-04
ORD100655,2025-02-27,CUST10175,West,Website,Fashion,Jacket,2,4725.66,0.1,8506.19,Credit Card,Completed,2025-02
ORD100656,2025-02-09,CUST10666,West,Marketplace,Beauty,Sunscreen,2,791.17,0.1,1424.11,UPI,Completed,2025-02
ORD100657,2025-09-19,CUST10856,East,Website,Furniture,Study Table,2,6386.16,0.15,10856.47,UPI,Completed,2025-09
ORD100658,2025-07-29,CUST10370,East,Mobile App,Electronics,Laptop,1,11420.65,0.1,10278.58,Cash on Delivery,Completed,2025-07
ORD100659,2025-01-25,CUST10808,Central,Mobile App,Home & Kitchen,Coffee Maker,1,4878.8,0.1,4390.92,UPI,Completed,2025-01
ORD100660,2025-08-09,CUST10874,West,Website,Electronics,Smartphone,2,2454.5,0.1,4418.1,UPI,Completed,2025-08
ORD100661,2025-08-10,CUST10062,South,Website,Beauty,Sunscreen,2,257.91,0.15,438.45,UPI,Completed,2025-08
ORD100662,2025-08-14,CUST10378,North,Website,Fashion,Backpack,1,1333.67,0.0,1333.67,UPI,Completed,2025-08
ORD100663,2025-09-02,CUST10237,West,Website,Furniture,Bookshelf,1,19160.45,0.15,16286.38,UPI,Completed,2025-09
ORD100664,2025-04-08,CUST10661,South,Mobile App,Fashion,T-Shirt,1,674.83,0.2,539.86,Credit Card,Completed,2025-04
ORD100665,2025-08-04,CUST10325,South,Website,Electronics,Monitor,3,1622.61,0.15,4137.66,Cash on Delivery,Completed,2025-08
ORD100666,2025-07-11,CUST10624,East,Website,Electronics,Laptop,2,2806.5,0.2,4490.4,Credit Card,Completed,2025-07
ORD100667,2025-10-31,CUST10554,West,Website,Beauty,Sunscreen,2,3747.99,0.05,7121.18,UPI,Completed,2025-10
ORD100668,2025-04-15,CUST10683,South,Marketplace,Fashion,Jacket,1,2128.41,0.1,1915.57,Debit Card,Completed,2025-04
ORD100669,2025-01-26,CUST10176,West,Marketplace,Fashion,Jeans,1,1846.56,0.2,1477.25,UPI,Completed,2025-01
ORD100670,2025-01-03,CUST10864,North,Marketplace,Home & Kitchen,Coffee Maker,1,10153.66,0.0,10153.66,Net Banking,Completed,2025-01
ORD100671,2025-10-04,CUST10483,South,Marketplace,Fashion,Jeans,1,2332.81,0.15,1982.89,Net Banking,Completed,2025-10
ORD100672,2025-04-27,CUST10662,West,Website,Beauty,Sunscreen,3,4951.65,0.0,14854.95,Credit Card,Completed,2025-04
ORD100673,2025-10-06,CUST10058,North,Marketplace,Home & Kitchen,Vacuum Cleaner,3,5786.76,0.1,0.0,Net Banking,Cancelled,2025-10
ORD100674,2025-04-24,CUST10867,South,Marketplace,Home & Kitchen,Coffee Maker,3,1161.3,0.25,2612.92,UPI,Completed,2025-04
ORD100675,2025-09-01,CUST10823,South,Mobile App,Electronics,Smartphone,3,47545.24,0.15,121240.36,UPI,Completed,2025-09
ORD100676,2025-01-02,CUST10176,Central,Marketplace,Electronics,Monitor,1,4884.91,0.15,4152.17,Cash on Delivery,Completed,2025-01
ORD100677,2025-02-01,CUST10549,North,Mobile App,Home & Kitchen,Vacuum Cleaner,1,907.69,0.2,726.15,Debit Card,Completed,2025-02
ORD100678,2025-05-06,CUST10142,South,Website,Beauty,Perfume,2,716.69,0.15,1218.37,Debit Card,Completed,2025-05
ORD100679,2025-11-16,CUST10219,East,Website,Beauty,Moisturizer,2,1294.74,0.15,2201.06,Credit Card,Completed,2025-11
ORD100680,2025-05-20,CUST10708,Central,Mobile App,Beauty,Sunscreen,1,2277.91,0.2,1822.33,Net Banking,Completed,2025-05
ORD100681,2025-10-24,CUST10417,West,Mobile App,Beauty,Sunscreen,1,2524.84,0.15,2146.11,Credit Card,Completed,2025-10
ORD100682,2025-08-10,CUST10306,East,Website,Beauty,Shampoo,2,2438.27,0.1,4388.89,UPI,Completed,2025-08
ORD100683,2025-09-23,CUST10635,West,Website,Beauty,Moisturizer,2,312.69,0.15,531.57,UPI,Completed,2025-09
ORD100684,2025-06-29,CUST10432,West,Website,Furniture,Sofa,1,6077.76,0.15,5166.1,Credit Card,Completed,2025-06
ORD100685,2025-09-21,CUST10157,South,Website,Electronics,Headphones,1,9192.12,0.15,7813.3,UPI,Completed,2025-09
ORD100686,2025-11-19,CUST10068,South,Mobile App,Home & Kitchen,Coffee Maker,1,11955.8,0.1,10760.22,UPI,Completed,2025-11
ORD100687,2025-03-14,CUST10340,South,Website,Home & Kitchen,Mixer Grinder,1,12560.93,0.2,10048.74,UPI,Completed,2025-03
ORD100688,2025-09-16,CUST10758,West,Marketplace,Electronics,Headphones,1,2734.48,0.0,2734.48,Net Banking,Completed,2025-09
ORD100689,2025-08-01,CUST10463,East,Website,Fashion,Jeans,1,2541.42,0.15,2160.21,UPI,Completed,2025-08
ORD100690,2025-07-31,CUST10426,West,Mobile App,Home & Kitchen,Vacuum Cleaner,1,5540.28,0.05,5263.27,Credit Card,Completed,2025-07
ORD100691,2025-02-26,CUST10150,South,Mobile App,Electronics,Smartphone,2,3119.01,0.1,5614.22,Credit Card,Completed,2025-02
ORD100692,2025-06-30,CUST10106,Central,Mobile App,Fashion,Backpack,1,628.81,0.2,503.05,Credit Card,Completed,2025-06
ORD100693,2025-12-19,CUST10530,East,Marketplace,Beauty,Moisturizer,3,354.52,0.2,850.85,Credit Card,Completed,2025-12
ORD100694,2025-12-17,CUST10123,West,Website,Electronics,Smartphone,3,7033.57,0.2,16880.57,Credit Card,Completed,2025-12
ORD100695,2025-08-16,CUST10264,North,Marketplace,Furniture,Bedside Table,2,4041.64,0.05,7679.12,Credit Card,Completed,2025-08
ORD100696,2025-08-24,CUST10280,West,Marketplace,Fashion,Backpack,1,410.83,0.15,349.21,Debit Card,Completed,2025-08
ORD100697,2025-07-24,CUST10153,West,Marketplace,Furniture,Study Table,1,34225.43,0.05,32514.16,Net Banking,Completed,2025-07
ORD100698,2025-08-07,CUST10565,South,Mobile App,Home & Kitchen,Mixer Grinder,1,5883.26,0.2,4706.61,Debit Card,Completed,2025-08
ORD100699,2025-08-05,CUST10133,West,Website,Fashion,Backpack,1,2702.09,0.1,2431.88,Debit Card,Completed,2025-08
ORD100700,2025-11-28,CUST10380,South,Mobile App,Home & Kitchen,Vacuum Cleaner,1,5611.91,0.1,5050.72,Credit Card,Completed,2025-11
ORD100701,2025-09-01,CUST10278,North,Website,Home & Kitchen,Coffee Maker,1,6672.66,0.05,6339.03,UPI,Completed,2025-09
ORD100702,2025-02-20,CUST10613,East,Mobile App,Home & Kitchen,Coffee Maker,1,3982.63,0.25,0.0,UPI,Returned,2025-02
ORD100703,2025-03-22,CUST10681,South,Website,Fashion,Jeans,2,1872.16,0.2,2995.46,UPI,Completed,2025-03
ORD100704,2025-08-16,CUST10615,South,Website,Fashion,Jeans,4,1595.05,0.0,6380.2,Debit Card,Completed,2025-08
ORD100705,2025-12-18,CUST10818,East,Website,Furniture,Study Table,3,23186.29,0.2,55647.1,UPI,Completed,2025-12
ORD100706,2025-01-27,CUST10087,East,Website,Electronics,Headphones,2,16334.13,0.2,26134.61,Credit Card,Completed,2025-01
ORD100707,2025-11-09,CUST10685,West,Website,Home & Kitchen,Cookware Set,1,846.89,0.05,804.55,UPI,Completed,2025-11
ORD100708,2025-07-07,CUST10711,Central,Marketplace,Fashion,Jacket,1,4942.23,0.2,3953.78,Cash on Delivery,Completed,2025-07
ORD100709,2025-02-25,CUST10106,Central,Website,Fashion,Jacket,1,571.15,0.0,0.0,Debit Card,Returned,2025-02
ORD100710,2025-05-15,CUST10740,Central,Website,Beauty,Moisturizer,1,972.12,0.0,972.12,Debit Card,Completed,2025-05
ORD100711,2025-12-30,CUST10476,South,Website,Fashion,Backpack,1,1683.57,0.1,1515.21,Credit Card,Completed,2025-12
ORD100712,2025-01-20,CUST10667,South,Website,Beauty,Moisturizer,1,1380.88,0.2,0.0,Credit Card,Cancelled,2025-01
ORD100713,2025-08-20,CUST10363,North,Website,Beauty,Moisturizer,3,1074.43,0.05,3062.13,Debit Card,Completed,2025-08
ORD100714,2025-08-04,CUST10589,Central,Website,Electronics,Smartwatch,1,32492.6,0.1,29243.34,Credit Card,Completed,2025-08
ORD100715,2025-05-11,CUST10062,West,Website,Beauty,Shampoo,2,320.85,0.0,641.7,Credit Card,Completed,2025-05
ORD100716,2025-07-10,CUST10159,South,Website,Furniture,Bookshelf,1,2543.27,0.15,2161.78,UPI,Completed,2025-07
ORD100717,2025-12-21,CUST10338,North,Mobile App,Fashion,Jacket,1,1946.65,0.05,1849.32,UPI,Completed,2025-12
ORD100718,2025-04-09,CUST10465,South,Marketplace,Beauty,Face Wash,1,752.22,0.15,639.39,Cash on Delivery,Completed,2025-04
ORD100719,2025-05-20,CUST10236,Central,Website,Furniture,Study Table,1,2661.65,0.2,2129.32,Net Banking,Completed,2025-05
ORD100720,2025-03-25,CUST10854,South,Mobile App,Electronics,Smartphone,1,3670.76,0.05,3487.22,Debit Card,Completed,2025-03
ORD100721,2025-07-15,CUST10105,South,Mobile App,Electronics,Laptop,1,3859.79,0.05,0.0,UPI,Returned,2025-07
ORD100722,2025-08-27,CUST10620,North,Mobile App,Electronics,Monitor,1,1375.34,0.15,1169.04,Credit Card,Completed,2025-08
ORD100723,2025-08-26,CUST10696,South,Marketplace,Home & Kitchen,Cookware Set,3,7274.12,0.1,19640.12,UPI,Completed,2025-08
ORD100724,2025-11-04,CUST10829,North,Mobile App,Furniture,Office Chair,1,28561.71,0.15,24277.45,Credit Card,Completed,2025-11
ORD100725,2025-05-05,CUST10514,Central,Mobile App,Electronics,Monitor,1,4152.06,0.15,0.0,UPI,Returned,2025-05
ORD100726,2025-05-25,CUST10894,South,Mobile App,Furniture,Office Chair,5,14661.05,0.1,65974.73,UPI,Completed,2025-05
ORD100727,2025-06-07,CUST10034,East,Marketplace,Electronics,Laptop,1,22524.98,0.15,19146.23,UPI,Completed,2025-06
ORD100728,2025-09-16,CUST10426,East,Marketplace,Fashion,T-Shirt,1,1607.45,0.0,1607.45,Credit Card,Completed,2025-09
ORD100729,2025-10-15,CUST10134,South,Marketplace,Fashion,T-Shirt,2,1979.98,0.05,3761.96,UPI,Completed,2025-10
ORD100730,2025-11-04,CUST10569,South,Website,Fashion,Jeans,3,438.78,0.15,1118.89,Credit Card,Completed,2025-11
ORD100731,2025-08-07,CUST10223,North,Mobile App,Beauty,Shampoo,1,923.97,0.1,831.57,UPI,Completed,2025-08
ORD100732,2025-04-11,CUST10415,North,Mobile App,Furniture,Bedside Table,2,4537.95,0.1,8168.31,Credit Card,Completed,2025-04
ORD100733,2025-11-28,CUST10441,West,Website,Beauty,Perfume,1,881.75,0.15,749.49,Debit Card,Completed,2025-11
ORD100734,2025-07-01,CUST10569,East,Website,Furniture,Bedside Table,3,2954.95,0.0,0.0,Credit Card,Cancelled,2025-07
ORD100735,2025-12-18,CUST10555,South,Marketplace,Home & Kitchen,Vacuum Cleaner,1,2231.28,0.2,0.0,Credit Card,Cancelled,2025-12
ORD100736,2025-12-27,CUST10649,North,Mobile App,Fashion,Jeans,3,594.43,0.0,1783.29,Debit Card,Completed,2025-12
ORD100737,2025-06-15,CUST10755,North,Marketplace,Home & Kitchen,Cookware Set,1,3130.64,0.05,2974.11,Credit Card,Completed,2025-06
ORD100738,2025-10-27,CUST10627,North,Mobile App,Electronics,Laptop,2,24814.59,0.0,49629.18,Credit Card,Completed,2025-10
ORD100739,2025-04-08,CUST10351,North,Marketplace,Fashion,Jacket,2,6397.5,0.1,0.0,UPI,Cancelled,2025-04
ORD100740,2025-07-02,CUST10688,Central,Marketplace,Fashion,Sneakers,1,3904.26,0.2,3123.41,Cash on Delivery,Completed,2025-07
ORD100741,2025-04-12,CUST10869,North,Mobile App,Furniture,Office Chair,1,15362.59,0.0,15362.59,UPI,Completed,2025-04
ORD100742,2025-06-13,CUST10010,South,Mobile App,Beauty,Moisturizer,3,4330.74,0.1,12342.61,Credit Card,Completed,2025-06
ORD100743,2025-07-04,CUST10479,West,Mobile App,Electronics,Smartphone,1,4800.48,0.2,3840.38,UPI,Completed,2025-07
ORD100744,2025-08-11,CUST10242,North,Marketplace,Furniture,Bedside Table,1,3777.86,0.1,0.0,UPI,Returned,2025-08
ORD100745,2025-07-05,CUST10423,West,Website,Furniture,Study Table,1,2816.94,0.15,2394.4,UPI,Completed,2025-07
ORD100746,2025-12-30,CUST10666,Central,Mobile App,Beauty,Shampoo,2,4365.56,0.15,7421.45,Debit Card,Completed,2025-12
ORD100747,2025-09-09,CUST10696,Central,Mobile App,Beauty,Shampoo,1,1117.64,0.1,0.0,UPI,Cancelled,2025-09
ORD100748,2025-02-07,CUST10563,South,Website,Furniture,Bookshelf,2,2639.92,0.2,4223.87,UPI,Completed,2025-02
ORD100749,2025-06-07,CUST10186,East,Mobile App,Home & Kitchen,Air Fryer,1,16506.91,0.15,14030.87,Cash on Delivery,Completed,2025-06
ORD100750,2025-08-23,CUST10389,South,Marketplace,Home & Kitchen,Air Fryer,1,6923.28,0.2,5538.62,Debit Card,Completed,2025-08
ORD100751,2025-10-02,CUST10156,West,Website,Fashion,T-Shirt,5,712.37,0.05,3383.76,Credit Card,Completed,2025-10
ORD100752,2025-12-26,CUST10790,North,Mobile App,Home & Kitchen,Coffee Maker,3,1159.84,0.1,3131.57,UPI,Completed,2025-12
ORD100753,2025-02-28,CUST10187,North,Mobile App,Home & Kitchen,Coffee Maker,2,15921.63,0.05,30251.1,Credit Card,Completed,2025-02
ORD100754,2025-02-17,CUST10287,North,Mobile App,Home & Kitchen,Air Fryer,4,3967.66,0.05,15077.11,UPI,Completed,2025-02
ORD100755,2025-03-16,CUST10791,West,Website,Electronics,Headphones,2,28705.84,0.0,57411.68,UPI,Completed,2025-03
ORD100756,2025-04-14,CUST10469,South,Mobile App,Electronics,Headphones,1,6346.29,0.0,0.0,Credit Card,Cancelled,2025-04
ORD100757,2025-08-07,CUST10350,East,Website,Fashion,Jeans,2,1649.05,0.2,2638.48,Net Banking,Completed,2025-08
ORD100758,2025-10-20,CUST10050,South,Website,Beauty,Face Wash,1,1938.52,0.15,1647.74,UPI,Completed,2025-10
ORD100759,2025-04-14,CUST10442,South,Mobile App,Beauty,Perfume,1,2185.87,0.1,1967.28,UPI,Completed,2025-04
ORD100760,2025-12-03,CUST10557,West,Mobile App,Home & Kitchen,Air Fryer,2,11252.18,0.05,21379.14,Debit Card,Completed,2025-12
ORD100761,2025-12-15,CUST10780,South,Mobile App,Fashion,Backpack,2,555.96,0.0,1111.92,Cash on Delivery,Completed,2025-12
ORD100762,2025-04-05,CUST10662,South,Website,Furniture,Office Chair,1,23691.4,0.15,0.0,UPI,Returned,2025-04
ORD100763,2025-11-21,CUST10230,East,Website,Beauty,Shampoo,1,1831.72,0.2,1465.38,Cash on Delivery,Completed,2025-11
ORD100764,2025-04-29,CUST10238,North,Mobile App,Beauty,Moisturizer,1,1448.25,0.2,1158.6,UPI,Completed,2025-04
ORD100765,2025-07-31,CUST10790,West,Website,Furniture,Sofa,1,10329.08,0.1,9296.17,Cash on Delivery,Completed,2025-07
ORD100766,2025-01-04,CUST10307,North,Mobile App,Electronics,Smartwatch,1,22887.9,0.15,19454.72,Credit Card,Completed,2025-01
ORD100767,2025-04-21,CUST10873,South,Website,Electronics,Smartphone,1,74830.82,0.1,67347.74,Credit Card,Completed,2025-04
ORD100768,2025-01-05,CUST10419,North,Website,Furniture,Bookshelf,2,2092.05,0.1,3765.69,Cash on Delivery,Completed,2025-01
ORD100769,2025-02-14,CUST10529,East,Mobile App,Beauty,Perfume,1,3969.91,0.1,3572.92,Cash on Delivery,Completed,2025-02
ORD100770,2025-01-26,CUST10834,North,Mobile App,Beauty,Moisturizer,1,3321.76,0.05,3155.67,UPI,Completed,2025-01
ORD100771,2025-01-29,CUST10144,South,Marketplace,Beauty,Face Wash,3,497.54,0.1,1343.36,Credit Card,Completed,2025-01
ORD100772,2025-02-09,CUST10265,Central,Mobile App,Electronics,Headphones,2,8278.43,0.15,0.0,UPI,Cancelled,2025-02
ORD100773,2025-09-13,CUST10480,East,Mobile App,Electronics,Laptop,2,6401.17,0.15,0.0,UPI,Returned,2025-09
ORD100774,2025-01-06,CUST10028,West,Mobile App,Beauty,Perfume,1,1049.92,0.05,997.42,UPI,Completed,2025-01
ORD100775,2025-12-19,CUST10778,East,Website,Beauty,Moisturizer,1,2774.1,0.25,2080.57,UPI,Completed,2025-12
ORD100776,2025-10-13,CUST10742,South,Website,Home & Kitchen,Mixer Grinder,1,1014.88,0.05,964.14,UPI,Completed,2025-10
ORD100777,2025-09-25,CUST10096,West,Website,Electronics,Smartphone,1,21282.45,0.05,20218.33,Credit Card,Completed,2025-09
ORD100778,2025-03-02,CUST10306,Central,Website,Electronics,Headphones,3,2658.43,0.05,7576.53,UPI,Completed,2025-03
ORD100779,2025-04-10,CUST10003,South,Website,Home & Kitchen,Mixer Grinder,2,4647.83,0.05,8830.88,Cash on Delivery,Completed,2025-04
ORD100780,2025-08-30,CUST10294,North,Marketplace,Fashion,Jeans,3,848.93,0.05,2419.45,UPI,Completed,2025-08
ORD100781,2025-10-17,CUST10348,North,Marketplace,Electronics,Smartphone,1,14486.4,0.0,14486.4,Credit Card,Completed,2025-10
ORD100782,2025-04-20,CUST10827,Central,Website,Electronics,Laptop,5,17383.46,0.1,78225.57,UPI,Completed,2025-04
ORD100783,2025-05-18,CUST10540,Central,Mobile App,Electronics,Smartwatch,1,44807.06,0.05,42566.71,UPI,Completed,2025-05
ORD100784,2025-12-08,CUST10575,West,Marketplace,Home & Kitchen,Mixer Grinder,1,10873.46,0.1,9786.11,UPI,Completed,2025-12
ORD100785,2025-07-06,CUST10392,West,Website,Furniture,Bookshelf,3,2003.32,0.1,5408.96,UPI,Completed,2025-07
ORD100786,2025-02-21,CUST10413,East,Marketplace,Beauty,Shampoo,1,4204.19,0.2,3363.35,Debit Card,Completed,2025-02
ORD100787,2025-06-23,CUST10406,North,Marketplace,Furniture,Bedside Table,1,4124.9,0.1,3712.41,Net Banking,Completed,2025-06
ORD100788,2025-07-01,CUST10394,East,Website,Fashion,Jacket,5,567.81,0.1,2555.14,UPI,Completed,2025-07
ORD100789,2025-03-02,CUST10479,East,Website,Furniture,Office Chair,3,4535.1,0.15,11564.51,Credit Card,Completed,2025-03
ORD100790,2025-05-20,CUST10064,West,Marketplace,Beauty,Face Wash,1,812.8,0.1,731.52,UPI,Completed,2025-05
ORD100791,2025-02-17,CUST10382,South,Website,Home & Kitchen,Vacuum Cleaner,3,4571.96,0.2,10972.7,Debit Card,Completed,2025-02
ORD100792,2025-10-05,CUST10261,West,Website,Beauty,Moisturizer,1,1494.32,0.15,1270.17,Cash on Delivery,Completed,2025-10
ORD100793,2025-08-07,CUST10326,North,Website,Electronics,Smartwatch,1,13416.87,0.1,12075.18,Credit Card,Completed,2025-08
ORD100794,2025-02-11,CUST10264,North,Website,Fashion,Sneakers,4,1402.58,0.0,5610.32,Net Banking,Completed,2025-02
ORD100795,2025-11-20,CUST10373,South,Website,Home & Kitchen,Coffee Maker,4,6324.68,0.1,22768.85,UPI,Completed,2025-11
ORD100796,2025-01-09,CUST10049,South,Marketplace,Beauty,Face Wash,1,1433.59,0.1,0.0,UPI,Returned,2025-01
ORD100797,2025-07-08,CUST10347,South,Mobile App,Furniture,Sofa,2,5570.18,0.1,10026.32,Debit Card,Completed,2025-07
ORD100798,2025-04-18,CUST10709,East,Mobile App,Electronics,Smartphone,2,25746.28,0.2,41194.05,UPI,Completed,2025-04
ORD100799,2025-04-30,CUST10643,East,Mobile App,Electronics,Smartphone,3,2085.82,0.1,5631.71,UPI,Completed,2025-04
ORD100800,2025-06-27,CUST10613,West,Mobile App,Furniture,Office Chair,3,17835.56,0.1,0.0,Debit Card,Returned,2025-06
ORD100801,2025-06-04,CUST10710,North,Website,Beauty,Moisturizer,1,1124.1,0.05,1067.89,Debit Card,Completed,2025-06
ORD100802,2025-08-02,CUST10335,North,Marketplace,Electronics,Monitor,4,7856.48,0.0,31425.92,UPI,Completed,2025-08
ORD100803,2025-07-23,CUST10014,West,Mobile App,Fashion,Jacket,2,2348.32,0.05,0.0,UPI,Returned,2025-07
ORD100804,2025-04-09,CUST10086,North,Website,Furniture,Office Chair,5,25690.26,0.15,0.0,UPI,Returned,2025-04
ORD100805,2025-09-21,CUST10306,East,Website,Electronics,Smartwatch,1,2197.35,0.25,0.0,Debit Card,Returned,2025-09
ORD100806,2025-11-01,CUST10199,West,Website,Home & Kitchen,Cookware Set,1,1493.46,0.1,1344.11,Credit Card,Completed,2025-11
ORD100807,2025-02-11,CUST10196,Central,Website,Home & Kitchen,Vacuum Cleaner,2,2213.21,0.1,3983.78,Debit Card,Completed,2025-02
ORD100808,2025-06-24,CUST10848,East,Mobile App,Fashion,Jeans,1,1089.68,0.05,1035.2,UPI,Completed,2025-06
ORD100809,2025-01-10,CUST10296,West,Website,Beauty,Shampoo,2,823.11,0.2,0.0,Credit Card,Cancelled,2025-01
ORD100810,2025-09-24,CUST10682,South,Website,Beauty,Perfume,2,1612.98,0.1,2903.36,UPI,Completed,2025-09
ORD100811,2025-03-18,CUST10139,North,Marketplace,Home & Kitchen,Air Fryer,2,15177.54,0.1,27319.57,Credit Card,Completed,2025-03
ORD100812,2025-09-19,CUST10393,South,Mobile App,Fashion,Sneakers,2,4045.7,0.25,6068.55,Net Banking,Completed,2025-09
ORD100813,2025-09-30,CUST10543,West,Mobile App,Home & Kitchen,Air Fryer,3,2176.22,0.15,5549.36,UPI,Completed,2025-09
ORD100814,2025-09-14,CUST10465,West,Mobile App,Furniture,Bedside Table,2,4847.71,0.05,9210.65,UPI,Completed,2025-09
ORD100815,2025-11-29,CUST10279,Central,Website,Electronics,Headphones,2,19624.72,0.15,33362.02,UPI,Completed,2025-11
ORD100816,2025-01-08,CUST10865,East,Website,Beauty,Shampoo,2,1098.36,0.1,1977.05,Debit Card,Completed,2025-01
ORD100817,2025-05-20,CUST10697,West,Mobile App,Fashion,Backpack,3,2198.65,0.25,4946.96,UPI,Completed,2025-05
ORD100818,2025-11-19,CUST10301,West,Mobile App,Fashion,T-Shirt,2,1136.2,0.2,1817.92,Debit Card,Completed,2025-11
ORD100819,2025-03-06,CUST10519,South,Website,Fashion,Backpack,2,656.68,0.15,1116.36,UPI,Completed,2025-03
ORD100820,2025-09-26,CUST10682,South,Website,Fashion,Backpack,2,432.31,0.2,691.7,Cash on Delivery,Completed,2025-09
ORD100821,2025-10-14,CUST10635,Central,Marketplace,Electronics,Laptop,3,3654.8,0.15,9319.74,Debit Card,Completed,2025-10
ORD100822,2025-10-20,CUST10138,North,Website,Electronics,Smartphone,1,49698.02,0.1,44728.22,Credit Card,Completed,2025-10
ORD100823,2025-11-02,CUST10662,South,Marketplace,Beauty,Moisturizer,2,3723.19,0.15,6329.42,UPI,Completed,2025-11
ORD100824,2025-01-02,CUST10532,South,Marketplace,Beauty,Shampoo,1,1216.93,0.0,0.0,Credit Card,Returned,2025-01
ORD100825,2025-01-03,CUST10647,South,Marketplace,Home & Kitchen,Cookware Set,1,763.98,0.1,0.0,UPI,Returned,2025-01
ORD100826,2025-07-05,CUST10886,South,Mobile App,Beauty,Sunscreen,2,1507.2,0.05,2863.68,Credit Card,Completed,2025-07
ORD100827,2025-11-25,CUST10001,South,Website,Beauty,Face Wash,1,1630.31,0.0,1630.31,Credit Card,Completed,2025-11
ORD100828,2025-04-06,CUST10139,Central,Mobile App,Beauty,Shampoo,1,500.97,0.25,0.0,Credit Card,Returned,2025-04
ORD100829,2025-05-20,CUST10294,East,Website,Home & Kitchen,Vacuum Cleaner,1,2320.89,0.1,2088.8,Cash on Delivery,Completed,2025-05
ORD100830,2025-01-28,CUST10130,West,Website,Home & Kitchen,Cookware Set,1,1217.82,0.0,1217.82,UPI,Completed,2025-01
ORD100831,2025-01-23,CUST10340,West,Mobile App,Home & Kitchen,Cookware Set,1,6969.82,0.15,5924.35,Cash on Delivery,Completed,2025-01
ORD100832,2025-08-12,CUST10684,East,Mobile App,Home & Kitchen,Coffee Maker,1,17622.11,0.0,0.0,UPI,Returned,2025-08
ORD100833,2025-10-23,CUST10756,West,Website,Home & Kitchen,Mixer Grinder,3,7882.16,0.05,22464.16,UPI,Completed,2025-10
ORD100834,2025-12-24,CUST10257,South,Mobile App,Home & Kitchen,Vacuum Cleaner,3,6289.1,0.05,17923.94,Net Banking,Completed,2025-12
ORD100835,2025-05-03,CUST10212,North,Website,Electronics,Smartphone,2,1185.53,0.05,2252.51,Debit Card,Completed,2025-05
ORD100836,2025-12-15,CUST10700,East,Website,Fashion,Jeans,4,2130.5,0.15,7243.7,Credit Card,Completed,2025-12
ORD100837,2025-10-22,CUST10807,South,Mobile App,Furniture,Bedside Table,2,5884.4,0.0,0.0,Debit Card,Returned,2025-10
ORD100838,2025-07-30,CUST10389,South,Marketplace,Beauty,Moisturizer,1,3202.24,0.1,2882.02,Debit Card,Completed,2025-07
ORD100839,2025-08-31,CUST10118,South,Website,Beauty,Perfume,1,502.03,0.15,426.73,UPI,Completed,2025-08
ORD100840,2025-08-08,CUST10317,West,Mobile App,Furniture,Office Chair,3,15428.54,0.1,41657.06,Credit Card,Completed,2025-08
ORD100841,2025-09-23,CUST10541,East,Mobile App,Home & Kitchen,Coffee Maker,2,9672.34,0.15,16442.98,Cash on Delivery,Completed,2025-09
ORD100842,2025-11-12,CUST10055,North,Website,Beauty,Perfume,1,1381.87,0.15,0.0,UPI,Cancelled,2025-11
ORD100843,2025-06-02,CUST10647,North,Mobile App,Home & Kitchen,Vacuum Cleaner,2,4112.61,0.15,6991.44,Credit Card,Completed,2025-06
ORD100844,2025-11-02,CUST10347,North,Website,Home & Kitchen,Vacuum Cleaner,4,2011.57,0.05,7643.97,Cash on Delivery,Completed,2025-11
ORD100845,2025-09-09,CUST10322,North,Website,Home & Kitchen,Cookware Set,1,1188.22,0.15,1009.99,Debit Card,Completed,2025-09
ORD100846,2025-06-23,CUST10706,East,Mobile App,Home & Kitchen,Mixer Grinder,4,1069.96,0.2,3423.87,Net Banking,Completed,2025-06
ORD100847,2025-09-10,CUST10337,South,Website,Electronics,Headphones,2,5333.88,0.1,9600.98,Cash on Delivery,Completed,2025-09
ORD100848,2025-11-24,CUST10820,East,Mobile App,Electronics,Monitor,2,12867.42,0.2,20587.87,Net Banking,Completed,2025-11
ORD100849,2025-09-10,CUST10645,South,Website,Beauty,Shampoo,1,1200.59,0.05,1140.56,Credit Card,Completed,2025-09
ORD100850,2025-09-15,CUST10582,North,Website,Electronics,Headphones,5,3437.51,0.05,16328.17,Credit Card,Completed,2025-09
ORD100851,2025-05-17,CUST10546,West,Website,Fashion,Backpack,2,4511.14,0.1,8120.05,UPI,Completed,2025-05
ORD100852,2025-06-18,CUST10555,West,Mobile App,Fashion,Sneakers,3,702.88,0.15,1792.34,Cash on Delivery,Completed,2025-06
ORD100853,2025-07-15,CUST10463,West,Mobile App,Furniture,Bookshelf,1,6808.37,0.2,5446.7,UPI,Completed,2025-07
ORD100854,2025-05-09,CUST10295,Central,Marketplace,Electronics,Smartphone,1,10828.49,0.0,10828.49,UPI,Completed,2025-05
ORD100855,2025-08-18,CUST10822,South,Marketplace,Home & Kitchen,Cookware Set,1,1523.12,0.15,1294.65,Cash on Delivery,Completed,2025-08
ORD100856,2025-01-30,CUST10133,East,Mobile App,Home & Kitchen,Cookware Set,2,925.1,0.05,1757.69,UPI,Completed,2025-01
ORD100857,2025-12-07,CUST10823,West,Website,Electronics,Monitor,1,4590.3,0.05,4360.78,UPI,Completed,2025-12
ORD100858,2025-10-18,CUST10677,East,Marketplace,Electronics,Smartwatch,1,49894.98,0.15,42410.73,UPI,Completed,2025-10
ORD100859,2025-08-29,CUST10792,South,Mobile App,Electronics,Headphones,1,29245.67,0.05,27783.39,UPI,Completed,2025-08
ORD100860,2025-03-26,CUST10022,South,Website,Home & Kitchen,Cookware Set,1,1225.66,0.2,0.0,UPI,Returned,2025-03
ORD100861,2025-06-17,CUST10295,North,Website,Fashion,Jeans,4,3238.61,0.1,0.0,UPI,Returned,2025-06
ORD100862,2025-05-21,CUST10838,South,Mobile App,Furniture,Office Chair,3,5257.16,0.15,13405.76,Credit Card,Completed,2025-05
ORD100863,2025-11-26,CUST10579,South,Website,Electronics,Monitor,2,3175.25,0.2,5080.4,Cash on Delivery,Completed,2025-11
ORD100864,2025-05-12,CUST10517,East,Website,Home & Kitchen,Coffee Maker,1,1067.92,0.0,1067.92,UPI,Completed,2025-05
ORD100865,2025-12-14,CUST10518,South,Website,Fashion,Sneakers,1,881.66,0.15,749.41,UPI,Completed,2025-12
ORD100866,2025-09-21,CUST10818,Central,Marketplace,Fashion,Backpack,1,649.65,0.15,0.0,Credit Card,Cancelled,2025-09
ORD100867,2025-12-04,CUST10269,West,Mobile App,Furniture,Bookshelf,2,2775.23,0.0,0.0,Net Banking,Returned,2025-12
ORD100868,2025-06-05,CUST10377,South,Website,Furniture,Office Chair,4,2168.13,0.0,8672.52,Debit Card,Completed,2025-06
ORD100869,2025-07-20,CUST10116,North,Website,Fashion,Backpack,1,742.45,0.15,631.08,Debit Card,Completed,2025-07
ORD100870,2025-12-16,CUST10672,South,Website,Beauty,Shampoo,3,1250.41,0.05,3563.67,Cash on Delivery,Completed,2025-12
ORD100871,2025-07-08,CUST10488,North,Marketplace,Home & Kitchen,Air Fryer,2,1390.94,0.15,2364.6,UPI,Completed,2025-07
ORD100872,2025-09-23,CUST10138,East,Mobile App,Electronics,Headphones,1,43653.58,0.1,39288.22,Net Banking,Completed,2025-09
ORD100873,2025-02-08,CUST10179,South,Mobile App,Furniture,Sofa,1,34245.04,0.05,32532.79,UPI,Completed,2025-02
ORD100874,2025-12-31,CUST10429,West,Mobile App,Beauty,Perfume,1,257.34,0.1,231.61,UPI,Completed,2025-12
ORD100875,2025-05-11,CUST10202,Central,Marketplace,Electronics,Headphones,2,1779.04,0.0,3558.08,Net Banking,Completed,2025-05
ORD100876,2025-10-04,CUST10661,South,Mobile App,Fashion,Jeans,1,983.06,0.1,884.75,UPI,Completed,2025-10
ORD100877,2025-12-15,CUST10485,West,Marketplace,Home & Kitchen,Coffee Maker,2,3349.33,0.1,6028.79,Credit Card,Completed,2025-12
ORD100878,2025-08-04,CUST10890,Central,Website,Beauty,Shampoo,1,2596.81,0.15,2207.29,Credit Card,Completed,2025-08
ORD100879,2025-10-25,CUST10319,South,Website,Home & Kitchen,Cookware Set,2,1707.3,0.1,0.0,UPI,Cancelled,2025-10
ORD100880,2025-07-12,CUST10422,Central,Mobile App,Furniture,Bookshelf,1,18791.17,0.05,17851.61,Net Banking,Completed,2025-07
ORD100881,2025-02-28,CUST10020,Central,Marketplace,Electronics,Smartwatch,1,47968.24,0.15,40773.0,Net Banking,Completed,2025-02
ORD100882,2025-09-21,CUST10572,West,Website,Furniture,Bookshelf,2,3146.71,0.1,5664.08,UPI,Completed,2025-09
ORD100883,2025-09-26,CUST10869,West,Mobile App,Home & Kitchen,Cookware Set,2,4110.5,0.0,8221.0,UPI,Completed,2025-09
ORD100884,2025-06-24,CUST10033,East,Marketplace,Fashion,Sneakers,1,423.2,0.0,423.2,UPI,Completed,2025-06
ORD100885,2025-06-18,CUST10151,North,Website,Beauty,Perfume,3,787.33,0.05,2243.89,Net Banking,Completed,2025-06
ORD100886,2025-10-07,CUST10182,South,Website,Electronics,Headphones,4,8493.11,0.2,27177.95,Debit Card,Completed,2025-10
ORD100887,2025-04-08,CUST10852,South,Mobile App,Furniture,Study Table,2,4454.52,0.1,8018.14,Cash on Delivery,Completed,2025-04
ORD100888,2025-04-14,CUST10022,North,Marketplace,Electronics,Headphones,1,2393.61,0.15,0.0,UPI,Cancelled,2025-04
ORD100889,2025-04-20,CUST10290,West,Marketplace,Furniture,Sofa,1,2572.35,0.1,2315.11,Cash on Delivery,Completed,2025-04
ORD100890,2025-12-25,CUST10194,North,Mobile App,Beauty,Shampoo,5,1752.99,0.2,7011.96,Cash on Delivery,Completed,2025-12
ORD100891,2025-05-12,CUST10008,Central,Marketplace,Electronics,Laptop,1,4561.68,0.05,4333.6,Credit Card,Completed,2025-05
ORD100892,2025-07-28,CUST10035,West,Mobile App,Electronics,Monitor,1,74238.07,0.15,63102.36,Debit Card,Completed,2025-07
ORD100893,2025-05-16,CUST10816,West,Marketplace,Fashion,T-Shirt,3,942.05,0.15,2402.23,UPI,Completed,2025-05
ORD100894,2025-05-28,CUST10126,Central,Marketplace,Furniture,Bedside Table,2,25806.96,0.25,38710.44,UPI,Completed,2025-05
ORD100895,2025-01-24,CUST10291,Central,Mobile App,Home & Kitchen,Cookware Set,2,2695.83,0.1,4852.49,UPI,Completed,2025-01
ORD100896,2025-05-05,CUST10889,West,Mobile App,Home & Kitchen,Coffee Maker,1,7785.59,0.0,7785.59,Net Banking,Completed,2025-05
ORD100897,2025-06-02,CUST10050,Central,Marketplace,Home & Kitchen,Vacuum Cleaner,3,3653.42,0.15,0.0,Credit Card,Cancelled,2025-06
ORD100898,2025-08-17,CUST10651,North,Website,Furniture,Bedside Table,4,9846.12,0.1,35446.03,UPI,Completed,2025-08
ORD100899,2025-11-30,CUST10295,West,Mobile App,Electronics,Smartphone,1,4940.36,0.1,4446.32,Debit Card,Completed,2025-11
ORD100900,2025-09-10,CUST10153,South,Mobile App,Beauty,Face Wash,1,2449.15,0.1,2081.78,Credit Card,Completed,2025-09
ORD100901,2025-02-21,CUST10496,South,Marketplace,Furniture,Office Chair,4,2770.76,0.1,9974.74,UPI,Completed,2025-02
ORD100902,2025-06-22,CUST10048,East,Mobile App,Home & Kitchen,Cookware Set,1,14591.6,0.1,13132.44,Cash on Delivery,Completed,2025-06
ORD100903,2025-07-12,CUST10239,Central,Marketplace,Home & Kitchen,Mixer Grinder,5,6160.74,0.1,27723.33,Cash on Delivery,Completed,2025-07
ORD100904,2025-10-17,CUST10460,West,Mobile App,Electronics,Laptop,1,4595.16,0.0,4595.16,UPI,Completed,2025-10
ORD100905,2025-05-30,CUST10203,South,Mobile App,Beauty,Perfume,3,349.02,0.1,942.35,Debit Card,Completed,2025-05
ORD100906,2025-01-16,CUST10306,East,Mobile App,Furniture,Sofa,2,3079.52,0.1,5543.14,UPI,Completed,2025-01
ORD100907,2025-09-01,CUST10392,West,Mobile App,Electronics,Laptop,1,1099.58,0.1,989.62,Debit Card,Completed,2025-09
ORD100908,2025-10-02,CUST10812,South,Website,Fashion,Backpack,1,1254.03,0.2,1003.22,Net Banking,Completed,2025-10
ORD100909,2025-02-13,CUST10240,East,Website,Home & Kitchen,Cookware Set,1,2073.22,0.05,1969.56,UPI,Completed,2025-02
ORD100910,2025-07-13,CUST10592,West,Mobile App,Home & Kitchen,Cookware Set,1,3639.37,0.1,3275.43,Credit Card,Completed,2025-07
ORD100911,2025-11-29,CUST10709,East,Mobile App,Home & Kitchen,Air Fryer,1,9771.11,0.2,7816.89,UPI,Completed,2025-11
ORD100912,2025-03-13,CUST10756,West,Mobile App,Beauty,Shampoo,1,271.86,0.1,244.67,Cash on Delivery,Completed,2025-03
ORD100913,2025-05-09,CUST10848,South,Website,Fashion,Jacket,1,3209.53,0.1,0.0,UPI,Returned,2025-05
ORD100914,2025-12-10,CUST10385,North,Website,Fashion,Sneakers,4,2833.75,0.1,10201.5,Credit Card,Completed,2025-12
ORD100915,2025-11-15,CUST10182,West,Mobile App,Fashion,Jeans,2,757.26,0.1,0.0,Debit Card,Returned,2025-11
ORD100916,2025-06-15,CUST10775,West,Mobile App,Fashion,Sneakers,2,1676.04,0.05,3184.48,Debit Card,Completed,2025-06
ORD100917,2025-08-20,CUST10662,South,Marketplace,Electronics,Smartwatch,1,2133.21,0.2,1706.57,Debit Card,Completed,2025-08
ORD100918,2025-09-12,CUST10776,South,Mobile App,Furniture,Bookshelf,1,29736.28,0.0,29736.28,Net Banking,Completed,2025-09
ORD100919,2025-08-03,CUST10632,South,Mobile App,Fashion,Sneakers,2,2640.15,0.25,3960.23,Debit Card,Completed,2025-08
ORD100920,2025-09-16,CUST10363,East,Website,Fashion,Jeans,5,723.08,0.15,3073.09,Debit Card,Completed,2025-09
ORD100921,2025-10-21,CUST10168,Central,Mobile App,Furniture,Bedside Table,2,10794.84,0.1,19430.71,Credit Card,Completed,2025-10
ORD100922,2025-04-04,CUST10003,West,Website,Fashion,Sneakers,1,488.54,0.15,415.26,Net Banking,Completed,2025-04
ORD100923,2025-04-11,CUST10457,South,Website,Electronics,Headphones,2,36920.85,0.15,62765.44,UPI,Completed,2025-04
ORD100924,2025-01-15,CUST10630,West,Website,Home & Kitchen,Mixer Grinder,3,7767.99,0.15,19808.37,Debit Card,Completed,2025-01
ORD100925,2025-02-16,CUST10450,West,Mobile App,Beauty,Shampoo,1,1458.62,0.15,1239.83,Credit Card,Completed,2025-02
ORD100926,2025-12-28,CUST10480,South,Website,Electronics,Smartphone,1,15825.39,0.15,0.0,UPI,Returned,2025-12
ORD100927,2025-12-13,CUST10247,North,Website,Electronics,Smartwatch,1,4417.59,0.05,4196.71,UPI,Completed,2025-12
ORD100928,2025-04-08,CUST10419,East,Mobile App,Fashion,Sneakers,1,613.94,0.1,552.55,Cash on Delivery,Completed,2025-04
ORD100929,2025-08-02,CUST10067,Central,Website,Electronics,Monitor,2,58848.33,0.15,0.0,Debit Card,Returned,2025-08
ORD100930,2025-05-10,CUST10390,East,Marketplace,Electronics,Monitor,1,70110.84,0.05,66605.3,UPI,Completed,2025-05
ORD100931,2025-11-15,CUST10811,Central,Marketplace,Beauty,Perfume,4,901.57,0.15,3065.34,Credit Card,Completed,2025-11
ORD100932,2025-11-08,CUST10715,East,Marketplace,Beauty,Face Wash,1,935.15,0.0,935.15,Credit Card,Completed,2025-11
ORD100933,2025-04-19,CUST10502,North,Website,Electronics,Smartphone,1,2326.4,0.05,2210.08,UPI,Completed,2025-04
ORD100934,2025-02-01,CUST10011,North,Website,Fashion,T-Shirt,2,2210.56,0.05,0.0,UPI,Cancelled,2025-02
ORD100935,2025-06-01,CUST10259,Central,Mobile App,Beauty,Shampoo,3,297.92,0.2,715.01,UPI,Completed,2025-06
ORD100936,2025-05-18,CUST10440,South,Website,Home & Kitchen,Vacuum Cleaner,1,1625.37,0.15,1381.56,Cash on Delivery,Completed,2025-05
ORD100937,2025-02-28,CUST10733,East,Marketplace,Electronics,Smartwatch,1,15058.63,0.05,14305.7,Credit Card,Completed,2025-02
ORD100938,2025-09-18,CUST10133,West,Marketplace,Electronics,Laptop,4,48856.88,0.1,175884.77,Net Banking,Completed,2025-09
ORD100939,2025-11-24,CUST10835,Central,Mobile App,Furniture,Study Table,4,29918.8,0.15,101723.92,Credit Card,Completed,2025-11
ORD100940,2025-03-09,CUST10180,Central,Website,Furniture,Bedside Table,1,4923.93,0.05,4677.73,Net Banking,Completed,2025-03
ORD100941,2025-03-26,CUST10857,East,Marketplace,Fashion,Jeans,1,3683.23,0.15,3130.75,Debit Card,Completed,2025-03
ORD100942,2025-03-21,CUST10528,West,Mobile App,Beauty,Face Wash,2,1899.22,0.1,3418.6,Cash on Delivery,Completed,2025-03
ORD100943,2025-03-29,CUST10688,West,Website,Furniture,Bookshelf,1,3935.82,0.2,3148.66,UPI,Completed,2025-03
ORD100944,2025-06-10,CUST10130,South,Website,Home & Kitchen,Mixer Grinder,4,4781.36,0.15,16256.62,UPI,Completed,2025-06
ORD100945,2025-07-26,CUST10288,North,Marketplace,Beauty,Face Wash,2,321.05,0.2,513.68,UPI,Completed,2025-07
ORD100946,2025-01-09,CUST10445,West,Mobile App,Furniture,Office Chair,1,15033.54,0.25,11275.16,Cash on Delivery,Completed,2025-01
ORD100947,2025-09-10,CUST10354,West,Marketplace,Beauty,Shampoo,4,1458.13,0.1,5249.27,UPI,Completed,2025-09
ORD100948,2025-11-22,CUST10033,Central,Mobile App,Fashion,Sneakers,2,3481.12,0.2,5569.79,Debit Card,Completed,2025-11
ORD100949,2025-02-16,CUST10372,North,Marketplace,Furniture,Study Table,2,3531.36,0.1,0.0,UPI,Returned,2025-02
ORD100950,2025-02-05,CUST10584,North,Website,Furniture,Bookshelf,5,3361.67,0.15,14287.1,Cash on Delivery,Completed,2025-02
ORD100951,2025-07-30,CUST10114,West,Marketplace,Fashion,Backpack,1,535.68,0.1,482.11,Credit Card,Completed,2025-07
ORD100952,2025-02-08,CUST10709,Central,Website,Home & Kitchen,Mixer Grinder,1,3900.1,0.1,0.0,Net Banking,Cancelled,2025-02
ORD100953,2025-03-14,CUST10162,West,Mobile App,Fashion,Jacket,1,841.78,0.2,673.42,UPI,Completed,2025-03
ORD100954,2025-05-13,CUST10719,South,Website,Fashion,T-Shirt,2,575.12,0.2,920.19,Cash on Delivery,Completed,2025-05
ORD100955,2025-05-02,CUST10358,West,Website,Home & Kitchen,Air Fryer,2,1320.11,0.2,2112.18,UPI,Completed,2025-05
ORD100956,2025-05-31,CUST10728,West,Mobile App,Furniture,Office Chair,2,26232.13,0.2,41971.41,UPI,Completed,2025-05
ORD100957,2025-04-05,CUST10378,East,Website,Electronics,Smartphone,1,3140.93,0.05,2983.88,Net Banking,Completed,2025-04
ORD100958,2025-09-06,CUST10199,East,Mobile App,Home & Kitchen,Vacuum Cleaner,1,10242.53,0.0,10242.53,Debit Card,Completed,2025-09
ORD100959,2025-07-10,CUST10517,Central,Mobile App,Fashion,Sneakers,3,739.59,0.05,2107.83,Cash on Delivery,Completed,2025-07
ORD100960,2025-09-06,CUST10810,East,Website,Home & Kitchen,Cookware Set,1,6205.37,0.15,0.0,Debit Card,Returned,2025-09
ORD100961,2025-03-15,CUST10354,Central,Mobile App,Electronics,Monitor,2,1256.85,0.2,2010.96,UPI,Completed,2025-03
ORD100962,2025-03-29,CUST10103,East,Website,Furniture,Bedside Table,3,8165.84,0.0,24497.52,Debit Card,Completed,2025-03
ORD100963,2025-12-05,CUST10337,South,Mobile App,Beauty,Sunscreen,2,3190.71,0.0,0.0,Net Banking,Cancelled,2025-12
ORD100964,2025-11-05,CUST10763,East,Mobile App,Beauty,Shampoo,1,458.84,0.0,0.0,Credit Card,Returned,2025-11
ORD100965,2025-04-05,CUST10534,South,Website,Fashion,Sneakers,1,2479.55,0.25,1859.66,UPI,Completed,2025-04
ORD100966,2025-02-19,CUST10712,West,Mobile App,Beauty,Sunscreen,1,3208.73,0.1,2887.86,Debit Card,Completed,2025-02
ORD100967,2025-10-24,CUST10280,West,Website,Beauty,Perfume,1,377.49,0.15,320.87,Cash on Delivery,Completed,2025-10
ORD100968,2025-01-09,CUST10888,East,Website,Beauty,Perfume,4,1544.48,0.2,4942.34,Credit Card,Completed,2025-01
ORD100969,2025-12-04,CUST10469,West,Website,Home & Kitchen,Vacuum Cleaner,4,17687.04,0.1,0.0,Credit Card,Cancelled,2025-12
ORD100970,2025-05-12,CUST10548,North,Website,Electronics,Monitor,1,5155.94,0.05,4898.14,UPI,Completed,2025-05
ORD100971,2025-11-01,CUST10620,North,Mobile App,Electronics,Smartphone,3,11069.05,0.1,29886.43,Debit Card,Completed,2025-11
ORD100972,2025-10-01,CUST10776,Central,Mobile App,Beauty,Face Wash,4,447.85,0.15,1522.69,Cash on Delivery,Completed,2025-10
ORD100973,2025-06-27,CUST10142,Central,Mobile App,Home & Kitchen,Cookware Set,1,2759.77,0.15,0.0,Debit Card,Cancelled,2025-06
ORD100974,2025-10-16,CUST10351,South,Mobile App,Home & Kitchen,Vacuum Cleaner,2,986.65,0.05,1874.63,UPI,Completed,2025-10
ORD100975,2025-11-30,CUST10315,South,Mobile App,Electronics,Smartphone,1,934.91,0.15,794.67,Cash on Delivery,Completed,2025-11
ORD100976,2025-11-12,CUST10685,South,Website,Fashion,Jeans,2,1232.3,0.05,2341.37,Debit Card,Completed,2025-11
ORD100977,2025-10-02,CUST10108,West,Mobile App,Beauty,Face Wash,5,3647.36,0.1,16413.12,Debit Card,Completed,2025-10
ORD100978,2025-03-03,CUST10027,North,Mobile App,Home & Kitchen,Coffee Maker,3,1889.6,0.1,5101.92,Cash on Delivery,Completed,2025-03
ORD100979,2025-07-18,CUST10058,Central,Marketplace,Beauty,Perfume,2,1370.73,0.2,2193.17,Credit Card,Completed,2025-07
ORD100980,2025-04-20,CUST10086,East,Website,Electronics,Monitor,1,18615.78,0.2,14892.62,UPI,Completed,2025-04
ORD100981,2025-05-27,CUST10661,North,Mobile App,Furniture,Office Chair,1,21258.25,0.1,19132.42,UPI,Completed,2025-05
ORD100982,2025-09-29,CUST10578,North,Website,Electronics,Smartwatch,3,32024.27,0.05,91269.17,Cash on Delivery,Completed,2025-09
ORD100983,2025-10-18,CUST10608,North,Marketplace,Electronics,Headphones,1,48407.96,0.1,43567.16,Credit Card,Completed,2025-10
ORD100984,2025-05-19,CUST10246,Central,Website,Furniture,Sofa,1,2547.56,0.1,2292.8,UPI,Completed,2025-05
ORD100985,2025-03-17,CUST10365,East,Mobile App,Beauty,Shampoo,3,851.62,0.1,2299.37,UPI,Completed,2025-03
ORD100986,2025-02-16,CUST10528,North,Website,Furniture,Bedside Table,1,32339.02,0.15,27488.17,Credit Card,Completed,2025-02
ORD100987,2025-07-26,CUST10603,South,Mobile App,Electronics,Headphones,1,9809.33,0.1,8828.4,UPI,Completed,2025-07
ORD100988,2025-11-15,CUST10269,West,Mobile App,Beauty,Sunscreen,2,3043.6,0.2,4869.76,Credit Card,Completed,2025-11
ORD100989,2025-03-10,CUST10642,Central,Mobile App,Home & Kitchen,Coffee Maker,2,5537.91,0.05,10522.03,UPI,Completed,2025-03
ORD100990,2025-04-18,CUST10589,Central,Marketplace,Beauty,Face Wash,1,578.64,0.2,462.91,Debit Card,Completed,2025-04
ORD100991,2025-12-19,CUST10309,East,Mobile App,Electronics,Smartwatch,4,12363.2,0.0,49452.8,Debit Card,Completed,2025-12
ORD100992,2025-06-15,CUST10645,East,Mobile App,Beauty,Shampoo,1,2735.0,0.2,2188.0,Net Banking,Completed,2025-06
ORD100993,2025-10-06,CUST10278,South,Website,Fashion,Jeans,1,1384.99,0.15,1177.24,Net Banking,Completed,2025-10
ORD100994,2025-04-30,CUST10269,Central,Website,Fashion,Backpack,5,704.7,0.0,0.0,Credit Card,Returned,2025-04
ORD100995,2025-11-22,CUST10591,East,Marketplace,Furniture,Sofa,2,22009.53,0.15,37416.2,UPI,Completed,2025-11
ORD100996,2025-01-09,CUST10140,East,Mobile App,Home & Kitchen,Cookware Set,1,9459.7,0.1,8513.73,Debit Card,Completed,2025-01
ORD100997,2025-04-14,CUST10209,West,Mobile App,Home & Kitchen,Cookware Set,3,745.07,0.05,2123.45,Debit Card,Completed,2025-04
ORD100998,2025-10-15,CUST10486,West,Marketplace,Furniture,Sofa,1,19289.58,0.15,16396.14,Cash on Delivery,Completed,2025-10
ORD100999,2025-12-07,CUST10364,Central,Mobile App,Beauty,Shampoo,1,3868.19,0.1,3481.37,UPI,Completed,2025-12
ORD101000,2025-12-02,CUST10222,West,Website,Electronics,Laptop,2,3096.37,0.1,5573.47,UPI,Completed,2025-12
ORD101001,2025-12-12,CUST10775,South,Mobile App,Furniture,Bookshelf,4,5795.56,0.1,0.0,UPI,Cancelled,2025-12
ORD101002,2025-03-26,CUST10048,East,Website,Electronics,Monitor,1,64997.41,0.1,58497.67,UPI,Completed,2025-03
ORD101003,2025-11-01,CUST10739,West,Mobile App,Electronics,Laptop,2,1064.81,0.05,0.0,Debit Card,Cancelled,2025-11
ORD101004,2025-01-07,CUST10259,South,Website,Fashion,Jacket,1,834.85,0.05,793.11,Cash on Delivery,Completed,2025-01
ORD101005,2025-04-25,CUST10877,South,Mobile App,Beauty,Sunscreen,2,2319.4,0.15,3942.98,UPI,Completed,2025-04
ORD101006,2025-05-11,CUST10819,West,Mobile App,Fashion,Jeans,1,2782.49,0.15,2365.12,Net Banking,Completed,2025-05
ORD101007,2025-11-16,CUST10275,South,Marketplace,Beauty,Shampoo,1,752.69,0.2,602.15,Debit Card,Completed,2025-11
ORD101008,2025-10-30,CUST10612,West,Mobile App,Fashion,Sneakers,3,1257.57,0.25,2829.53,Cash on Delivery,Completed,2025-10
ORD101009,2025-01-09,CUST10235,East,Website,Fashion,T-Shirt,1,1846.38,0.0,1846.38,UPI,Completed,2025-01
ORD101010,2025-08-02,CUST10322,North,Mobile App,Home & Kitchen,Cookware Set,2,3844.35,0.0,7688.7,UPI,Completed,2025-08
ORD101011,2025-06-16,CUST10070,West,Mobile App,Home & Kitchen,Air Fryer,1,2654.43,0.1,2388.99,UPI,Completed,2025-06
ORD101012,2025-03-15,CUST10226,Central,Mobile App,Home & Kitchen,Coffee Maker,1,7869.97,0.05,7476.47,UPI,Completed,2025-03
ORD101013,2025-02-26,CUST10657,East,Website,Electronics,Monitor,2,11252.6,0.15,19129.42,Credit Card,Completed,2025-02
ORD101014,2025-11-15,CUST10559,Central,Mobile App,Fashion,Jacket,2,1067.88,0.0,2135.76,Credit Card,Completed,2025-11
ORD101015,2025-11-27,CUST10371,West,Mobile App,Home & Kitchen,Mixer Grinder,1,5540.21,0.0,5540.21,UPI,Completed,2025-11
ORD101016,2025-08-25,CUST10185,South,Mobile App,Home & Kitchen,Mixer Grinder,1,17402.98,0.0,17402.98,Credit Card,Completed,2025-08
ORD101017,2025-04-28,CUST10342,West,Website,Beauty,Sunscreen,2,656.58,0.2,0.0,UPI,Returned,2025-04
ORD101018,2025-05-31,CUST10342,South,Website,Electronics,Headphones,2,10895.63,0.1,19612.13,Credit Card,Completed,2025-05
ORD101019,2025-04-12,CUST10893,Central,Website,Beauty,Perfume,1,1968.37,0.15,0.0,UPI,Cancelled,2025-04
ORD101020,2025-01-31,CUST10734,South,Marketplace,Electronics,Smartphone,1,22618.59,0.15,19225.8,Credit Card,Completed,2025-01
ORD101021,2025-10-11,CUST10625,North,Mobile App,Fashion,Jeans,3,809.36,0.05,2306.68,Net Banking,Completed,2025-10
ORD101022,2025-10-09,CUST10525,North,Marketplace,Home & Kitchen,Mixer Grinder,1,726.47,0.0,726.47,UPI,Completed,2025-10
ORD101023,2025-06-28,CUST10135,South,Website,Home & Kitchen,Air Fryer,1,4168.7,0.05,3960.26,Credit Card,Completed,2025-06
ORD101024,2025-05-05,CUST10349,South,Website,Furniture,Study Table,1,5088.4,0.15,4325.14,Credit Card,Completed,2025-05
ORD101025,2025-10-15,CUST10645,North,Website,Electronics,Headphones,1,9437.49,0.0,9437.49,Credit Card,Completed,2025-10
ORD101026,2025-04-17,CUST10857,West,Mobile App,Furniture,Bookshelf,4,34000.9,0.1,122403.24,UPI,Completed,2025-04
ORD101027,2025-05-13,CUST10202,East,Website,Electronics,Headphones,3,3024.04,0.1,8164.91,UPI,Completed,2025-05
ORD101028,2025-01-14,CUST10628,East,Website,Fashion,Backpack,1,3181.33,0.1,2863.2,UPI,Completed,2025-01
ORD101029,2025-09-11,CUST10771,West,Mobile App,Fashion,Backpack,1,3826.92,0.2,3061.54,UPI,Completed,2025-09
ORD101030,2025-11-17,CUST10138,South,Website,Home & Kitchen,Air Fryer,1,4840.75,0.0,4840.75,UPI,Completed,2025-11
ORD101031,2025-08-31,CUST10359,South,Mobile App,Beauty,Face Wash,2,316.82,0.0,0.0,Cash on Delivery,Returned,2025-08
ORD101032,2025-07-22,CUST10268,West,Mobile App,Fashion,Jeans,1,3927.39,0.2,3141.91,Credit Card,Completed,2025-07
ORD101033,2025-08-06,CUST10142,Central,Website,Furniture,Office Chair,1,11200.57,0.15,9520.48,UPI,Completed,2025-08
ORD101034,2025-11-11,CUST10528,Central,Marketplace,Beauty,Face Wash,2,1336.15,0.15,2271.45,Debit Card,Completed,2025-11
ORD101035,2025-08-08,CUST10123,South,Website,Home & Kitchen,Vacuum Cleaner,1,1395.58,0.15,1186.24,Debit Card,Completed,2025-08
ORD101036,2025-10-14,CUST10533,West,Marketplace,Electronics,Laptop,3,72462.02,0.15,0.0,Cash on Delivery,Returned,2025-10
ORD101037,2025-12-13,CUST10282,West,Mobile App,Home & Kitchen,Vacuum Cleaner,3,2437.1,0.1,6580.17,Net Banking,Completed,2025-12
ORD101038,2025-10-02,CUST10596,West,Marketplace,Fashion,Jacket,4,666.96,0.25,2000.88,UPI,Completed,2025-10
ORD101039,2025-07-22,CUST10082,East,Website,Furniture,Sofa,2,15762.94,0.05,29949.59,Credit Card,Completed,2025-07
ORD101040,2025-01-07,CUST10691,Unknown,Website,Electronics,Monitor,3,12611.51,0.2,30267.62,UPI,Completed,2025-01
ORD101041,2025-10-19,CUST10879,South,Website,Electronics,Monitor,2,10118.78,0.05,0.0,Credit Card,Cancelled,2025-10
ORD101042,2025-01-05,CUST10456,South,Website,Beauty,Perfume,1,3221.17,0.15,2737.99,Credit Card,Completed,2025-01
ORD101043,2025-06-22,CUST10082,South,Website,Home & Kitchen,Cookware Set,2,11985.47,0.0,23970.94,UPI,Completed,2025-06
ORD101044,2025-05-22,CUST10722,South,Marketplace,Electronics,Laptop,1,7887.71,0.15,0.0,UPI,Cancelled,2025-05
ORD101045,2025-08-20,CUST10023,South,Website,Electronics,Headphones,2,27962.03,0.0,55924.06,Credit Card,Completed,2025-08
ORD101046,2025-01-30,CUST10785,West,Website,Fashion,Sneakers,1,792.52,0.1,713.27,UPI,Completed,2025-01
ORD101047,2025-03-05,CUST10170,Central,Mobile App,Electronics,Headphones,4,2589.22,0.1,9321.19,Debit Card,Completed,2025-03
ORD101048,2025-11-14,CUST10635,South,Website,Furniture,Study Table,2,5998.14,0.1,10796.65,UPI,Completed,2025-11
ORD101049,2025-07-15,CUST10198,West,Mobile App,Beauty,Perfume,2,255.29,0.1,459.52,UPI,Completed,2025-07
ORD101050,2025-08-14,CUST10479,West,Marketplace,Furniture,Study Table,1,11017.98,0.05,10467.08,Debit Card,Completed,2025-08
ORD101051,2025-12-17,CUST10729,Central,Website,Fashion,T-Shirt,1,5788.57,0.05,5499.14,Credit Card,Completed,2025-12
ORD101052,2025-04-21,CUST10208,West,Mobile App,Electronics,Smartphone,1,22057.09,0.1,19851.38,UPI,Completed,2025-04
ORD101053,2025-04-18,CUST10452,South,Marketplace,Electronics,Laptop,1,17671.41,0.15,15020.7,UPI,Completed,2025-04
ORD101054,2025-08-21,CUST10376,South,Website,Fashion,T-Shirt,2,1148.98,0.05,2183.06,UPI,Completed,2025-08
ORD101055,2025-04-27,CUST10822,East,Marketplace,Fashion,Jacket,3,470.26,0.05,1340.24,UPI,Completed,2025-04
ORD101056,2025-01-31,CUST10449,Central,Mobile App,Electronics,Laptop,2,11175.13,0.15,18997.72,UPI,Completed,2025-01
ORD101057,2025-08-06,CUST10674,South,Marketplace,Beauty,Sunscreen,1,3511.66,0.05,3336.08,Credit Card,Completed,2025-08
ORD101058,2025-10-15,CUST10130,South,Marketplace,Home & Kitchen,Cookware Set,1,16487.8,0.15,14014.63,Net Banking,Completed,2025-10
ORD101059,2025-03-31,CUST10441,North,Website,Electronics,Laptop,1,10150.39,0.15,8627.83,UPI,Completed,2025-03
ORD101060,2025-09-10,CUST10561,West,Marketplace,Furniture,Study Table,5,22065.5,0.15,93778.38,Debit Card,Completed,2025-09
ORD101061,2025-09-17,CUST10735,South,Marketplace,Beauty,Moisturizer,2,2179.53,0.1,3923.15,Cash on Delivery,Completed,2025-09
ORD101062,2025-01-11,CUST10084,North,Website,Beauty,Face Wash,4,824.34,0.2,2637.89,Debit Card,Completed,2025-01
ORD101063,2025-04-16,CUST10811,East,Website,Furniture,Sofa,1,2721.54,0.1,2449.39,Credit Card,Completed,2025-04
ORD101064,2025-01-06,CUST10019,North,Website,Home & Kitchen,Coffee Maker,5,2507.71,0.0,12538.55,UPI,Completed,2025-01
ORD101065,2025-12-02,CUST10709,West,Marketplace,Furniture,Bookshelf,5,1986.85,0.2,7947.4,UPI,Completed,2025-12
ORD101066,2025-07-21,CUST10128,South,Mobile App,Beauty,Shampoo,2,732.06,0.15,1244.5,Credit Card,Completed,2025-07
ORD101067,2025-05-07,CUST10195,South,Mobile App,Fashion,Jeans,2,574.58,0.2,919.33,UPI,Completed,2025-05
ORD101068,2025-10-01,CUST10494,South,Mobile App,Electronics,Laptop,1,2251.73,0.0,2251.73,Debit Card,Completed,2025-10
ORD101069,2025-04-08,CUST10738,East,Mobile App,Furniture,Bedside Table,2,2659.3,0.05,5052.67,UPI,Completed,2025-04
ORD101070,2025-10-28,CUST10230,South,Website,Furniture,Bedside Table,5,4573.03,0.1,20578.63,UPI,Completed,2025-10
ORD101071,2025-09-19,CUST10658,West,Website,Furniture,Bedside Table,3,5584.53,0.25,12565.19,UPI,Completed,2025-09
ORD101072,2025-09-27,CUST10541,South,Mobile App,Furniture,Bookshelf,1,9702.33,0.15,8246.98,Net Banking,Completed,2025-09
ORD101073,2025-08-11,CUST10865,West,Website,Home & Kitchen,Mixer Grinder,4,1613.58,0.15,5486.17,Net Banking,Completed,2025-08
ORD101074,2025-03-18,CUST10730,North,Mobile App,Fashion,Jeans,2,430.73,0.15,732.24,UPI,Completed,2025-03
ORD101075,2025-08-17,CUST10285,North,Mobile App,Fashion,Jacket,1,2767.92,0.0,2767.92,Cash on Delivery,Completed,2025-08
ORD101076,2025-06-18,CUST10658,South,Website,Home & Kitchen,Air Fryer,1,2181.9,0.1,0.0,Credit Card,Returned,2025-06
ORD101077,2025-06-21,CUST10823,South,Website,Electronics,Smartphone,1,3795.05,0.2,3036.04,Debit Card,Completed,2025-06
ORD101078,2025-12-28,CUST10338,South,Website,Furniture,Bedside Table,1,2915.71,0.1,2624.14,UPI,Completed,2025-12
ORD101079,2025-09-05,CUST10023,North,Marketplace,Furniture,Office Chair,2,7828.95,0.15,13309.22,Cash on Delivery,Completed,2025-09
ORD101080,2025-06-15,CUST10346,North,Website,Furniture,Office Chair,3,33480.75,0.15,85375.91,Cash on Delivery,Completed,2025-06
ORD101081,2025-10-03,CUST10594,South,Website,Furniture,Study Table,1,7629.55,0.05,7248.07,UPI,Completed,2025-10
ORD101082,2025-04-13,CUST10699,South,Mobile App,Home & Kitchen,Mixer Grinder,4,2987.91,0.1,10756.48,Credit Card,Completed,2025-04
ORD101083,2025-11-04,CUST10564,South,Website,Beauty,Sunscreen,4,782.32,0.05,2972.82,UPI,Completed,2025-11
ORD101084,2025-02-10,CUST10068,West,Marketplace,Electronics,Laptop,3,1844.03,0.25,4149.07,Cash on Delivery,Completed,2025-02
ORD101085,2025-05-02,CUST10619,North,Marketplace,Electronics,Laptop,3,28556.26,0.1,77101.9,Cash on Delivery,Completed,2025-05
ORD101086,2025-08-22,CUST10593,East,Marketplace,Fashion,Backpack,1,1122.97,0.15,954.52,Credit Card,Completed,2025-08
ORD101087,2025-12-17,CUST10266,South,Website,Electronics,Laptop,1,12440.46,0.1,11196.41,Debit Card,Completed,2025-12
ORD101088,2025-05-26,CUST10323,West,Website,Fashion,T-Shirt,2,3707.4,0.2,5931.84,Debit Card,Completed,2025-05
ORD101089,2025-07-16,CUST10811,South,Mobile App,Home & Kitchen,Air Fryer,1,6920.22,0.2,5536.18,Cash on Delivery,Completed,2025-07
ORD101090,2025-03-04,CUST10093,South,Marketplace,Fashion,Sneakers,3,480.94,0.15,0.0,Cash on Delivery,Cancelled,2025-03
ORD101091,2025-08-15,CUST10541,North,Marketplace,Fashion,Sneakers,1,5661.65,0.2,0.0,Credit Card,Returned,2025-08
ORD101092,2025-06-13,CUST10843,North,Mobile App,Furniture,Study Table,3,9499.27,0.1,25648.03,Credit Card,Completed,2025-06
ORD101093,2025-05-28,CUST10780,West,Website,Electronics,Headphones,1,1409.18,0.2,1127.34,Unknown,Completed,2025-05
ORD101094,2025-07-05,CUST10507,West,Website,Electronics,Headphones,2,954.83,0.1,1718.69,Debit Card,Completed,2025-07
ORD101095,2025-12-05,CUST10309,East,Website,Furniture,Sofa,1,9809.21,0.05,0.0,UPI,Cancelled,2025-12
ORD101096,2025-06-03,CUST10875,South,Mobile App,Beauty,Shampoo,2,582.68,0.05,1107.09,Credit Card,Completed,2025-06
ORD101097,2025-06-21,CUST10478,East,Website,Fashion,Jacket,2,2385.32,0.0,4770.64,Credit Card,Completed,2025-06
ORD101098,2025-01-09,CUST10762,East,Marketplace,Fashion,T-Shirt,2,2095.23,0.1,3771.41,UPI,Completed,2025-01
ORD101099,2025-01-02,CUST10753,North,Mobile App,Furniture,Bedside Table,1,21353.79,0.15,18150.72,UPI,Completed,2025-01
ORD101100,2025-01-24,CUST10513,East,Website,Fashion,Backpack,2,973.05,0.25,1459.57,UPI,Completed,2025-01
ORD101101,2025-08-10,CUST10063,South,Mobile App,Fashion,Backpack,2,3552.54,0.05,6749.83,UPI,Completed,2025-08
ORD101102,2025-05-29,CUST10775,West,Mobile App,Beauty,Face Wash,1,2018.4,0.25,1513.8,Cash on Delivery,Completed,2025-05
ORD101103,2025-03-21,CUST10899,North,Website,Furniture,Sofa,1,6239.04,0.1,0.0,Credit Card,Cancelled,2025-03
ORD101104,2025-01-14,CUST10227,East,Marketplace,Furniture,Study Table,1,1870.39,0.15,1589.83,Net Banking,Completed,2025-01
ORD101105,2025-07-21,CUST10191,West,Mobile App,Electronics,Smartwatch,3,28882.18,0.15,73649.56,UPI,Completed,2025-07
ORD101106,2025-08-21,CUST10806,East,Mobile App,Fashion,Jeans,2,1626.01,0.05,3089.42,UPI,Completed,2025-08
ORD101107,2025-08-24,CUST10309,South,Website,Fashion,Jeans,3,1992.81,0.1,5380.59,Cash on Delivery,Completed,2025-08
ORD101108,2025-08-22,CUST10493,Central,Website,Furniture,Sofa,2,3290.47,0.15,5593.8,Credit Card,Completed,2025-08
ORD101109,2025-02-20,CUST10397,West,Marketplace,Home & Kitchen,Mixer Grinder,1,4690.05,0.1,4221.05,UPI,Completed,2025-02
ORD101110,2025-03-12,CUST10358,South,Mobile App,Furniture,Sofa,1,9571.01,0.2,7656.81,UPI,Completed,2025-03
ORD101111,2025-04-20,CUST10640,South,Mobile App,Furniture,Bookshelf,1,5053.83,0.2,4043.06,UPI,Completed,2025-04
ORD101112,2025-08-10,CUST10348,West,Mobile App,Beauty,Face Wash,1,427.36,0.15,0.0,Credit Card,Returned,2025-08
ORD101113,2025-11-17,CUST10023,South,Website,Home & Kitchen,Vacuum Cleaner,1,1345.81,0.15,1143.94,Cash on Delivery,Completed,2025-11
ORD101114,2025-08-05,CUST10801,West,Website,Home & Kitchen,Air Fryer,1,2288.9,0.25,1716.68,Credit Card,Completed,2025-08
ORD101115,2025-10-03,CUST10290,West,Marketplace,Fashion,T-Shirt,5,2486.73,0.15,10568.6,Debit Card,Completed,2025-10
ORD101116,2025-12-23,CUST10601,East,Marketplace,Fashion,Jeans,1,6012.5,0.2,4810.0,Cash on Delivery,Completed,2025-12
ORD101117,2025-01-30,CUST10145,North,Website,Electronics,Smartwatch,1,19109.48,0.15,16243.06,Cash on Delivery,Completed,2025-01
ORD101118,2025-03-21,CUST10215,East,Mobile App,Home & Kitchen,Air Fryer,1,7323.85,0.0,7323.85,UPI,Completed,2025-03
ORD101119,2025-06-09,CUST10226,West,Website,Electronics,Smartwatch,3,4434.72,0.1,11973.74,Cash on Delivery,Completed,2025-06
ORD101120,2025-11-07,CUST10479,East,Website,Beauty,Shampoo,1,1394.46,0.1,1255.01,UPI,Completed,2025-11
ORD101121,2025-10-25,CUST10237,East,Mobile App,Electronics,Headphones,2,52028.33,0.1,93650.99,Cash on Delivery,Completed,2025-10
ORD101122,2025-04-18,CUST10035,West,Website,Home & Kitchen,Air Fryer,4,2942.36,0.1,10592.5,Cash on Delivery,Completed,2025-04
ORD101123,2025-04-11,CUST10608,West,Mobile App,Home & Kitchen,Coffee Maker,4,1017.03,0.15,3457.9,Credit Card,Completed,2025-04
ORD101124,2025-08-25,CUST10481,North,Website,Electronics,Smartwatch,2,17779.11,0.15,30224.49,UPI,Completed,2025-08
ORD101125,2025-01-21,CUST10563,East,Mobile App,Furniture,Study Table,3,2253.29,0.15,5745.89,Debit Card,Completed,2025-01
ORD101126,2025-01-09,CUST10549,South,Mobile App,Fashion,Jeans,2,605.55,0.15,1029.43,Credit Card,Completed,2025-01
ORD101127,2025-01-27,CUST10642,North,Website,Home & Kitchen,Air Fryer,3,11208.94,0.1,30264.14,Net Banking,Completed,2025-01
ORD101128,2025-11-22,CUST10207,North,Mobile App,Fashion,Backpack,4,2478.91,0.1,8924.08,Credit Card,Completed,2025-11
ORD101129,2025-03-08,CUST10312,West,Mobile App,Beauty,Face Wash,1,1977.53,0.1,1779.78,UPI,Completed,2025-03
ORD101130,2025-07-27,CUST10385,East,Mobile App,Beauty,Perfume,1,4215.39,0.15,3583.08,Cash on Delivery,Completed,2025-07
ORD101131,2025-03-27,CUST10047,South,Website,Home & Kitchen,Coffee Maker,2,7357.49,0.05,13979.23,Credit Card,Completed,2025-03
ORD101132,2025-05-23,CUST10884,West,Mobile App,Beauty,Perfume,1,737.0,0.2,589.6,UPI,Completed,2025-05
ORD101133,2025-10-15,CUST10872,South,Website,Fashion,Jacket,1,2051.67,0.2,1641.34,UPI,Completed,2025-10
ORD101134,2025-10-17,CUST10027,West,Website,Home & Kitchen,Coffee Maker,1,11555.03,0.1,10399.53,Cash on Delivery,Completed,2025-10
ORD101135,2025-07-02,CUST10181,South,Marketplace,Home & Kitchen,Air Fryer,1,6233.6,0.2,4986.88,Net Banking,Completed,2025-07
ORD101136,2025-01-29,CUST10476,North,Marketplace,Furniture,Office Chair,1,17144.78,0.05,16287.54,UPI,Completed,2025-01
ORD101137,2025-01-28,CUST10667,Central,Marketplace,Beauty,Moisturizer,3,576.46,0.25,0.0,Cash on Delivery,Cancelled,2025-01
ORD101138,2025-07-22,CUST10244,South,Website,Furniture,Sofa,2,5969.55,0.1,10745.19,UPI,Completed,2025-07
ORD101139,2025-01-11,CUST10863,South,Website,Beauty,Perfume,3,3318.93,0.0,9956.79,Credit Card,Completed,2025-01
ORD101140,2025-01-22,CUST10062,North,Mobile App,Furniture,Study Table,2,5605.48,0.1,10089.86,Credit Card,Completed,2025-01
ORD101141,2025-02-25,CUST10199,North,Website,Home & Kitchen,Coffee Maker,1,1896.96,0.05,1802.11,Cash on Delivery,Completed,2025-02
ORD101142,2025-08-03,CUST10587,West,Mobile App,Beauty,Perfume,1,3282.25,0.15,2789.91,Net Banking,Completed,2025-08
ORD101143,2025-06-28,CUST10239,North,Marketplace,Home & Kitchen,Air Fryer,2,17322.93,0.1,31181.27,Credit Card,Completed,2025-06
ORD101144,2025-04-23,CUST10720,West,Website,Fashion,T-Shirt,2,5893.41,0.05,11197.48,Debit Card,Completed,2025-04
ORD101145,2025-12-29,CUST10159,North,Mobile App,Home & Kitchen,Cookware Set,1,5278.63,0.15,4486.84,Credit Card,Completed,2025-12
ORD101146,2025-06-17,CUST10557,East,Mobile App,Home & Kitchen,Cookware Set,3,6061.54,0.2,14547.7,Net Banking,Completed,2025-06
ORD101147,2025-02-18,CUST10862,Central,Website,Home & Kitchen,Air Fryer,2,2906.32,0.15,4940.74,Credit Card,Completed,2025-02
ORD101148,2025-11-10,CUST10877,South,Marketplace,Electronics,Smartphone,2,3273.51,0.1,5892.32,Credit Card,Completed,2025-11
ORD101149,2025-04-02,CUST10587,West,Website,Beauty,Sunscreen,2,2171.76,0.1,3909.17,Debit Card,Completed,2025-04
ORD101150,2025-03-10,CUST10653,North,Mobile App,Electronics,Headphones,3,2004.39,0.1,5411.85,UPI,Completed,2025-03
ORD101151,2025-03-23,CUST10466,East,Website,Electronics,Headphones,1,48823.87,0.05,46382.68,Debit Card,Completed,2025-03
ORD101152,2025-04-16,CUST10294,North,Website,Electronics,Laptop,1,3199.08,0.0,3199.08,UPI,Completed,2025-04
ORD101153,2025-01-18,CUST10547,West,Mobile App,Furniture,Sofa,3,13960.88,0.0,41882.64,Debit Card,Completed,2025-01
ORD101154,2025-04-30,CUST10703,South,Website,Fashion,Backpack,1,6367.91,0.05,6049.51,UPI,Completed,2025-04
ORD101155,2025-01-02,CUST10360,Central,Marketplace,Furniture,Bedside Table,2,6817.34,0.1,12271.21,Cash on Delivery,Completed,2025-01
ORD101156,2025-11-06,CUST10023,South,Mobile App,Beauty,Shampoo,3,489.76,0.15,1248.89,UPI,Completed,2025-11
ORD101157,2025-11-07,CUST10008,North,Mobile App,Furniture,Office Chair,4,10518.08,0.05,39968.7,Net Banking,Completed,2025-11
ORD101158,2025-12-30,CUST10371,North,Mobile App,Fashion,T-Shirt,1,1181.72,0.0,1181.72,Net Banking,Completed,2025-12
ORD101159,2025-09-12,CUST10325,North,Website,Fashion,T-Shirt,2,2309.79,0.1,4157.62,Credit Card,Completed,2025-09
ORD101160,2025-02-08,CUST10298,East,Website,Electronics,Smartwatch,1,5858.24,0.0,5858.24,Cash on Delivery,Completed,2025-02
ORD101161,2025-03-02,CUST10833,North,Marketplace,Electronics,Headphones,1,2203.2,0.1,1982.88,UPI,Completed,2025-03
ORD101162,2025-09-03,CUST10540,North,Website,Beauty,Moisturizer,1,1733.76,0.1,1560.38,Debit Card,Completed,2025-09
ORD101163,2025-11-13,CUST10674,West,Website,Home & Kitchen,Mixer Grinder,2,3593.75,0.0,0.0,Cash on Delivery,Cancelled,2025-11
ORD101164,2025-05-06,CUST10536,West,Mobile App,Furniture,Sofa,2,27682.59,0.05,52596.92,Net Banking,Completed,2025-05
ORD101165,2025-09-18,CUST10452,East,Mobile App,Beauty,Shampoo,3,649.82,0.2,1559.57,UPI,Completed,2025-09
ORD101166,2025-08-01,CUST10709,Central,Website,Fashion,T-Shirt,1,2011.23,0.1,1810.11,Debit Card,Completed,2025-08
ORD101167,2025-11-22,CUST10185,East,Mobile App,Furniture,Bookshelf,1,32179.69,0.15,27352.74,Credit Card,Completed,2025-11
ORD101168,2025-03-19,CUST10119,East,Website,Fashion,Backpack,2,719.09,0.2,1150.54,UPI,Completed,2025-03
ORD101169,2025-04-14,CUST10246,West,Mobile App,Electronics,Laptop,1,29154.55,0.1,26239.1,Cash on Delivery,Completed,2025-04
ORD101170,2025-03-14,CUST10746,West,Website,Electronics,Laptop,2,917.89,0.25,1376.84,UPI,Completed,2025-03
ORD101171,2025-06-27,CUST10613,South,Mobile App,Home & Kitchen,Coffee Maker,1,2080.96,0.1,1872.86,Credit Card,Completed,2025-06
ORD101172,2025-07-23,CUST10782,Central,Website,Electronics,Smartwatch,1,13991.78,0.05,13292.19,Credit Card,Completed,2025-07
ORD101173,2025-09-21,CUST10085,Central,Website,Fashion,Jeans,1,3047.74,0.2,2438.19,UPI,Completed,2025-09
ORD101174,2025-10-16,CUST10458,South,Website,Electronics,Smartwatch,2,13222.44,0.25,19833.66,Cash on Delivery,Completed,2025-10
ORD101175,2025-10-25,CUST10306,South,Website,Fashion,Jeans,1,597.16,0.1,537.44,Debit Card,Completed,2025-10
ORD101176,2025-01-08,CUST10632,North,Website,Home & Kitchen,Coffee Maker,2,7048.02,0.05,13391.24,UPI,Completed,2025-01
ORD101177,2025-04-21,CUST10142,South,Marketplace,Home & Kitchen,Cookware Set,1,7372.86,0.1,6635.57,Credit Card,Completed,2025-04
ORD101178,2025-02-03,CUST10845,Central,Website,Electronics,Monitor,3,2911.41,0.15,7424.1,UPI,Completed,2025-02
ORD101179,2025-04-14,CUST10281,Central,Website,Beauty,Face Wash,4,406.08,0.2,1299.46,Credit Card,Completed,2025-04
ORD101180,2025-07-15,CUST10635,West,Mobile App,Furniture,Bedside Table,5,29456.14,0.2,117824.56,Credit Card,Completed,2025-07
ORD101181,2025-07-10,CUST10483,North,Mobile App,Home & Kitchen,Coffee Maker,2,2058.13,0.1,3704.63,UPI,Completed,2025-07
ORD101182,2025-04-30,CUST10403,Central,Mobile App,Furniture,Office Chair,1,13961.38,0.1,12565.24,Credit Card,Completed,2025-04
ORD101183,2025-03-05,CUST10013,South,Mobile App,Fashion,Jeans,3,1598.76,0.2,3837.02,Cash on Delivery,Completed,2025-03
ORD101184,2025-04-14,CUST10390,Central,Website,Furniture,Bedside Table,1,2462.71,0.1,0.0,Cash on Delivery,Cancelled,2025-04
ORD101185,2025-04-24,CUST10721,North,Mobile App,Home & Kitchen,Cookware Set,1,7206.53,0.15,6125.55,UPI,Completed,2025-04
ORD101186,2025-12-25,CUST10153,North,Marketplace,Home & Kitchen,Air Fryer,3,6728.96,0.2,16149.5,UPI,Completed,2025-12
ORD101187,2025-07-01,CUST10601,North,Website,Fashion,Jeans,3,2648.39,0.0,0.0,UPI,Returned,2025-07
ORD101188,2025-12-16,CUST10692,South,Marketplace,Electronics,Smartwatch,4,31886.93,0.15,108415.56,Net Banking,Completed,2025-12
ORD101189,2025-04-30,CUST10853,West,Website,Electronics,Monitor,1,3807.85,0.2,3046.28,Debit Card,Completed,2025-04
ORD101190,2025-01-01,CUST10045,Central,Mobile App,Furniture,Office Chair,1,2241.46,0.05,2129.39,UPI,Completed,2025-01
ORD101191,2025-02-16,CUST10148,South,Website,Home & Kitchen,Cookware Set,1,2428.87,0.2,1943.1,Cash on Delivery,Completed,2025-02
ORD101192,2025-06-29,CUST10808,West,Mobile App,Furniture,Bookshelf,2,13595.08,0.1,24471.14,Credit Card,Completed,2025-06
ORD101193,2025-01-03,CUST10743,South,Website,Home & Kitchen,Cookware Set,4,719.54,0.0,2878.16,UPI,Completed,2025-01
ORD101194,2025-09-22,CUST10072,South,Marketplace,Fashion,Jeans,1,1093.45,0.1,984.11,Credit Card,Completed,2025-09
ORD101195,2025-10-16,CUST10287,West,Website,Furniture,Office Chair,1,8916.72,0.0,0.0,UPI,Returned,2025-10
ORD101196,2025-11-02,CUST10218,West,Marketplace,Beauty,Shampoo,2,647.96,0.2,1036.74,Credit Card,Completed,2025-11
ORD101197,2025-03-22,CUST10619,North,Mobile App,Fashion,Jacket,2,4867.2,0.15,8274.24,Debit Card,Completed,2025-03
ORD101198,2025-04-13,CUST10612,North,Website,Electronics,Smartphone,1,2637.59,0.05,0.0,UPI,Cancelled,2025-04
ORD101199,2025-02-13,CUST10275,South,Website,Fashion,T-Shirt,1,2820.96,0.15,2397.82,Cash on Delivery,Completed,2025-02
ORD101200,2025-10-12,CUST10892,West,Mobile App,Fashion,Jeans,2,2035.34,0.1,3663.61,UPI,Completed,2025-10
ORD101201,2025-04-05,CUST10323,North,Website,Electronics,Smartphone,2,20256.02,0.1,36460.84,Credit Card,Completed,2025-04
ORD101202,2025-07-09,CUST10403,North,Mobile App,Electronics,Laptop,2,16895.41,0.15,28722.2,Net Banking,Completed,2025-07
ORD101203,2025-09-22,CUST10665,North,Website,Beauty,Moisturizer,2,2455.45,0.1,4419.81,Debit Card,Completed,2025-09
ORD101204,2025-11-19,CUST10223,South,Marketplace,Fashion,Backpack,1,1260.7,0.05,1197.66,Credit Card,Completed,2025-11
ORD101205,2025-03-27,CUST10304,South,Mobile App,Fashion,Backpack,1,445.34,0.2,356.27,Credit Card,Completed,2025-03
ORD101206,2025-02-11,CUST10701,Central,Website,Beauty,Sunscreen,1,3577.09,0.1,3219.38,UPI,Completed,2025-02
ORD101207,2025-11-30,CUST10754,Central,Website,Furniture,Bedside Table,1,6341.26,0.1,5707.13,Debit Card,Completed,2025-11
ORD101208,2025-07-08,CUST10140,South,Mobile App,Fashion,Backpack,2,1102.28,0.05,2094.33,Net Banking,Completed,2025-07
ORD101209,2025-09-29,CUST10423,North,Marketplace,Electronics,Smartwatch,3,6250.63,0.25,14063.92,UPI,Completed,2025-09
ORD101210,2025-05-01,CUST10777,Central,Marketplace,Electronics,Monitor,1,3471.43,0.15,2950.72,UPI,Completed,2025-05
ORD101211,2025-05-07,CUST10056,West,Mobile App,Beauty,Face Wash,2,4814.38,0.05,9147.32,UPI,Completed,2025-05
ORD101212,2025-05-27,CUST10052,East,Marketplace,Fashion,T-Shirt,2,568.82,0.15,966.99,UPI,Completed,2025-05
ORD101213,2025-01-10,CUST10440,East,Marketplace,Furniture,Office Chair,3,5031.48,0.1,0.0,UPI,Returned,2025-01
ORD101214,2025-03-06,CUST10351,West,Mobile App,Furniture,Office Chair,2,3438.03,0.0,6876.06,Debit Card,Completed,2025-03
ORD101215,2025-03-12,CUST10334,Central,Website,Furniture,Study Table,2,1841.14,0.05,0.0,Net Banking,Cancelled,2025-03
ORD101216,2025-07-13,CUST10040,Central,Website,Fashion,T-Shirt,3,6529.68,0.0,0.0,UPI,Returned,2025-07
ORD101217,2025-05-23,CUST10755,East,Mobile App,Beauty,Sunscreen,3,551.35,0.1,1488.65,Debit Card,Completed,2025-05
ORD101218,2025-11-11,CUST10479,South,Mobile App,Fashion,Jacket,2,2754.52,0.15,4682.68,UPI,Completed,2025-11
ORD101219,2025-07-17,CUST10174,West,Website,Beauty,Moisturizer,3,920.41,0.1,0.0,Credit Card,Returned,2025-07
ORD101220,2025-08-22,CUST10852,North,Website,Home & Kitchen,Air Fryer,2,8692.46,0.1,15646.43,Debit Card,Completed,2025-08
ORD101221,2025-07-10,CUST10014,West,Mobile App,Furniture,Bedside Table,3,17344.96,0.1,46831.39,Credit Card,Completed,2025-07
ORD101222,2025-11-09,CUST10534,North,Website,Fashion,T-Shirt,4,2081.63,0.1,7493.87,UPI,Completed,2025-11
ORD101223,2025-06-10,CUST10049,South,Marketplace,Electronics,Monitor,4,1769.31,0.1,6369.52,Net Banking,Completed,2025-06
ORD101224,2025-01-06,CUST10147,North,Mobile App,Home & Kitchen,Air Fryer,2,1665.7,0.1,2998.26,UPI,Completed,2025-01
ORD101225,2025-02-17,CUST10467,South,Marketplace,Fashion,Sneakers,1,420.96,0.15,357.82,UPI,Completed,2025-02
ORD101226,2025-08-30,CUST10820,South,Website,Electronics,Monitor,2,1473.39,0.15,2504.76,UPI,Completed,2025-08
ORD101227,2025-08-11,CUST10004,East,Website,Home & Kitchen,Coffee Maker,1,17782.77,0.05,0.0,UPI,Cancelled,2025-08
ORD101228,2025-07-12,CUST10628,South,Website,Beauty,Shampoo,5,1595.92,0.1,7181.64,UPI,Completed,2025-07
ORD101229,2025-11-06,CUST10076,North,Website,Beauty,Shampoo,3,2665.98,0.05,7598.04,UPI,Completed,2025-11
ORD101230,2025-07-24,CUST10492,East,Website,Fashion,Backpack,2,6483.6,0.15,11022.12,UPI,Completed,2025-07
ORD101231,2025-09-15,CUST10226,West,Website,Fashion,Jacket,1,830.39,0.05,788.87,Credit Card,Completed,2025-09
ORD101232,2025-01-05,CUST10162,West,Website,Fashion,Backpack,2,1384.42,0.05,0.0,Credit Card,Cancelled,2025-01
ORD101233,2025-12-22,CUST10047,West,Mobile App,Home & Kitchen,Mixer Grinder,2,1062.94,0.0,0.0,Debit Card,Returned,2025-12
ORD101234,2025-03-29,CUST10210,South,Mobile App,Fashion,T-Shirt,1,5264.37,0.2,4211.5,Cash on Delivery,Completed,2025-03
ORD101235,2025-09-12,CUST10595,West,Website,Beauty,Face Wash,1,1585.24,0.15,1347.45,Credit Card,Completed,2025-09
ORD101236,2025-05-07,CUST10439,North,Website,Furniture,Bedside Table,2,18366.58,0.05,34896.5,Net Banking,Completed,2025-05
ORD101237,2025-12-02,CUST10155,North,Mobile App,Furniture,Study Table,4,26517.04,0.15,90157.94,UPI,Completed,2025-12
ORD101238,2025-09-24,CUST10849,Central,Mobile App,Furniture,Bookshelf,2,2490.81,0.1,4483.46,Cash on Delivery,Completed,2025-09
ORD101239,2025-01-24,CUST10311,West,Website,Beauty,Face Wash,2,2552.36,0.1,0.0,Debit Card,Returned,2025-01
ORD101240,2025-07-10,CUST10136,South,Website,Beauty,Perfume,1,3122.31,0.15,2653.96,Net Banking,Completed,2025-07
ORD101241,2025-07-23,CUST10480,Central,Website,Furniture,Sofa,1,17644.86,0.2,14115.89,Cash on Delivery,Completed,2025-07
ORD101242,2025-07-22,CUST10248,West,Marketplace,Electronics,Smartphone,2,32291.33,0.05,61353.53,Debit Card,Completed,2025-07
ORD101243,2025-06-07,CUST10157,West,Website,Beauty,Face Wash,2,1167.7,0.1,2101.86,Cash on Delivery,Completed,2025-06
ORD101244,2025-08-28,CUST10367,West,Mobile App,Beauty,Face Wash,1,324.31,0.15,275.66,UPI,Completed,2025-08
ORD101245,2025-07-05,CUST10423,South,Mobile App,Fashion,Backpack,5,595.28,0.1,2678.76,UPI,Completed,2025-07
ORD101246,2025-03-10,CUST10227,East,Mobile App,Beauty,Face Wash,1,494.65,0.1,445.19,Net Banking,Completed,2025-03
ORD101247,2025-11-24,CUST10658,West,Marketplace,Home & Kitchen,Air Fryer,1,1028.95,0.1,0.0,Net Banking,Cancelled,2025-11
ORD101248,2025-10-13,CUST10203,West,Website,Beauty,Perfume,3,382.45,0.15,975.25,Credit Card,Completed,2025-10
ORD101249,2025-04-21,CUST10610,Central,Mobile App,Electronics,Monitor,1,49854.1,0.1,44868.69,UPI,Completed,2025-04
ORD101250,2025-03-05,CUST10217,South,Website,Fashion,Sneakers,2,641.22,0.05,0.0,Net Banking,Returned,2025-03
ORD101251,2025-08-20,CUST10573,North,Marketplace,Electronics,Smartphone,2,3536.08,0.15,6011.34,Cash on Delivery,Completed,2025-08
ORD101252,2025-11-16,CUST10461,Central,Mobile App,Fashion,Backpack,2,4137.84,0.05,7861.9,Debit Card,Completed,2025-11
ORD101253,2025-09-22,CUST10400,West,Website,Home & Kitchen,Vacuum Cleaner,1,6748.6,0.15,5736.31,Debit Card,Completed,2025-09
ORD101254,2025-02-28,CUST10794,North,Mobile App,Furniture,Study Table,3,3489.95,0.15,8899.37,Cash on Delivery,Completed,2025-02
ORD101255,2025-01-12,CUST10162,North,Website,Electronics,Headphones,1,25608.2,0.2,20486.56,Net Banking,Completed,2025-01
ORD101256,2025-02-13,CUST10860,West,Website,Furniture,Bookshelf,2,21199.6,0.2,33919.36,UPI,Completed,2025-02
ORD101257,2025-09-12,CUST10478,Unknown,Marketplace,Furniture,Bedside Table,5,24139.83,0.1,108629.24,UPI,Completed,2025-09
ORD101258,2025-09-15,CUST10705,West,Website,Home & Kitchen,Air Fryer,2,12126.08,0.2,19401.73,UPI,Completed,2025-09
ORD101259,2025-05-29,CUST10129,West,Website,Home & Kitchen,Coffee Maker,5,4179.56,0.15,17763.13,UPI,Completed,2025-05
ORD101260,2025-03-13,CUST10003,South,Mobile App,Beauty,Face Wash,2,606.36,0.1,1091.45,Credit Card,Completed,2025-03
ORD101261,2025-01-07,CUST10508,North,Website,Home & Kitchen,Cookware Set,1,17235.25,0.25,12926.44,Credit Card,Completed,2025-01
ORD101262,2025-01-28,CUST10430,West,Marketplace,Fashion,T-Shirt,1,3046.95,0.25,2285.21,UPI,Completed,2025-01
ORD101263,2025-06-19,CUST10326,South,Mobile App,Home & Kitchen,Cookware Set,4,9091.89,0.0,36367.56,Debit Card,Completed,2025-06
ORD101264,2025-11-05,CUST10899,East,Mobile App,Fashion,Backpack,1,631.36,0.1,568.22,Net Banking,Completed,2025-11
ORD101265,2025-09-06,CUST10161,East,Mobile App,Furniture,Sofa,2,28418.4,0.2,45469.44,Net Banking,Completed,2025-09
ORD101266,2025-12-19,CUST10140,North,Marketplace,Fashion,Sneakers,1,816.08,0.1,734.47,UPI,Completed,2025-12
ORD101267,2025-10-18,CUST10031,South,Mobile App,Home & Kitchen,Air Fryer,1,2079.24,0.2,1663.39,UPI,Completed,2025-10
ORD101268,2025-05-25,CUST10644,South,Mobile App,Fashion,Jacket,1,817.66,0.25,613.25,UPI,Completed,2025-05
ORD101269,2025-09-27,CUST10124,North,Website,Electronics,Smartphone,3,9098.65,0.25,20471.96,Cash on Delivery,Completed,2025-09
ORD101270,2025-05-16,CUST10133,North,Website,Furniture,Sofa,3,2434.84,0.05,6939.29,Cash on Delivery,Completed,2025-05
ORD101271,2025-01-23,CUST10496,East,Website,Furniture,Office Chair,1,28917.99,0.1,26026.19,Debit Card,Completed,2025-01
ORD101272,2025-09-22,CUST10880,West,Website,Home & Kitchen,Coffee Maker,2,7410.14,0.05,14079.27,Credit Card,Completed,2025-09
ORD101273,2025-12-16,CUST10094,North,Mobile App,Beauty,Sunscreen,2,1978.94,0.1,3562.09,Debit Card,Completed,2025-12
ORD101274,2025-12-07,CUST10097,West,Website,Furniture,Office Chair,2,4787.6,0.0,9575.2,Debit Card,Completed,2025-12
ORD101275,2025-09-17,CUST10110,West,Mobile App,Beauty,Moisturizer,1,2790.32,0.05,0.0,UPI,Cancelled,2025-09
ORD101276,2025-09-04,CUST10466,North,Mobile App,Fashion,Sneakers,1,1332.82,0.15,1132.9,UPI,Completed,2025-09
ORD101277,2025-11-24,CUST10246,East,Mobile App,Home & Kitchen,Air Fryer,2,2491.77,0.15,4236.01,UPI,Completed,2025-11
ORD101278,2025-05-01,CUST10810,East,Website,Home & Kitchen,Air Fryer,1,6686.27,0.25,5014.7,Credit Card,Completed,2025-05
ORD101279,2025-02-23,CUST10737,South,Marketplace,Fashion,T-Shirt,1,1654.29,0.1,1488.86,UPI,Completed,2025-02
ORD101280,2025-12-11,CUST10129,West,Mobile App,Electronics,Headphones,3,2486.59,0.1,6713.79,Net Banking,Completed,2025-12
ORD101281,2025-05-18,CUST10055,South,Website,Fashion,Backpack,1,2829.64,0.25,2122.23,Net Banking,Completed,2025-05
ORD101282,2025-04-24,CUST10198,North,Website,Fashion,Backpack,1,1267.62,0.1,1140.86,Credit Card,Completed,2025-04
ORD101283,2025-01-25,CUST10610,North,Marketplace,Fashion,Jacket,2,2202.22,0.15,3743.77,Cash on Delivery,Completed,2025-01
ORD101284,2025-12-03,CUST10123,Central,Mobile App,Beauty,Perfume,3,250.78,0.1,677.11,UPI,Completed,2025-12
ORD101285,2025-09-19,CUST10332,South,Website,Furniture,Study Table,4,25704.26,0.1,92535.34,UPI,Completed,2025-09
ORD101286,2025-08-29,CUST10149,West,Mobile App,Fashion,Backpack,1,3784.58,0.15,3216.89,UPI,Completed,2025-08
ORD101287,2025-12-02,CUST10594,Central,Mobile App,Electronics,Headphones,4,62780.95,0.25,188342.85,UPI,Completed,2025-12
ORD101288,2025-06-28,CUST10085,North,Website,Furniture,Study Table,1,17003.04,0.2,0.0,Cash on Delivery,Returned,2025-06
ORD101289,2025-12-12,CUST10500,South,Marketplace,Fashion,T-Shirt,1,6299.88,0.15,5354.9,Credit Card,Completed,2025-12
ORD101290,2025-09-12,CUST10897,East,Marketplace,Electronics,Smartwatch,1,10299.39,0.2,0.0,UPI,Cancelled,2025-09
ORD101291,2025-05-27,CUST10548,South,Mobile App,Furniture,Office Chair,2,10011.65,0.1,18020.97,Credit Card,Completed,2025-05
ORD101292,2025-05-05,CUST10493,North,Mobile App,Electronics,Smartwatch,1,74626.66,0.05,0.0,Debit Card,Cancelled,2025-05
ORD101293,2025-08-11,CUST10644,East,Website,Fashion,Backpack,3,1088.26,0.15,2775.06,Net Banking,Completed,2025-08
ORD101294,2025-03-01,CUST10528,West,Website,Beauty,Shampoo,4,2309.44,0.0,9237.76,Net Banking,Completed,2025-03
ORD101295,2025-08-25,CUST10305,Central,Mobile App,Fashion,Backpack,2,913.47,0.25,1370.2,Net Banking,Completed,2025-08
ORD101296,2025-09-06,CUST10499,South,Website,Furniture,Bookshelf,1,28826.83,0.25,21620.12,UPI,Completed,2025-09
ORD101297,2025-03-30,CUST10645,North,Marketplace,Fashion,Jeans,4,1179.32,0.05,0.0,UPI,Returned,2025-03
ORD101298,2025-11-09,CUST10267,West,Marketplace,Furniture,Sofa,1,9286.02,0.2,0.0,UPI,Returned,2025-11
ORD101299,2025-04-30,CUST10665,South,Mobile App,Electronics,Laptop,3,6548.55,0.1,17681.09,Net Banking,Completed,2025-04
ORD101300,2025-09-02,CUST10591,South,Marketplace,Electronics,Smartwatch,1,23658.19,0.05,22475.28,UPI,Completed,2025-09
ORD101301,2025-12-08,CUST10074,South,Mobile App,Furniture,Bookshelf,1,3476.85,0.1,0.0,Debit Card,Cancelled,2025-12
ORD101302,2025-11-22,CUST10383,South,Website,Furniture,Office Chair,1,23929.94,0.1,0.0,Cash on Delivery,Returned,2025-11
ORD101303,2025-04-26,CUST10075,East,Website,Beauty,Moisturizer,2,1954.6,0.05,3713.74,UPI,Completed,2025-04
ORD101304,2025-02-10,CUST10854,Central,Mobile App,Home & Kitchen,Coffee Maker,3,4743.84,0.1,12808.37,UPI,Completed,2025-02
ORD101305,2025-09-05,CUST10338,North,Marketplace,Beauty,Sunscreen,2,399.8,0.1,719.64,Credit Card,Completed,2025-09
ORD101306,2025-07-20,CUST10056,West,Mobile App,Electronics,Headphones,1,30937.79,0.1,27844.01,Net Banking,Completed,2025-07
ORD101307,2025-05-13,CUST10348,East,Website,Electronics,Headphones,2,8150.42,0.05,15485.8,UPI,Completed,2025-05
ORD101308,2025-01-15,CUST10138,West,Marketplace,Furniture,Study Table,2,2263.36,0.25,3395.04,UPI,Completed,2025-01
ORD101309,2025-05-10,CUST10201,North,Mobile App,Electronics,Laptop,1,2011.13,0.25,1508.35,Debit Card,Completed,2025-05
ORD101310,2025-03-25,CUST10082,West,Marketplace,Beauty,Perfume,1,665.61,0.05,632.33,UPI,Completed,2025-03
ORD101311,2025-01-10,CUST10128,West,Website,Fashion,Jacket,1,2887.98,0.05,2743.58,Credit Card,Completed,2025-01
ORD101312,2025-05-06,CUST10688,West,Website,Home & Kitchen,Air Fryer,4,12046.47,0.05,45776.59,Credit Card,Completed,2025-05
ORD101313,2025-03-10,CUST10648,South,Marketplace,Electronics,Monitor,2,936.29,0.2,1498.06,Net Banking,Completed,2025-03
ORD101314,2025-06-03,CUST10748,North,Mobile App,Fashion,Backpack,4,2106.72,0.1,7584.19,Net Banking,Completed,2025-06
ORD101315,2025-09-13,CUST10829,East,Website,Home & Kitchen,Air Fryer,2,11596.63,0.0,23193.26,Credit Card,Completed,2025-09
ORD101316,2025-03-23,CUST10274,East,Website,Beauty,Perfume,1,355.25,0.15,301.96,Debit Card,Completed,2025-03
ORD101317,2025-08-25,CUST10550,North,Website,Electronics,Smartwatch,1,23278.67,0.05,22114.74,Credit Card,Completed,2025-08
ORD101318,2025-11-20,CUST10739,North,Website,Electronics,Monitor,2,32643.97,0.05,62023.54,UPI,Completed,2025-11
ORD101319,2025-10-10,CUST10282,North,Website,Fashion,Jacket,3,1175.75,0.1,3174.53,Credit Card,Completed,2025-10
ORD101320,2025-07-11,CUST10189,East,Website,Home & Kitchen,Cookware Set,1,1567.55,0.05,1489.17,UPI,Completed,2025-07
ORD101321,2025-09-04,CUST10673,North,Marketplace,Furniture,Study Table,3,16193.02,0.15,41292.2,Credit Card,Completed,2025-09
ORD101322,2025-01-15,CUST10138,West,Website,Fashion,Jacket,1,1675.94,0.15,1424.55,Net Banking,Completed,2025-01
ORD101323,2025-06-19,CUST10214,South,Website,Beauty,Perfume,1,2590.6,0.05,2461.07,UPI,Completed,2025-06
ORD101324,2025-09-07,CUST10422,North,Website,Furniture,Study Table,2,4004.25,0.1,7207.65,Debit Card,Completed,2025-09
ORD101325,2025-07-18,CUST10259,North,Website,Electronics,Smartphone,2,1121.1,0.05,2130.09,UPI,Completed,2025-07
ORD101326,2025-10-13,CUST10777,Central,Website,Home & Kitchen,Coffee Maker,1,1083.14,0.05,1028.98,Credit Card,Completed,2025-10
ORD101327,2025-04-22,CUST10083,East,Mobile App,Fashion,Jacket,3,903.59,0.25,0.0,Credit Card,Cancelled,2025-04
ORD101328,2025-11-30,CUST10893,South,Marketplace,Furniture,Office Chair,1,9250.86,0.1,8325.77,Debit Card,Completed,2025-11
ORD101329,2025-09-24,CUST10789,West,Mobile App,Fashion,Sneakers,5,6227.85,0.2,24911.4,UPI,Completed,2025-09
ORD101330,2025-04-02,CUST10400,South,Marketplace,Furniture,Bedside Table,1,5964.87,0.15,5070.14,Credit Card,Completed,2025-04
ORD101331,2025-03-06,CUST10095,South,Website,Beauty,Moisturizer,2,525.1,0.1,945.18,Credit Card,Completed,2025-03
ORD101332,2025-11-22,CUST10831,West,Website,Furniture,Bookshelf,2,2052.47,0.2,0.0,Debit Card,Returned,2025-11
ORD101333,2025-08-10,CUST10861,South,Website,Beauty,Perfume,1,520.05,0.1,468.04,Credit Card,Completed,2025-08
ORD101334,2025-12-29,CUST10137,East,Website,Home & Kitchen,Air Fryer,1,6722.26,0.1,6050.03,Debit Card,Completed,2025-12
ORD101335,2025-01-21,CUST10383,Central,Website,Furniture,Bedside Table,1,2781.5,0.1,2503.35,UPI,Completed,2025-01
ORD101336,2025-11-04,CUST10425,Central,Website,Furniture,Bookshelf,3,7054.5,0.2,16930.8,Credit Card,Completed,2025-11
ORD101337,2025-08-18,CUST10831,North,Marketplace,Fashion,Jeans,3,651.99,0.1,1760.37,UPI,Completed,2025-08
ORD101338,2025-04-10,CUST10447,North,Website,Beauty,Sunscreen,1,1495.14,0.05,1420.38,Unknown,Completed,2025-04
ORD101339,2025-03-12,CUST10413,East,Website,Furniture,Study Table,1,14633.5,0.05,13901.82,Debit Card,Completed,2025-03
ORD101340,2025-10-06,CUST10402,South,Mobile App,Home & Kitchen,Vacuum Cleaner,3,6363.77,0.2,15273.05,UPI,Completed,2025-10
ORD101341,2025-02-24,CUST10881,West,Mobile App,Home & Kitchen,Cookware Set,1,5145.32,0.1,4630.79,Credit Card,Completed,2025-02
ORD101342,2025-07-27,CUST10216,East,Website,Home & Kitchen,Cookware Set,1,10021.49,0.1,0.0,Credit Card,Cancelled,2025-07
ORD101343,2025-10-01,CUST10692,East,Marketplace,Fashion,Jeans,2,541.14,0.15,919.94,Cash on Delivery,Completed,2025-10
ORD101344,2025-10-22,CUST10441,West,Marketplace,Electronics,Smartphone,1,45403.81,0.05,43133.62,Credit Card,Completed,2025-10
ORD101345,2025-09-21,CUST10763,East,Mobile App,Electronics,Smartwatch,1,25404.25,0.2,20323.4,Debit Card,Completed,2025-09
ORD101346,2025-01-22,CUST10418,South,Website,Home & Kitchen,Mixer Grinder,1,9055.04,0.05,8602.29,Debit Card,Completed,2025-01
ORD101347,2025-07-18,CUST10754,Central,Website,Home & Kitchen,Vacuum Cleaner,2,750.13,0.05,1425.25,Credit Card,Completed,2025-07
ORD101348,2025-01-23,CUST10792,North,Mobile App,Beauty,Shampoo,2,595.53,0.2,952.85,UPI,Completed,2025-01
ORD101349,2025-06-07,CUST10323,West,Mobile App,Fashion,Backpack,1,447.09,0.0,447.09,UPI,Completed,2025-06
ORD101350,2025-05-19,CUST10839,North,Marketplace,Electronics,Laptop,3,14205.28,0.15,36223.46,Net Banking,Completed,2025-05
ORD101351,2025-09-13,CUST10253,East,Marketplace,Fashion,Sneakers,1,3294.16,0.0,3294.16,Net Banking,Completed,2025-09
ORD101352,2025-10-11,CUST10691,North,Mobile App,Electronics,Laptop,1,71130.34,0.1,64017.31,Debit Card,Completed,2025-10
ORD101353,2025-07-09,CUST10468,South,Mobile App,Fashion,Sneakers,1,1612.06,0.0,1612.06,Cash on Delivery,Completed,2025-07
ORD101354,2025-08-08,CUST10534,South,Marketplace,Home & Kitchen,Coffee Maker,1,1657.81,0.1,0.0,UPI,Returned,2025-08
ORD101355,2025-06-07,CUST10208,East,Website,Furniture,Office Chair,3,1885.78,0.2,4525.87,Credit Card,Completed,2025-06
ORD101356,2025-11-03,CUST10048,West,Mobile App,Electronics,Smartphone,2,1121.2,0.0,2242.4,UPI,Completed,2025-11
ORD101357,2025-02-08,CUST10218,South,Website,Home & Kitchen,Mixer Grinder,3,10781.19,0.0,32343.57,Net Banking,Completed,2025-02
ORD101358,2025-09-18,CUST10032,South,Mobile App,Beauty,Moisturizer,1,572.2,0.15,486.37,UPI,Completed,2025-09
ORD101359,2025-11-10,CUST10519,North,Mobile App,Furniture,Office Chair,1,31181.31,0.15,26504.11,UPI,Completed,2025-11
ORD101360,2025-04-19,CUST10145,East,Mobile App,Beauty,Moisturizer,1,911.9,0.1,820.71,Credit Card,Completed,2025-04
ORD101361,2025-06-11,CUST10534,West,Marketplace,Fashion,Jacket,4,4018.02,0.0,16072.08,Debit Card,Completed,2025-06
ORD101362,2025-11-28,CUST10149,West,Mobile App,Home & Kitchen,Air Fryer,3,2065.96,0.1,5578.09,UPI,Completed,2025-11
ORD101363,2025-12-21,CUST10699,North,Website,Fashion,T-Shirt,1,787.56,0.2,630.05,Credit Card,Completed,2025-12
ORD101364,2025-08-18,CUST10814,South,Website,Furniture,Office Chair,2,2346.47,0.2,3754.35,UPI,Completed,2025-08
ORD101365,2025-04-06,CUST10895,North,Website,Beauty,Sunscreen,1,329.17,0.0,329.17,UPI,Completed,2025-04
ORD101366,2025-04-13,CUST10534,South,Mobile App,Furniture,Sofa,1,4893.53,0.05,4648.85,Net Banking,Completed,2025-04
ORD101367,2025-03-29,CUST10709,South,Mobile App,Beauty,Shampoo,3,616.34,0.05,0.0,UPI,Returned,2025-03
ORD101368,2025-02-26,CUST10146,West,Mobile App,Home & Kitchen,Vacuum Cleaner,1,1108.1,0.1,997.29,UPI,Completed,2025-02
ORD101369,2025-10-10,CUST10639,Central,Marketplace,Home & Kitchen,Cookware Set,1,2608.47,0.15,2217.2,UPI,Completed,2025-10
ORD101370,2025-03-16,CUST10195,East,Website,Electronics,Monitor,3,5817.01,0.1,15705.93,Debit Card,Completed,2025-03
ORD101371,2025-07-25,CUST10192,East,Website,Fashion,Backpack,1,6883.09,0.15,5850.63,UPI,Completed,2025-07
ORD101372,2025-01-19,CUST10429,South,Mobile App,Home & Kitchen,Coffee Maker,2,12552.84,0.1,22595.11,UPI,Completed,2025-01
ORD101373,2025-06-11,CUST10575,South,Mobile App,Electronics,Monitor,1,3339.22,0.2,2671.38,Credit Card,Completed,2025-06
ORD101374,2025-10-30,CUST10335,South,Mobile App,Home & Kitchen,Cookware Set,4,10852.19,0.2,34727.01,Net Banking,Completed,2025-10
ORD101375,2025-04-09,CUST10537,East,Website,Home & Kitchen,Coffee Maker,1,1644.33,0.1,1479.9,UPI,Completed,2025-04
ORD101376,2025-12-27,CUST10038,East,Marketplace,Fashion,Jacket,1,3744.69,0.05,3557.46,Net Banking,Completed,2025-12
ORD101377,2025-02-13,CUST10385,East,Website,Fashion,Jacket,2,2319.5,0.0,4639.0,UPI,Completed,2025-02
ORD101378,2025-08-16,CUST10028,West,Marketplace,Home & Kitchen,Vacuum Cleaner,2,4563.73,0.25,6845.59,Debit Card,Completed,2025-08
ORD101379,2025-07-19,CUST10534,South,Website,Furniture,Sofa,1,14051.72,0.15,11943.96,Credit Card,Completed,2025-07
ORD101380,2025-07-02,CUST10794,South,Marketplace,Beauty,Moisturizer,3,3799.4,0.2,9118.56,Credit Card,Completed,2025-07
ORD101381,2025-05-12,CUST10643,East,Mobile App,Electronics,Monitor,1,5595.22,0.2,4476.18,Cash on Delivery,Completed,2025-05
ORD101382,2025-02-27,CUST10686,South,Mobile App,Electronics,Smartwatch,1,14074.72,0.1,12667.25,Net Banking,Completed,2025-02
ORD101383,2025-09-02,CUST10864,South,Website,Home & Kitchen,Cookware Set,1,3259.67,0.0,3259.67,UPI,Completed,2025-09
ORD101384,2025-03-02,CUST10399,North,Mobile App,Beauty,Perfume,1,487.24,0.1,438.52,UPI,Completed,2025-03
ORD101385,2025-05-05,CUST10585,South,Website,Beauty,Moisturizer,1,738.71,0.2,590.97,Credit Card,Completed,2025-05
ORD101386,2025-01-12,CUST10137,East,Mobile App,Furniture,Sofa,1,11738.37,0.1,10564.53,UPI,Completed,2025-01
ORD101387,2025-03-10,CUST10645,East,Mobile App,Furniture,Study Table,2,16035.67,0.1,28864.21,Credit Card,Completed,2025-03
ORD101388,2025-09-07,CUST10638,South,Mobile App,Electronics,Monitor,2,23758.76,0.15,40389.89,UPI,Completed,2025-09
ORD101389,2025-08-11,CUST10467,North,Marketplace,Electronics,Headphones,1,55824.52,0.25,41868.39,Cash on Delivery,Completed,2025-08
ORD101390,2025-12-09,CUST10358,East,Website,Fashion,Jacket,1,3807.03,0.1,3426.33,Credit Card,Completed,2025-12
ORD101391,2025-08-28,CUST10626,South,Mobile App,Electronics,Smartphone,1,1339.15,0.05,1272.19,Credit Card,Completed,2025-08
ORD101392,2025-11-18,CUST10544,South,Website,Furniture,Bedside Table,2,27859.41,0.15,47361.0,Net Banking,Completed,2025-11
ORD101393,2025-11-30,CUST10772,East,Mobile App,Home & Kitchen,Mixer Grinder,2,8508.11,0.1,15314.6,UPI,Completed,2025-11
ORD101394,2025-05-15,CUST10363,North,Website,Electronics,Smartphone,3,2591.11,0.1,6996.0,Debit Card,Completed,2025-05
ORD101395,2025-07-19,CUST10556,East,Marketplace,Home & Kitchen,Cookware Set,3,9565.47,0.1,25826.77,Cash on Delivery,Completed,2025-07
ORD101396,2025-10-31,CUST10556,West,Website,Home & Kitchen,Vacuum Cleaner,1,5056.03,0.15,4297.63,Credit Card,Completed,2025-10
ORD101397,2025-07-06,CUST10340,West,Website,Furniture,Bookshelf,2,10417.75,0.2,16668.4,Credit Card,Completed,2025-07
ORD101398,2025-07-30,CUST10116,South,Website,Beauty,Perfume,1,2712.91,0.0,2712.91,Cash on Delivery,Completed,2025-07
ORD101399,2025-02-25,CUST10539,West,Website,Home & Kitchen,Vacuum Cleaner,1,1606.27,0.1,0.0,Credit Card,Returned,2025-02
ORD101400,2025-07-06,CUST10026,South,Mobile App,Electronics,Headphones,1,21239.87,0.15,18053.89,Debit Card,Completed,2025-07
ORD101401,2025-05-28,CUST10547,Central,Marketplace,Electronics,Laptop,1,70316.62,0.2,56253.3,Cash on Delivery,Completed,2025-05
ORD101402,2025-08-17,CUST10894,Central,Mobile App,Fashion,Jeans,2,3251.43,0.15,5527.43,UPI,Completed,2025-08
ORD101403,2025-05-08,CUST10354,West,Mobile App,Fashion,Backpack,3,2202.69,0.05,6277.67,Net Banking,Completed,2025-05
ORD101404,2025-11-02,CUST10335,East,Marketplace,Beauty,Shampoo,1,2182.54,0.1,1964.29,Cash on Delivery,Completed,2025-11
ORD101405,2025-03-29,CUST10222,North,Mobile App,Furniture,Office Chair,1,8506.33,0.1,7655.7,Credit Card,Completed,2025-03
ORD101406,2025-11-26,CUST10389,North,Marketplace,Furniture,Study Table,2,16983.18,0.05,32268.04,Net Banking,Completed,2025-11
ORD101407,2025-03-17,CUST10441,North,Mobile App,Electronics,Smartphone,1,1458.94,0.15,1240.1,Debit Card,Completed,2025-03
ORD101408,2025-11-15,CUST10162,South,Mobile App,Furniture,Bookshelf,4,4671.04,0.0,18684.16,Debit Card,Completed,2025-11
ORD101409,2025-01-27,CUST10422,South,Marketplace,Beauty,Sunscreen,1,966.18,0.05,917.87,UPI,Completed,2025-01
ORD101410,2025-07-22,CUST10602,North,Website,Home & Kitchen,Coffee Maker,2,13932.0,0.05,26470.8,Cash on Delivery,Completed,2025-07
ORD101411,2025-05-13,CUST10130,West,Website,Electronics,Monitor,3,13795.67,0.1,37248.31,UPI,Completed,2025-05
ORD101412,2025-11-22,CUST10602,Central,Website,Electronics,Smartphone,1,49915.27,0.15,42427.98,Debit Card,Completed,2025-11
ORD101413,2025-12-15,CUST10048,Central,Website,Home & Kitchen,Mixer Grinder,1,17939.84,0.2,14351.87,UPI,Completed,2025-12
ORD101414,2025-12-07,CUST10197,South,Mobile App,Home & Kitchen,Air Fryer,1,5895.67,0.15,0.0,Debit Card,Cancelled,2025-12
ORD101415,2025-06-24,CUST10311,East,Website,Furniture,Bedside Table,3,2838.27,0.1,7663.33,UPI,Completed,2025-06
ORD101416,2025-06-22,CUST10570,East,Mobile App,Furniture,Bookshelf,1,19562.07,0.2,15649.66,UPI,Completed,2025-06
ORD101417,2025-02-14,CUST10632,East,Website,Electronics,Headphones,2,8380.12,0.05,15922.23,UPI,Completed,2025-02
ORD101418,2025-03-14,CUST10041,Central,Mobile App,Furniture,Office Chair,4,5703.48,0.1,20532.53,Debit Card,Completed,2025-03
ORD101419,2025-09-27,CUST10631,West,Website,Home & Kitchen,Air Fryer,1,16040.51,0.0,16040.51,UPI,Completed,2025-09
ORD101420,2025-12-02,CUST10165,North,Website,Fashion,Sneakers,2,6899.31,0.1,0.0,Credit Card,Returned,2025-12
ORD101421,2025-02-16,CUST10354,Central,Marketplace,Furniture,Bookshelf,2,24966.16,0.15,42442.47,Debit Card,Completed,2025-02
ORD101422,2025-09-14,CUST10185,North,Mobile App,Electronics,Smartwatch,1,3285.49,0.1,2956.94,UPI,Completed,2025-09
ORD101423,2025-05-23,CUST10349,North,Marketplace,Fashion,T-Shirt,1,1345.71,0.1,1211.14,UPI,Completed,2025-05
ORD101424,2025-03-11,CUST10624,East,Mobile App,Fashion,T-Shirt,1,420.36,0.1,378.32,Credit Card,Completed,2025-03
ORD101425,2025-09-26,CUST10151,East,Website,Home & Kitchen,Coffee Maker,2,883.07,0.1,1589.53,UPI,Completed,2025-09
ORD101426,2025-07-16,CUST10577,North,Marketplace,Fashion,Sneakers,3,943.22,0.15,2405.21,Cash on Delivery,Completed,2025-07
ORD101427,2025-11-15,CUST10465,North,Website,Electronics,Laptop,3,8964.33,0.1,24203.69,Net Banking,Completed,2025-11
ORD101428,2025-01-05,CUST10095,West,Website,Beauty,Face Wash,3,393.9,0.1,1063.53,UPI,Completed,2025-01
ORD101429,2025-05-30,CUST10696,North,Mobile App,Fashion,Sneakers,3,4181.74,0.1,11290.7,Credit Card,Completed,2025-05
ORD101430,2025-08-21,CUST10717,West,Mobile App,Electronics,Headphones,5,994.3,0.15,4225.77,Credit Card,Completed,2025-08
ORD101431,2025-09-20,CUST10064,North,Mobile App,Home & Kitchen,Air Fryer,1,5115.28,0.1,4603.75,Cash on Delivery,Completed,2025-09
ORD101432,2025-01-22,CUST10206,East,Marketplace,Home & Kitchen,Coffee Maker,1,12545.27,0.1,11290.74,Debit Card,Completed,2025-01
ORD101433,2025-04-22,CUST10729,Central,Mobile App,Electronics,Headphones,1,951.09,0.05,903.54,UPI,Completed,2025-04
ORD101434,2025-04-12,CUST10613,East,Website,Electronics,Headphones,1,2707.51,0.05,2572.13,Credit Card,Completed,2025-04
ORD101435,2025-04-04,CUST10484,West,Marketplace,Furniture,Bedside Table,2,26608.17,0.1,47894.71,UPI,Completed,2025-04
ORD101436,2025-01-14,CUST10365,South,Website,Furniture,Office Chair,3,2121.44,0.15,5409.67,Credit Card,Completed,2025-01
ORD101437,2025-07-01,CUST10064,South,Website,Electronics,Monitor,2,21869.76,0.1,39365.57,Cash on Delivery,Completed,2025-07
ORD101438,2025-01-23,CUST10631,North,Website,Fashion,Jacket,2,4905.83,0.15,8339.91,Credit Card,Completed,2025-01
ORD101439,2025-12-04,CUST10155,North,Marketplace,Fashion,T-Shirt,2,808.76,0.25,1213.14,Cash on Delivery,Completed,2025-12
ORD101440,2025-06-13,CUST10425,South,Mobile App,Fashion,Jeans,3,1994.98,0.1,5386.45,Net Banking,Completed,2025-06
ORD101441,2025-07-12,CUST10376,North,Website,Fashion,Jeans,1,464.6,0.2,371.68,Net Banking,Completed,2025-07
ORD101442,2025-11-06,CUST10784,South,Mobile App,Electronics,Laptop,1,6847.19,0.05,6504.83,UPI,Completed,2025-11
ORD101443,2025-02-07,CUST10457,North,Website,Electronics,Monitor,3,1961.51,0.05,5590.3,Credit Card,Completed,2025-02
ORD101444,2025-05-09,CUST10602,South,Marketplace,Fashion,Jacket,2,2619.85,0.0,0.0,UPI,Returned,2025-05
ORD101445,2025-12-16,CUST10249,East,Website,Furniture,Bedside Table,3,29275.92,0.1,79044.98,UPI,Completed,2025-12
ORD101446,2025-02-02,CUST10406,South,Mobile App,Fashion,Sneakers,3,6998.94,0.0,20996.82,UPI,Completed,2025-02
ORD101447,2025-02-22,CUST10139,South,Marketplace,Furniture,Sofa,2,5501.78,0.1,9903.2,UPI,Completed,2025-02
ORD101448,2025-12-07,CUST10151,South,Marketplace,Fashion,Jeans,1,1594.86,0.15,1355.63,UPI,Completed,2025-12
ORD101449,2025-11-04,CUST10480,South,Marketplace,Fashion,Backpack,1,538.25,0.1,484.43,UPI,Completed,2025-11
ORD101450,2025-12-30,CUST10139,East,Website,Electronics,Monitor,2,2957.41,0.15,5027.6,Debit Card,Completed,2025-12
ORD101451,2025-04-20,CUST10079,South,Website,Electronics,Headphones,2,13988.9,0.1,0.0,UPI,Cancelled,2025-04
ORD101452,2025-07-19,CUST10655,Central,Marketplace,Electronics,Headphones,1,1793.22,0.2,1434.58,UPI,Completed,2025-07
ORD101453,2025-11-16,CUST10453,South,Mobile App,Beauty,Face Wash,1,4158.5,0.05,0.0,Credit Card,Cancelled,2025-11
ORD101454,2025-04-21,CUST10705,North,Mobile App,Beauty,Sunscreen,2,4845.79,0.2,0.0,Credit Card,Cancelled,2025-04
ORD101455,2025-03-19,CUST10489,South,Marketplace,Home & Kitchen,Air Fryer,1,728.2,0.05,691.79,Credit Card,Completed,2025-03
ORD101456,2025-03-08,CUST10283,West,Mobile App,Electronics,Smartphone,3,5822.96,0.15,14848.55,Debit Card,Completed,2025-03
ORD101457,2025-07-26,CUST10344,North,Mobile App,Furniture,Bookshelf,3,5181.51,0.1,13990.08,UPI,Completed,2025-07
ORD101458,2025-03-09,CUST10048,North,Website,Electronics,Smartphone,1,1362.46,0.15,1158.09,Debit Card,Completed,2025-03
ORD101459,2025-10-17,CUST10586,South,Marketplace,Home & Kitchen,Vacuum Cleaner,2,1370.23,0.15,2329.39,UPI,Completed,2025-10
ORD101460,2025-10-24,CUST10797,West,Marketplace,Fashion,Sneakers,2,6350.09,0.2,10160.14,Cash on Delivery,Completed,2025-10
ORD101461,2025-08-21,CUST10161,South,Website,Furniture,Bedside Table,1,3623.81,0.0,3623.81,UPI,Completed,2025-08
ORD101462,2025-03-24,CUST10067,Central,Mobile App,Beauty,Shampoo,3,350.88,0.25,789.48,Debit Card,Completed,2025-03
ORD101463,2025-07-03,CUST10087,North,Mobile App,Beauty,Perfume,3,1712.37,0.1,4623.4,UPI,Completed,2025-07
ORD101464,2025-02-13,CUST10452,North,Mobile App,Furniture,Bookshelf,3,6833.2,0.05,19474.62,UPI,Completed,2025-02
ORD101465,2025-09-10,CUST10637,East,Marketplace,Furniture,Office Chair,1,19118.49,0.05,18162.57,Debit Card,Completed,2025-09
ORD101466,2025-10-07,CUST10682,North,Website,Home & Kitchen,Vacuum Cleaner,3,1783.56,0.0,5350.68,Net Banking,Completed,2025-10
ORD101467,2025-03-19,CUST10660,North,Website,Electronics,Monitor,2,18951.66,0.15,32217.82,Credit Card,Completed,2025-03
ORD101468,2025-10-04,CUST10762,South,Marketplace,Beauty,Sunscreen,1,2830.67,0.15,2406.07,UPI,Completed,2025-10
ORD101469,2025-03-07,CUST10394,Central,Website,Fashion,Jeans,1,1614.71,0.2,1291.77,Credit Card,Completed,2025-03
ORD101470,2025-02-13,CUST10366,South,Website,Beauty,Shampoo,1,2267.99,0.0,2267.99,Debit Card,Completed,2025-02
ORD101471,2025-11-20,CUST10520,North,Mobile App,Electronics,Headphones,3,18410.87,0.0,55232.61,UPI,Completed,2025-11
ORD101472,2025-06-25,CUST10876,West,Mobile App,Home & Kitchen,Mixer Grinder,2,2026.6,0.0,4053.2,UPI,Completed,2025-06
ORD101473,2025-05-27,CUST10497,Central,Website,Beauty,Moisturizer,1,2121.07,0.0,2121.07,UPI,Completed,2025-05
ORD101474,2025-09-20,CUST10108,North,Mobile App,Electronics,Monitor,1,3528.27,0.25,2646.2,Debit Card,Completed,2025-09
ORD101475,2025-07-17,CUST10769,West,Website,Home & Kitchen,Air Fryer,1,4117.29,0.1,3705.56,UPI,Completed,2025-07
ORD101476,2025-06-12,CUST10422,North,Website,Beauty,Moisturizer,2,772.98,0.15,1314.07,UPI,Completed,2025-06
ORD101477,2025-12-08,CUST10369,North,Website,Beauty,Perfume,1,559.63,0.1,503.67,UPI,Completed,2025-12
ORD101478,2025-03-05,CUST10644,South,Website,Beauty,Perfume,1,4852.8,0.1,4367.52,UPI,Completed,2025-03
ORD101479,2025-11-30,CUST10567,South,Mobile App,Beauty,Perfume,1,4699.71,0.05,4464.72,UPI,Completed,2025-11
ORD101480,2025-12-26,CUST10364,North,Mobile App,Electronics,Smartwatch,2,3861.33,0.0,7722.66,UPI,Completed,2025-12
ORD101481,2025-07-04,CUST10694,East,Marketplace,Fashion,Backpack,1,2443.07,0.15,0.0,Net Banking,Returned,2025-07
ORD101482,2025-11-09,CUST10837,East,Website,Furniture,Office Chair,4,27540.19,0.05,104652.72,UPI,Completed,2025-11
ORD101483,2025-10-03,CUST10568,Central,Website,Furniture,Bedside Table,2,3214.96,0.05,6108.42,Net Banking,Completed,2025-10
ORD101484,2025-10-29,CUST10361,West,Mobile App,Electronics,Smartwatch,1,69828.32,0.15,59354.07,UPI,Completed,2025-10
ORD101485,2025-10-08,CUST10526,Central,Mobile App,Home & Kitchen,Vacuum Cleaner,1,1747.41,0.15,1485.3,UPI,Completed,2025-10
ORD101486,2025-08-25,CUST10014,Central,Mobile App,Fashion,Jacket,2,411.05,0.15,698.78,Credit Card,Completed,2025-08
ORD101487,2025-06-28,CUST10513,East,Website,Fashion,Jeans,1,5181.63,0.05,4922.55,Debit Card,Completed,2025-06
ORD101488,2025-01-19,CUST10154,South,Website,Electronics,Monitor,1,17064.38,0.05,16211.16,Net Banking,Completed,2025-01
ORD101489,2025-03-14,CUST10658,Central,Website,Electronics,Headphones,1,10611.23,0.15,9019.55,Cash on Delivery,Completed,2025-03
ORD101490,2025-09-18,CUST10269,North,Mobile App,Furniture,Study Table,3,4058.75,0.2,9741.0,UPI,Completed,2025-09
ORD101491,2025-08-10,CUST10278,North,Website,Beauty,Sunscreen,1,1390.56,0.25,1042.92,UPI,Completed,2025-08
ORD101492,2025-12-23,CUST10189,North,Website,Electronics,Laptop,2,3339.32,0.05,6344.71,UPI,Completed,2025-12
ORD101493,2025-04-20,CUST10518,Central,Website,Beauty,Perfume,3,1985.57,0.15,5063.2,UPI,Completed,2025-04
ORD101494,2025-12-03,CUST10385,East,Mobile App,Furniture,Sofa,2,5594.56,0.2,8951.3,UPI,Completed,2025-12
ORD101495,2025-02-26,CUST10311,South,Mobile App,Beauty,Shampoo,2,1163.21,0.05,2210.1,Debit Card,Completed,2025-02
ORD101496,2025-01-11,CUST10101,West,Website,Furniture,Sofa,1,2387.04,0.0,0.0,Debit Card,Returned,2025-01
ORD101497,2025-02-05,CUST10113,West,Mobile App,Beauty,Perfume,2,4115.13,0.0,8230.26,UPI,Completed,2025-02
ORD101498,2025-08-23,CUST10790,West,Marketplace,Beauty,Moisturizer,4,699.99,0.15,0.0,Debit Card,Cancelled,2025-08
ORD101499,2025-03-04,CUST10186,East,Marketplace,Electronics,Monitor,3,4105.02,0.1,11083.55,Credit Card,Completed,2025-03
ORD101500,2025-04-02,CUST10471,North,Mobile App,Beauty,Shampoo,4,2729.43,0.05,10371.83,Credit Card,Completed,2025-04
ORD101501,2025-05-20,CUST10365,West,Mobile App,Fashion,T-Shirt,2,1483.21,0.05,2818.1,UPI,Completed,2025-05
ORD101502,2025-08-20,CUST10693,East,Website,Home & Kitchen,Vacuum Cleaner,1,6695.03,0.0,6695.03,UPI,Completed,2025-08
ORD101503,2025-01-20,CUST10298,North,Mobile App,Beauty,Shampoo,1,2261.97,0.15,1922.67,Net Banking,Completed,2025-01
ORD101504,2025-12-29,CUST10174,South,Mobile App,Furniture,Bedside Table,3,4004.53,0.15,10211.55,Net Banking,Completed,2025-12
ORD101505,2025-06-30,CUST10003,North,Mobile App,Beauty,Sunscreen,1,1332.4,0.15,0.0,Net Banking,Cancelled,2025-06
ORD101506,2025-03-06,CUST10749,North,Website,Fashion,Jeans,1,5701.37,0.2,0.0,UPI,Cancelled,2025-03
ORD101507,2025-04-17,CUST10646,West,Website,Furniture,Sofa,1,5409.65,0.25,4057.24,Debit Card,Completed,2025-04
ORD101508,2025-10-08,CUST10396,East,Website,Home & Kitchen,Coffee Maker,1,5640.08,0.15,4794.07,Debit Card,Completed,2025-10
ORD101509,2025-11-15,CUST10145,West,Website,Beauty,Perfume,2,289.94,0.05,550.89,Debit Card,Completed,2025-11
ORD101510,2025-08-20,CUST10660,Central,Website,Electronics,Smartwatch,5,11032.16,0.1,0.0,UPI,Cancelled,2025-08
ORD101511,2025-03-23,CUST10162,East,Mobile App,Furniture,Bookshelf,1,11256.28,0.15,0.0,Net Banking,Returned,2025-03
ORD101512,2025-12-28,CUST10185,South,Marketplace,Electronics,Smartwatch,1,1267.09,0.15,1077.03,UPI,Completed,2025-12
ORD101513,2025-07-26,CUST10792,South,Website,Beauty,Shampoo,3,553.4,0.15,1411.17,UPI,Completed,2025-07
ORD101514,2025-06-26,CUST10185,Central,Website,Electronics,Monitor,3,4472.58,0.1,12075.97,Credit Card,Completed,2025-06
ORD101515,2025-03-07,CUST10586,South,Website,Furniture,Sofa,1,23558.52,0.2,18846.82,UPI,Completed,2025-03
ORD101516,2025-01-16,CUST10179,South,Marketplace,Home & Kitchen,Vacuum Cleaner,2,10269.37,0.05,19511.8,UPI,Completed,2025-01
ORD101517,2025-08-17,CUST10532,South,Mobile App,Beauty,Moisturizer,1,516.66,0.15,439.16,Net Banking,Completed,2025-08
ORD101518,2025-07-26,CUST10185,North,Marketplace,Beauty,Perfume,2,638.6,0.0,1277.2,Net Banking,Completed,2025-07
ORD101519,2025-04-15,CUST10261,Central,Website,Beauty,Sunscreen,2,3080.11,0.05,5852.21,Cash on Delivery,Completed,2025-04
ORD101520,2025-12-19,CUST10874,Central,Website,Furniture,Sofa,4,2407.29,0.15,8184.79,Credit Card,Completed,2025-12
ORD101521,2025-01-29,CUST10538,East,Mobile App,Fashion,T-Shirt,2,6845.23,0.05,13005.94,UPI,Completed,2025-01
ORD101522,2025-05-09,CUST10516,West,Website,Home & Kitchen,Vacuum Cleaner,1,5037.43,0.2,4029.94,UPI,Completed,2025-05
ORD101523,2025-06-23,CUST10241,East,Website,Furniture,Study Table,1,2640.38,0.05,2508.36,Net Banking,Completed,2025-06
ORD101524,2025-03-22,CUST10213,South,Website,Beauty,Shampoo,4,3144.82,0.05,11950.32,UPI,Completed,2025-03
ORD101525,2025-10-17,CUST10692,South,Mobile App,Electronics,Monitor,1,1153.22,0.1,1037.9,UPI,Completed,2025-10
ORD101526,2025-04-28,CUST10107,West,Marketplace,Home & Kitchen,Cookware Set,1,6162.08,0.1,5545.87,Credit Card,Completed,2025-04
ORD101527,2025-10-22,CUST10195,North,Mobile App,Furniture,Sofa,1,14062.25,0.2,11249.8,UPI,Completed,2025-10
ORD101528,2025-03-10,CUST10771,North,Mobile App,Fashion,T-Shirt,1,689.73,0.2,551.78,UPI,Completed,2025-03
ORD101529,2025-11-20,CUST10320,West,Mobile App,Home & Kitchen,Air Fryer,2,9003.64,0.1,16206.55,UPI,Completed,2025-11
ORD101530,2025-11-03,CUST10295,East,Mobile App,Furniture,Bedside Table,1,6903.9,0.15,0.0,UPI,Returned,2025-11
ORD101531,2025-04-06,CUST10209,North,Mobile App,Beauty,Face Wash,1,460.75,0.2,368.6,UPI,Completed,2025-04
ORD101532,2025-10-31,CUST10364,North,Website,Fashion,T-Shirt,1,1548.37,0.05,1470.95,Credit Card,Completed,2025-10
ORD101533,2025-01-03,CUST10316,North,Website,Home & Kitchen,Coffee Maker,2,14400.27,0.15,24480.46,Credit Card,Completed,2025-01
ORD101534,2025-08-24,CUST10034,Central,Mobile App,Beauty,Sunscreen,2,4454.91,0.15,7573.35,Credit Card,Completed,2025-08
ORD101535,2025-08-11,CUST10881,North,Website,Fashion,Jeans,1,1198.15,0.05,1138.24,Net Banking,Completed,2025-08
ORD101536,2025-10-20,CUST10852,East,Website,Electronics,Laptop,1,57891.95,0.15,0.0,UPI,Returned,2025-10
ORD101537,2025-05-08,CUST10003,West,Marketplace,Electronics,Laptop,2,16747.04,0.05,31819.38,Credit Card,Completed,2025-05
ORD101538,2025-12-11,CUST10367,North,Marketplace,Home & Kitchen,Mixer Grinder,3,7319.87,0.25,16469.71,UPI,Completed,2025-12
ORD101539,2025-06-06,CUST10254,East,Mobile App,Beauty,Perfume,1,369.98,0.2,295.98,UPI,Completed,2025-06
ORD101540,2025-07-21,CUST10479,West,Mobile App,Home & Kitchen,Vacuum Cleaner,1,3985.13,0.0,3985.13,Net Banking,Completed,2025-07
ORD101541,2025-10-13,CUST10344,North,Website,Home & Kitchen,Air Fryer,2,2278.64,0.15,3873.69,UPI,Completed,2025-10
ORD101542,2025-06-25,CUST10444,West,Website,Home & Kitchen,Vacuum Cleaner,1,830.18,0.0,830.18,UPI,Completed,2025-06
ORD101543,2025-11-02,CUST10490,Central,Mobile App,Furniture,Bedside Table,1,8953.05,0.1,0.0,UPI,Cancelled,2025-11
ORD101544,2025-10-28,CUST10115,North,Mobile App,Beauty,Perfume,2,362.82,0.15,616.79,UPI,Completed,2025-10
ORD101545,2025-05-07,CUST10464,North,Marketplace,Beauty,Perfume,1,611.32,0.2,489.06,Credit Card,Completed,2025-05
ORD101546,2025-10-28,CUST10410,North,Mobile App,Electronics,Laptop,1,63936.98,0.1,60740.13,UPI,Completed,2025-10
ORD101547,2025-04-01,CUST10664,West,Website,Electronics,Monitor,4,33063.07,0.1,119027.05,UPI,Completed,2025-04
ORD101548,2025-06-24,CUST10664,North,Website,Beauty,Shampoo,3,395.62,0.05,1127.52,Credit Card,Completed,2025-06
ORD101549,2025-03-09,CUST10273,South,Website,Furniture,Sofa,1,22421.65,0.1,20179.49,Cash on Delivery,Completed,2025-03
ORD101550,2025-01-16,CUST10611,East,Website,Electronics,Headphones,4,6987.33,0.2,22359.46,Debit Card,Completed,2025-01
ORD101551,2025-03-08,CUST10537,South,Website,Electronics,Headphones,1,25173.43,0.05,0.0,Credit Card,Returned,2025-03
ORD101552,2025-09-24,CUST10879,South,Website,Electronics,Monitor,3,36114.76,0.0,108344.28,UPI,Completed,2025-09
ORD101553,2025-10-30,CUST10001,East,Website,Electronics,Smartwatch,1,5090.16,0.2,4072.13,UPI,Completed,2025-10
ORD101554,2025-09-16,CUST10549,West,Website,Beauty,Shampoo,1,2991.85,0.05,0.0,UPI,Cancelled,2025-09
ORD101555,2025-07-31,CUST10551,East,Mobile App,Home & Kitchen,Cookware Set,2,1403.08,0.15,2385.24,UPI,Completed,2025-07
ORD101556,2025-12-26,CUST10287,East,Website,Fashion,T-Shirt,1,1938.75,0.15,1647.94,UPI,Completed,2025-12
ORD101557,2025-10-01,CUST10187,North,Mobile App,Beauty,Shampoo,1,370.41,0.1,0.0,Debit Card,Returned,2025-10
ORD101558,2025-01-29,CUST10506,South,Marketplace,Electronics,Smartwatch,1,44201.05,0.05,41991.0,Cash on Delivery,Completed,2025-01
ORD101559,2025-01-05,CUST10366,South,Mobile App,Furniture,Bookshelf,1,14230.29,0.0,0.0,Credit Card,Cancelled,2025-01
ORD101560,2025-03-03,CUST10127,North,Website,Home & Kitchen,Cookware Set,1,3673.7,0.15,3122.64,Debit Card,Completed,2025-03
ORD101561,2025-06-05,CUST10704,South,Mobile App,Beauty,Sunscreen,1,1601.21,0.2,1280.97,Cash on Delivery,Completed,2025-06
ORD101562,2025-10-25,CUST10598,South,Mobile App,Beauty,Sunscreen,1,4959.84,0.05,0.0,Debit Card,Returned,2025-10
ORD101563,2025-08-27,CUST10814,Central,Mobile App,Electronics,Monitor,3,9128.41,0.15,23277.45,Cash on Delivery,Completed,2025-08
ORD101564,2025-04-11,CUST10807,South,Mobile App,Electronics,Laptop,2,16520.91,0.15,0.0,Debit Card,Cancelled,2025-04
ORD101565,2025-12-19,CUST10802,East,Website,Electronics,Headphones,1,1758.36,0.1,1582.52,Cash on Delivery,Completed,2025-12
ORD101566,2025-07-01,CUST10553,North,Mobile App,Fashion,Sneakers,1,1005.6,0.1,905.04,Credit Card,Completed,2025-07
ORD101567,2025-01-15,CUST10177,North,Mobile App,Electronics,Smartphone,2,12240.32,0.2,19584.51,Cash on Delivery,Completed,2025-01
ORD101568,2025-12-26,CUST10888,East,Website,Electronics,Smartphone,1,3686.89,0.1,3318.2,UPI,Completed,2025-12
ORD101569,2025-02-11,CUST10781,West,Website,Beauty,Shampoo,1,300.79,0.0,300.79,Credit Card,Completed,2025-02
ORD101570,2025-11-30,CUST10707,West,Mobile App,Beauty,Moisturizer,2,2284.16,0.2,3654.66,UPI,Completed,2025-11
ORD101571,2025-09-26,CUST10724,East,Website,Electronics,Smartwatch,1,1350.06,0.05,1282.56,Credit Card,Completed,2025-09
ORD101572,2025-01-21,CUST10587,Central,Website,Home & Kitchen,Coffee Maker,1,1862.25,0.15,1582.91,Debit Card,Completed,2025-01
ORD101573,2025-01-10,CUST10461,North,Mobile App,Beauty,Moisturizer,4,463.0,0.15,1574.2,Cash on Delivery,Completed,2025-01
ORD101574,2025-06-06,CUST10868,South,Mobile App,Beauty,Moisturizer,1,1800.26,0.1,1620.23,Debit Card,Completed,2025-06
ORD101575,2025-11-06,CUST10447,Central,Mobile App,Beauty,Sunscreen,3,343.36,0.1,0.0,Net Banking,Cancelled,2025-11
ORD101576,2025-01-11,CUST10423,South,Mobile App,Electronics,Smartwatch,1,7076.32,0.1,6368.69,Credit Card,Completed,2025-01
ORD101577,2025-01-28,CUST10440,North,Mobile App,Electronics,Smartphone,1,31504.13,0.05,29928.92,Credit Card,Completed,2025-01
ORD101578,2025-12-02,CUST10720,South,Website,Home & Kitchen,Mixer Grinder,1,1544.7,0.1,1390.23,Cash on Delivery,Completed,2025-12
ORD101579,2025-10-16,CUST10892,East,Mobile App,Electronics,Smartwatch,5,7630.31,0.05,0.0,Debit Card,Returned,2025-10
ORD101580,2025-06-24,CUST10272,South,Website,Beauty,Sunscreen,3,1113.13,0.1,3005.45,UPI,Completed,2025-06
ORD101581,2025-04-30,CUST10107,West,Website,Fashion,Jeans,3,1271.68,0.05,0.0,UPI,Cancelled,2025-04
ORD101582,2025-12-09,CUST10734,Central,Website,Electronics,Smartwatch,2,4624.01,0.1,8323.22,UPI,Completed,2025-12
ORD101583,2025-07-27,CUST10122,West,Mobile App,Furniture,Study Table,1,7931.94,0.1,7138.75,UPI,Completed,2025-07
ORD101584,2025-04-15,CUST10633,North,Website,Fashion,Jeans,1,807.77,0.15,686.6,UPI,Completed,2025-04
ORD101585,2025-01-19,CUST10114,South,Mobile App,Beauty,Perfume,2,2407.18,0.2,3851.49,UPI,Completed,2025-01
ORD101586,2025-07-20,CUST10023,South,Website,Electronics,Monitor,3,4177.17,0.05,11904.93,UPI,Completed,2025-07
ORD101587,2025-12-29,CUST10170,West,Marketplace,Beauty,Shampoo,2,913.0,0.05,1734.7,UPI,Completed,2025-12
ORD101588,2025-06-16,CUST10132,West,Marketplace,Electronics,Headphones,2,2512.8,0.05,4774.32,Debit Card,Completed,2025-06
ORD101589,2025-02-18,CUST10704,South,Marketplace,Home & Kitchen,Cookware Set,1,8008.23,0.1,7207.41,Debit Card,Completed,2025-02
ORD101590,2025-02-16,CUST10492,South,Website,Beauty,Moisturizer,2,1553.89,0.2,2486.22,UPI,Completed,2025-02
ORD101591,2025-03-23,CUST10236,North,Mobile App,Beauty,Sunscreen,2,1494.81,0.15,2541.18,Credit Card,Completed,2025-03
ORD101592,2025-05-15,CUST10087,Central,Mobile App,Home & Kitchen,Air Fryer,2,13116.67,0.05,0.0,UPI,Cancelled,2025-05
ORD101593,2025-02-09,CUST10880,North,Website,Beauty,Moisturizer,3,4769.31,0.05,13592.53,Credit Card,Completed,2025-02
ORD101594,2025-04-05,CUST10150,North,Mobile App,Home & Kitchen,Mixer Grinder,4,14215.91,0.0,56863.64,Credit Card,Completed,2025-04
ORD101595,2025-12-29,CUST10768,West,Website,Fashion,T-Shirt,3,1174.88,0.15,2995.94,Credit Card,Completed,2025-12
ORD101596,2025-05-12,CUST10354,North,Website,Furniture,Office Chair,1,2167.78,0.25,1625.84,Net Banking,Completed,2025-05
ORD101597,2025-07-17,CUST10747,South,Marketplace,Beauty,Moisturizer,1,759.77,0.05,721.78,Net Banking,Completed,2025-07
ORD101598,2025-03-23,CUST10532,East,Marketplace,Fashion,T-Shirt,3,2630.86,0.1,7103.32,UPI,Completed,2025-03
ORD101599,2025-08-28,CUST10579,North,Mobile App,Furniture,Sofa,1,20758.1,0.1,18682.29,UPI,Completed,2025-08
ORD101600,2025-12-21,CUST10831,North,Mobile App,Fashion,T-Shirt,1,2607.37,0.0,0.0,Debit Card,Returned,2025-12
ORD101601,2025-05-25,CUST10269,Central,Mobile App,Fashion,T-Shirt,2,4844.59,0.05,9204.72,UPI,Completed,2025-05
ORD101602,2025-05-27,CUST10268,North,Mobile App,Beauty,Sunscreen,2,2632.24,0.25,3948.36,UPI,Completed,2025-05
ORD101603,2025-08-13,CUST10646,South,Marketplace,Beauty,Moisturizer,1,3232.59,0.2,2586.07,UPI,Completed,2025-08
ORD101604,2025-06-17,CUST10045,North,Website,Fashion,Jacket,3,599.18,0.05,1707.66,Debit Card,Completed,2025-06
ORD101605,2025-05-29,CUST10134,South,Mobile App,Furniture,Study Table,3,2405.93,0.1,6496.01,UPI,Completed,2025-05
ORD101606,2025-06-30,CUST10360,North,Website,Home & Kitchen,Mixer Grinder,1,15499.83,0.1,13949.85,Debit Card,Completed,2025-06
ORD101607,2025-02-14,CUST10550,East,Marketplace,Beauty,Perfume,3,621.85,0.1,0.0,UPI,Cancelled,2025-02
ORD101608,2025-05-18,CUST10611,West,Marketplace,Fashion,T-Shirt,1,700.64,0.1,0.0,Cash on Delivery,Returned,2025-05
ORD101609,2025-06-28,CUST10298,East,Website,Fashion,T-Shirt,1,433.27,0.15,368.28,Credit Card,Completed,2025-06
ORD101610,2025-12-22,CUST10498,East,Website,Electronics,Monitor,1,916.0,0.15,778.6,UPI,Completed,2025-12
ORD101611,2025-03-21,CUST10172,South,Website,Beauty,Sunscreen,1,300.32,0.2,240.26,Debit Card,Completed,2025-03
ORD101612,2025-07-31,CUST10674,East,Website,Electronics,Headphones,1,7026.26,0.2,5621.01,Net Banking,Completed,2025-07
ORD101613,2025-03-15,CUST10541,Central,Website,Beauty,Face Wash,1,1707.72,0.05,1622.33,UPI,Completed,2025-03
ORD101614,2025-02-22,CUST10708,East,Website,Electronics,Headphones,2,38315.16,0.25,57472.74,UPI,Completed,2025-02
ORD101615,2025-09-02,CUST10017,Central,Mobile App,Fashion,Backpack,1,3501.69,0.2,2801.35,UPI,Completed,2025-09
ORD101616,2025-09-04,CUST10765,South,Marketplace,Furniture,Bookshelf,2,10626.33,0.15,18064.76,UPI,Completed,2025-09
ORD101617,2025-07-21,CUST10788,West,Mobile App,Fashion,Backpack,2,2364.08,0.1,0.0,Credit Card,Cancelled,2025-07
ORD101618,2025-10-14,CUST10191,South,Marketplace,Electronics,Headphones,1,2109.97,0.1,1898.97,Cash on Delivery,Completed,2025-10
ORD101619,2025-07-09,CUST10247,South,Mobile App,Beauty,Perfume,2,774.1,0.1,1393.38,UPI,Completed,2025-07
ORD101620,2025-11-26,CUST10271,South,Mobile App,Beauty,Perfume,3,755.39,0.1,2039.55,UPI,Completed,2025-11
ORD101621,2025-02-28,CUST10535,South,Marketplace,Home & Kitchen,Coffee Maker,1,10688.15,0.15,9084.93,UPI,Completed,2025-02
ORD101622,2025-07-30,CUST10533,North,Mobile App,Home & Kitchen,Air Fryer,3,1640.93,0.15,4184.37,UPI,Completed,2025-07
ORD101623,2025-08-21,CUST10044,South,Website,Home & Kitchen,Mixer Grinder,1,8572.23,0.0,8572.23,UPI,Completed,2025-08
ORD101624,2025-09-11,CUST10837,North,Website,Furniture,Bedside Table,2,31326.06,0.0,62652.12,Debit Card,Completed,2025-09
ORD101625,2025-09-10,CUST10603,East,Marketplace,Home & Kitchen,Cookware Set,3,1641.72,0.2,0.0,UPI,Returned,2025-09
ORD101626,2025-01-14,CUST10072,South,Marketplace,Beauty,Shampoo,2,696.76,0.15,1184.49,Credit Card,Completed,2025-01
ORD101627,2025-01-04,CUST10209,North,Mobile App,Beauty,Sunscreen,2,2656.67,0.2,4250.67,Net Banking,Completed,2025-01
ORD101628,2025-02-09,CUST10349,East,Website,Furniture,Bookshelf,2,11032.78,0.15,18755.73,UPI,Completed,2025-02
ORD101629,2025-10-05,CUST10188,West,Website,Beauty,Perfume,2,559.4,0.1,1006.92,UPI,Completed,2025-10
ORD101630,2025-01-05,CUST10751,Central,Website,Furniture,Bedside Table,3,6893.68,0.2,16544.83,UPI,Completed,2025-01
ORD101631,2025-06-10,CUST10142,North,Mobile App,Electronics,Monitor,1,50392.75,0.1,45353.47,Net Banking,Completed,2025-06
ORD101632,2025-06-19,CUST10179,Central,Mobile App,Beauty,Shampoo,1,563.99,0.15,479.39,Debit Card,Completed,2025-06
ORD101633,2025-09-11,CUST10176,South,Website,Beauty,Moisturizer,2,4866.05,0.2,7785.68,UPI,Completed,2025-09
ORD101634,2025-11-26,CUST10421,Central,Marketplace,Electronics,Smartwatch,1,1914.87,0.15,1627.64,Cash on Delivery,Completed,2025-11
ORD101635,2025-05-06,CUST10352,East,Website,Beauty,Face Wash,2,1148.12,0.0,0.0,UPI,Cancelled,2025-05
ORD101636,2025-11-20,CUST10846,South,Mobile App,Furniture,Office Chair,2,1875.9,0.2,3001.44,Debit Card,Completed,2025-11
ORD101637,2025-12-31,CUST10566,North,Mobile App,Furniture,Bookshelf,4,16940.26,0.1,60984.94,Debit Card,Completed,2025-12
ORD101638,2025-09-02,CUST10845,West,Mobile App,Beauty,Sunscreen,1,2068.77,0.15,1758.45,UPI,Completed,2025-09
ORD101639,2025-07-22,CUST10525,South,Mobile App,Electronics,Smartphone,3,3823.28,0.15,0.0,UPI,Cancelled,2025-07
ORD101640,2025-10-13,CUST10796,South,Mobile App,Fashion,Backpack,1,3852.81,0.2,3082.25,Credit Card,Completed,2025-10
ORD101641,2025-12-12,CUST10402,Central,Mobile App,Beauty,Moisturizer,3,4625.27,0.15,11794.44,Cash on Delivery,Completed,2025-12
ORD101642,2025-03-24,CUST10509,West,Website,Home & Kitchen,Cookware Set,1,12033.04,0.1,10829.74,Cash on Delivery,Completed,2025-03
ORD101643,2025-12-16,CUST10380,West,Website,Fashion,Jacket,3,931.24,0.0,2793.72,Net Banking,Completed,2025-12
ORD101644,2025-11-20,CUST10116,West,Website,Electronics,Monitor,5,50113.14,0.15,212980.85,Cash on Delivery,Completed,2025-11
ORD101645,2025-10-22,CUST10632,Central,Website,Home & Kitchen,Coffee Maker,5,10646.23,0.05,50569.59,Credit Card,Completed,2025-10
ORD101646,2025-05-02,CUST10317,East,Website,Electronics,Laptop,1,3035.08,0.1,2731.57,UPI,Completed,2025-05
ORD101647,2025-06-20,CUST10520,West,Mobile App,Home & Kitchen,Mixer Grinder,1,10455.02,0.2,0.0,Debit Card,Returned,2025-06
ORD101648,2025-12-03,CUST10823,East,Marketplace,Beauty,Perfume,3,4373.8,0.15,11153.19,UPI,Completed,2025-12
ORD101649,2025-05-18,CUST10263,South,Marketplace,Fashion,T-Shirt,1,3065.67,0.1,2759.1,UPI,Completed,2025-05
ORD101650,2025-12-27,CUST10796,East,Mobile App,Home & Kitchen,Cookware Set,3,2491.9,0.15,6354.35,UPI,Completed,2025-12
ORD101651,2025-06-24,CUST10525,West,Marketplace,Fashion,Jacket,3,974.54,0.1,2631.26,Debit Card,Completed,2025-06
ORD101652,2025-10-01,CUST10713,West,Marketplace,Fashion,Jacket,5,5845.0,0.1,26302.5,Debit Card,Completed,2025-10
ORD101653,2025-04-21,CUST10753,Central,Marketplace,Home & Kitchen,Cookware Set,1,3758.2,0.1,3382.38,UPI,Completed,2025-04
ORD101654,2025-11-30,CUST10417,North,Website,Electronics,Headphones,1,6216.15,0.15,0.0,UPI,Returned,2025-11
ORD101655,2025-10-04,CUST10582,West,Mobile App,Home & Kitchen,Air Fryer,2,4410.13,0.1,7938.23,UPI,Completed,2025-10
ORD101656,2025-12-29,CUST10769,South,Mobile App,Home & Kitchen,Mixer Grinder,2,993.86,0.1,1788.95,UPI,Completed,2025-12
ORD101657,2025-09-16,CUST10300,North,Website,Furniture,Office Chair,1,7811.59,0.1,0.0,UPI,Cancelled,2025-09
ORD101658,2025-12-29,CUST10433,North,Website,Fashion,Jeans,1,5647.25,0.1,5082.53,Net Banking,Completed,2025-12
ORD101659,2025-03-30,CUST10816,Central,Marketplace,Furniture,Study Table,3,3480.8,0.1,9398.16,Debit Card,Completed,2025-03
ORD101660,2025-11-06,CUST10757,South,Mobile App,Beauty,Sunscreen,1,301.95,0.2,241.56,Debit Card,Completed,2025-11
ORD101661,2025-09-07,CUST10246,South,Website,Home & Kitchen,Coffee Maker,2,5608.79,0.2,8974.06,UPI,Completed,2025-09
ORD101662,2025-01-16,CUST10584,Central,Website,Furniture,Bedside Table,4,22259.66,0.1,80134.78,Net Banking,Completed,2025-01
ORD101663,2025-06-25,CUST10538,Central,Website,Furniture,Study Table,2,3042.47,0.15,5172.2,Net Banking,Completed,2025-06
ORD101664,2025-05-28,CUST10267,West,Website,Furniture,Bedside Table,2,19515.54,0.05,37079.53,Cash on Delivery,Completed,2025-05
ORD101665,2025-11-29,CUST10046,South,Mobile App,Beauty,Shampoo,3,2290.39,0.2,5496.94,UPI,Completed,2025-11
ORD101666,2025-07-06,CUST10696,West,Mobile App,Fashion,T-Shirt,1,1945.14,0.15,1653.37,Credit Card,Completed,2025-07
ORD101667,2025-10-11,CUST10754,South,Mobile App,Home & Kitchen,Air Fryer,1,3434.88,0.1,3091.39,UPI,Completed,2025-10
ORD101668,2025-11-22,CUST10227,North,Mobile App,Furniture,Study Table,2,4636.87,0.2,7418.99,Net Banking,Completed,2025-11
ORD101669,2025-04-30,CUST10394,West,Marketplace,Home & Kitchen,Air Fryer,3,7263.88,0.2,0.0,Credit Card,Cancelled,2025-04
ORD101670,2025-04-02,CUST10414,North,Website,Fashion,Backpack,2,1869.65,0.2,2991.44,Cash on Delivery,Completed,2025-04
ORD101671,2025-09-23,CUST10795,North,Mobile App,Electronics,Monitor,1,2413.64,0.15,2051.59,Cash on Delivery,Completed,2025-09
ORD101672,2025-12-27,CUST10327,South,Website,Electronics,Headphones,3,16822.66,0.15,42897.78,Debit Card,Completed,2025-12
ORD101673,2025-06-06,CUST10287,West,Marketplace,Furniture,Sofa,5,1878.36,0.1,8452.62,UPI,Completed,2025-06
ORD101674,2025-03-12,CUST10587,Central,Website,Home & Kitchen,Cookware Set,1,1327.55,0.1,0.0,Net Banking,Cancelled,2025-03
ORD101675,2025-08-02,CUST10572,North,Website,Home & Kitchen,Cookware Set,3,1510.43,0.1,4078.16,Credit Card,Completed,2025-08
ORD101676,2025-09-05,CUST10040,South,Website,Furniture,Bedside Table,2,3617.83,0.15,6150.31,UPI,Completed,2025-09
ORD101677,2025-11-28,CUST10856,North,Mobile App,Fashion,Backpack,3,1880.17,0.15,4794.43,UPI,Completed,2025-11
ORD101678,2025-09-22,CUST10850,West,Mobile App,Electronics,Smartphone,3,14667.19,0.1,0.0,Net Banking,Cancelled,2025-09
ORD101679,2025-10-20,CUST10795,Central,Website,Furniture,Sofa,2,3017.91,0.15,5130.45,UPI,Completed,2025-10
ORD101680,2025-12-14,CUST10413,North,Mobile App,Furniture,Study Table,2,2865.84,0.1,5158.51,UPI,Completed,2025-12
ORD101681,2025-05-04,CUST10336,Central,Website,Home & Kitchen,Air Fryer,3,2789.29,0.2,6694.3,UPI,Completed,2025-05
ORD101682,2025-03-04,CUST10485,North,Mobile App,Home & Kitchen,Cookware Set,2,5345.32,0.05,0.0,Cash on Delivery,Cancelled,2025-03
ORD101683,2025-06-22,CUST10241,Central,Mobile App,Fashion,Backpack,1,666.33,0.2,533.06,Debit Card,Completed,2025-06
ORD101684,2025-12-03,CUST10678,North,Mobile App,Beauty,Perfume,2,1222.72,0.1,2200.9,UPI,Completed,2025-12
ORD101685,2025-11-12,CUST10303,South,Mobile App,Home & Kitchen,Cookware Set,1,16127.41,0.05,15321.04,Debit Card,Completed,2025-11
ORD101686,2025-01-23,CUST10831,North,Website,Fashion,T-Shirt,1,1366.37,0.2,1093.1,Credit Card,Completed,2025-01
ORD101687,2025-06-06,CUST10541,South,Mobile App,Electronics,Headphones,1,5015.05,0.0,0.0,UPI,Cancelled,2025-06
ORD101688,2025-11-22,CUST10473,West,Website,Beauty,Sunscreen,2,331.49,0.2,530.38,UPI,Completed,2025-11
ORD101689,2025-02-23,CUST10868,North,Mobile App,Furniture,Sofa,1,31810.92,0.1,28629.83,Credit Card,Completed,2025-02
ORD101690,2025-07-04,CUST10572,West,Marketplace,Fashion,Backpack,4,2490.45,0.1,0.0,Cash on Delivery,Cancelled,2025-07
ORD101691,2025-02-14,CUST10152,South,Website,Home & Kitchen,Air Fryer,4,3447.77,0.1,12411.97,UPI,Completed,2025-02
ORD101692,2025-10-03,CUST10594,North,Website,Fashion,Sneakers,2,1283.58,0.1,2310.44,UPI,Completed,2025-10
ORD101693,2025-09-06,CUST10380,South,Marketplace,Fashion,Jeans,1,2623.87,0.05,2492.68,UPI,Completed,2025-09
ORD101694,2025-05-30,CUST10742,North,Website,Fashion,Sneakers,2,5720.23,0.2,9152.37,Cash on Delivery,Completed,2025-05
ORD101695,2025-08-19,CUST10341,West,Website,Fashion,Jeans,1,3634.61,0.0,3634.61,Credit Card,Completed,2025-08
ORD101696,2025-10-17,CUST10891,West,Website,Beauty,Moisturizer,4,1364.09,0.1,0.0,Credit Card,Cancelled,2025-10
ORD101697,2025-03-20,CUST10399,North,Website,Beauty,Face Wash,2,690.0,0.15,1173.0,UPI,Completed,2025-03
ORD101698,2025-02-16,CUST10813,North,Mobile App,Beauty,Moisturizer,2,761.17,0.15,1293.99,Credit Card,Completed,2025-02
ORD101699,2025-08-24,CUST10113,North,Mobile App,Electronics,Headphones,2,18634.15,0.15,31678.06,Debit Card,Completed,2025-08
ORD101700,2025-10-17,CUST10816,Central,Website,Fashion,Backpack,2,744.26,0.05,1414.09,UPI,Completed,2025-10
ORD101701,2025-07-28,CUST10330,West,Mobile App,Home & Kitchen,Coffee Maker,1,8457.18,0.15,7188.6,UPI,Completed,2025-07
ORD101702,2025-08-24,CUST10055,South,Marketplace,Home & Kitchen,Air Fryer,1,1108.7,0.0,1108.7,Debit Card,Completed,2025-08
ORD101703,2025-10-18,CUST10406,West,Website,Furniture,Bedside Table,3,13330.66,0.2,31993.58,UPI,Completed,2025-10
ORD101704,2025-03-26,CUST10445,West,Website,Furniture,Bookshelf,1,2374.25,0.15,2018.11,Net Banking,Completed,2025-03
ORD101705,2025-11-19,CUST10803,South,Mobile App,Home & Kitchen,Air Fryer,1,3250.4,0.2,2600.32,Cash on Delivery,Completed,2025-11
ORD101706,2025-07-09,CUST10767,South,Marketplace,Beauty,Perfume,2,2532.9,0.0,5065.8,UPI,Completed,2025-07
ORD101707,2025-12-04,CUST10861,Central,Mobile App,Home & Kitchen,Vacuum Cleaner,2,5033.32,0.15,8556.64,UPI,Completed,2025-12
ORD101708,2025-08-21,CUST10556,East,Website,Electronics,Headphones,1,31113.78,0.25,23335.33,Debit Card,Completed,2025-08
ORD101709,2025-12-12,CUST10796,North,Website,Fashion,Jeans,1,2121.29,0.05,0.0,Credit Card,Cancelled,2025-12
ORD101710,2025-02-14,CUST10641,South,Marketplace,Fashion,T-Shirt,3,3856.14,0.25,8676.32,Cash on Delivery,Completed,2025-02
ORD101711,2025-11-18,CUST10059,East,Mobile App,Electronics,Smartwatch,1,991.27,0.05,941.71,Credit Card,Completed,2025-11
ORD101712,2025-01-13,CUST10461,West,Mobile App,Furniture,Office Chair,1,21739.54,0.05,20652.56,UPI,Completed,2025-01
ORD101713,2025-07-08,CUST10837,Central,Mobile App,Fashion,Sneakers,2,2688.19,0.05,5107.56,UPI,Completed,2025-07
ORD101714,2025-12-17,CUST10773,Central,Website,Beauty,Sunscreen,1,1068.47,0.05,1015.05,Debit Card,Completed,2025-12
ORD101715,2025-01-28,CUST10094,South,Mobile App,Fashion,T-Shirt,1,2619.79,0.15,2226.82,Debit Card,Completed,2025-01
ORD101716,2025-04-30,CUST10234,South,Mobile App,Fashion,Jacket,4,6650.27,0.15,0.0,UPI,Cancelled,2025-04
ORD101717,2025-02-19,CUST10590,North,Website,Electronics,Smartphone,2,21882.75,0.2,35012.4,UPI,Completed,2025-02
ORD101718,2025-03-14,CUST10307,Central,Marketplace,Beauty,Perfume,2,2268.85,0.25,3403.27,Debit Card,Completed,2025-03
ORD101719,2025-04-30,CUST10309,South,Marketplace,Fashion,T-Shirt,1,3066.98,0.1,2760.28,Credit Card,Completed,2025-04
ORD101720,2025-03-08,CUST10143,East,Marketplace,Fashion,T-Shirt,5,681.87,0.15,2897.95,UPI,Completed,2025-03
ORD101721,2025-09-18,CUST10421,North,Website,Fashion,Jeans,3,636.95,0.15,1624.22,Net Banking,Completed,2025-09
ORD101722,2025-08-05,CUST10198,South,Marketplace,Furniture,Sofa,2,12465.65,0.15,21191.6,UPI,Completed,2025-08
ORD101723,2025-12-03,CUST10258,West,Marketplace,Electronics,Smartphone,2,1457.82,0.1,2624.08,UPI,Completed,2025-12
ORD101724,2025-11-11,CUST10599,North,Marketplace,Electronics,Headphones,1,2737.69,0.15,2327.04,Debit Card,Completed,2025-11
ORD101725,2025-10-16,CUST10462,North,Mobile App,Electronics,Monitor,3,1487.85,0.05,4240.37,Credit Card,Completed,2025-10
ORD101726,2025-08-24,CUST10775,East,Mobile App,Electronics,Monitor,1,11535.6,0.15,9805.26,Cash on Delivery,Completed,2025-08
ORD101727,2025-08-21,CUST10778,West,Marketplace,Furniture,Bedside Table,1,27640.52,0.05,26258.49,UPI,Completed,2025-08
ORD101728,2025-02-08,CUST10217,West,Marketplace,Fashion,Backpack,2,717.41,0.15,1219.6,Credit Card,Completed,2025-02
ORD101729,2025-03-08,CUST10750,South,Mobile App,Fashion,Jeans,2,2156.09,0.0,4312.18,Cash on Delivery,Completed,2025-03
ORD101730,2025-08-13,CUST10637,South,Website,Electronics,Laptop,2,1989.45,0.15,0.0,UPI,Cancelled,2025-08
ORD101731,2025-03-09,CUST10594,North,Mobile App,Electronics,Monitor,1,3936.89,0.2,3149.51,UPI,Completed,2025-03
ORD101732,2025-03-29,CUST10320,East,Website,Fashion,Jacket,2,551.2,0.2,881.92,UPI,Completed,2025-03
ORD101733,2025-09-29,CUST10196,North,Mobile App,Fashion,Backpack,1,3386.25,0.1,3047.62,UPI,Completed,2025-09
ORD101734,2025-07-26,CUST10340,East,Mobile App,Fashion,Backpack,2,5870.76,0.2,9393.22,Net Banking,Completed,2025-07
ORD101735,2025-06-19,CUST10862,Central,Website,Furniture,Office Chair,1,24502.93,0.2,19602.34,Debit Card,Completed,2025-06
ORD101736,2025-01-22,CUST10608,Central,Website,Home & Kitchen,Mixer Grinder,1,3979.97,0.1,3581.97,UPI,Completed,2025-01
ORD101737,2025-03-16,CUST10724,North,Mobile App,Beauty,Shampoo,1,573.73,0.15,487.67,Credit Card,Completed,2025-03
ORD101738,2025-01-01,CUST10761,West,Website,Home & Kitchen,Coffee Maker,1,13793.21,0.0,13793.21,Net Banking,Completed,2025-01
ORD101739,2025-08-16,CUST10520,West,Website,Fashion,Sneakers,3,5090.87,0.1,13745.35,UPI,Completed,2025-08
ORD101740,2025-01-16,CUST10153,West,Marketplace,Fashion,Backpack,1,2568.79,0.1,2311.91,Net Banking,Completed,2025-01
ORD101741,2025-10-27,CUST10542,North,Mobile App,Beauty,Sunscreen,1,1538.62,0.15,1307.83,Debit Card,Completed,2025-10
ORD101742,2025-04-06,CUST10371,East,Website,Electronics,Laptop,1,42392.43,0.0,42392.43,Cash on Delivery,Completed,2025-04
ORD101743,2025-06-14,CUST10683,Central,Mobile App,Furniture,Sofa,1,10175.47,0.1,0.0,Debit Card,Cancelled,2025-06
ORD101744,2025-03-29,CUST10592,West,Marketplace,Furniture,Bookshelf,1,25532.39,0.1,22979.15,Credit Card,Completed,2025-03
ORD101745,2025-11-15,CUST10210,Central,Website,Electronics,Headphones,1,9262.81,0.0,9262.81,UPI,Completed,2025-11
ORD101746,2025-06-06,CUST10382,South,Mobile App,Furniture,Office Chair,1,3352.69,0.1,3017.42,Credit Card,Completed,2025-06
ORD101747,2025-02-20,CUST10538,West,Mobile App,Beauty,Moisturizer,3,1562.93,0.15,3985.47,Debit Card,Completed,2025-02
ORD101748,2025-10-12,CUST10517,South,Website,Home & Kitchen,Mixer Grinder,1,1146.37,0.05,1089.05,UPI,Completed,2025-10
ORD101749,2025-06-10,CUST10003,East,Website,Fashion,Sneakers,4,4811.93,0.1,17322.95,UPI,Completed,2025-06
ORD101750,2025-01-17,CUST10104,Central,Mobile App,Fashion,Sneakers,3,412.18,0.15,1051.06,Credit Card,Completed,2025-01
ORD101751,2025-02-08,CUST10704,West,Mobile App,Fashion,Jacket,3,1481.72,0.25,3333.87,Net Banking,Completed,2025-02
ORD101752,2025-08-24,CUST10549,West,Website,Electronics,Monitor,1,1470.8,0.0,1470.8,Net Banking,Completed,2025-08
ORD101753,2025-10-31,CUST10363,North,Website,Beauty,Sunscreen,2,1763.64,0.0,3527.28,Debit Card,Completed,2025-10
ORD101754,2025-11-22,CUST10139,South,Website,Fashion,Jeans,1,436.94,0.05,415.09,UPI,Completed,2025-11
ORD101755,2025-04-01,CUST10736,South,Mobile App,Furniture,Office Chair,1,3652.79,0.0,3652.79,Net Banking,Completed,2025-04
ORD101756,2025-05-30,CUST10550,West,Mobile App,Furniture,Study Table,1,3253.08,0.2,2602.46,UPI,Completed,2025-05
ORD101757,2025-11-26,CUST10025,East,Website,Furniture,Sofa,1,9652.3,0.2,7721.84,Net Banking,Completed,2025-11
ORD101758,2025-10-15,CUST10502,West,Mobile App,Electronics,Monitor,2,32724.9,0.1,58904.82,Credit Card,Completed,2025-10
ORD101759,2025-09-15,CUST10412,South,Mobile App,Electronics,Headphones,1,3720.17,0.2,2976.14,Debit Card,Completed,2025-09
ORD101760,2025-01-04,CUST10652,North,Website,Home & Kitchen,Air Fryer,2,7482.11,0.15,12719.59,Cash on Delivery,Completed,2025-01
ORD101761,2025-10-19,CUST10866,West,Mobile App,Furniture,Office Chair,3,2342.96,0.15,5974.55,UPI,Completed,2025-10
ORD101762,2025-09-28,CUST10650,Central,Mobile App,Furniture,Bedside Table,2,28352.75,0.15,48199.67,Credit Card,Completed,2025-09
ORD101763,2025-10-29,CUST10776,South,Mobile App,Fashion,Sneakers,4,608.96,0.05,2314.05,Net Banking,Completed,2025-10
ORD101764,2025-03-18,CUST10098,West,Mobile App,Fashion,Backpack,1,4649.14,0.1,4184.23,Credit Card,Completed,2025-03
ORD101765,2025-04-21,CUST10727,South,Website,Fashion,T-Shirt,4,1377.21,0.1,4957.96,Debit Card,Completed,2025-04
ORD101766,2025-03-05,CUST10646,West,Mobile App,Home & Kitchen,Coffee Maker,3,2406.19,0.2,5774.86,UPI,Completed,2025-03
ORD101767,2025-05-07,CUST10770,Central,Mobile App,Beauty,Perfume,3,2082.07,0.05,5933.9,UPI,Completed,2025-05
ORD101768,2025-03-24,CUST10664,East,Marketplace,Fashion,Jeans,1,739.25,0.2,591.4,UPI,Completed,2025-03
ORD101769,2025-11-14,CUST10051,South,Marketplace,Fashion,Sneakers,3,533.01,0.1,1439.13,UPI,Completed,2025-11
ORD101770,2025-03-03,CUST10471,North,Website,Beauty,Shampoo,5,3173.73,0.2,12694.92,UPI,Completed,2025-03
ORD101771,2025-07-25,CUST10773,West,Marketplace,Electronics,Smartphone,3,1488.66,0.05,0.0,Net Banking,Returned,2025-07
ORD101772,2025-09-08,CUST10570,North,Mobile App,Furniture,Sofa,3,20044.82,0.0,60134.46,UPI,Completed,2025-09
ORD101773,2025-01-08,CUST10800,North,Mobile App,Beauty,Shampoo,2,1351.95,0.15,2298.32,UPI,Completed,2025-01
ORD101774,2025-09-14,CUST10360,South,Mobile App,Electronics,Headphones,3,3671.69,0.2,8812.06,Debit Card,Completed,2025-09
ORD101775,2025-10-08,CUST10166,East,Website,Electronics,Headphones,1,30344.53,0.1,0.0,UPI,Returned,2025-10
ORD101776,2025-12-16,CUST10619,East,Marketplace,Fashion,Sneakers,2,1222.78,0.15,2078.73,Credit Card,Completed,2025-12
ORD101777,2025-06-06,CUST10587,South,Website,Electronics,Headphones,3,2246.69,0.1,0.0,UPI,Returned,2025-06
ORD101778,2025-08-12,CUST10116,North,Mobile App,Beauty,Shampoo,4,938.43,0.1,3378.35,Credit Card,Completed,2025-08
ORD101779,2025-07-27,CUST10131,West,Mobile App,Home & Kitchen,Air Fryer,3,1277.0,0.05,3639.45,UPI,Completed,2025-07
ORD101780,2025-05-24,CUST10007,North,Mobile App,Fashion,Backpack,2,2011.93,0.0,4023.86,UPI,Completed,2025-05
ORD101781,2025-10-03,CUST10372,East,Marketplace,Home & Kitchen,Cookware Set,1,2262.34,0.0,0.0,Credit Card,Returned,2025-10
ORD101782,2025-05-25,CUST10715,South,Marketplace,Beauty,Sunscreen,5,3058.53,0.05,14528.02,Credit Card,Completed,2025-05
ORD101783,2025-10-19,CUST10288,South,Mobile App,Electronics,Smartphone,1,2716.9,0.15,2309.37,Credit Card,Completed,2025-10
ORD101784,2025-05-09,CUST10631,North,Website,Furniture,Bookshelf,1,13061.19,0.1,11755.07,UPI,Completed,2025-05
ORD101785,2025-05-20,CUST10762,North,Marketplace,Furniture,Bookshelf,1,9552.06,0.05,9074.46,Debit Card,Completed,2025-05
ORD101786,2025-02-25,CUST10836,West,Mobile App,Beauty,Face Wash,1,281.31,0.2,225.05,Cash on Delivery,Completed,2025-02
ORD101787,2025-03-06,CUST10064,South,Website,Home & Kitchen,Mixer Grinder,2,8033.48,0.2,12853.57,Debit Card,Completed,2025-03
ORD101788,2025-06-13,CUST10264,East,Website,Electronics,Smartwatch,2,28413.72,0.05,53986.07,Debit Card,Completed,2025-06
ORD101789,2025-08-24,CUST10774,South,Mobile App,Home & Kitchen,Cookware Set,1,5260.64,0.15,4471.54,UPI,Completed,2025-08
ORD101790,2025-06-04,CUST10898,South,Mobile App,Furniture,Study Table,2,3110.64,0.15,5288.09,Credit Card,Completed,2025-06
ORD101791,2025-07-02,CUST10488,South,Website,Furniture,Office Chair,1,17765.71,0.15,0.0,UPI,Cancelled,2025-07
ORD101792,2025-03-24,CUST10581,East,Website,Home & Kitchen,Mixer Grinder,2,5290.06,0.15,8993.1,Cash on Delivery,Completed,2025-03
ORD101793,2025-08-09,CUST10721,North,Marketplace,Beauty,Moisturizer,4,2815.95,0.05,10700.61,Cash on Delivery,Completed,2025-08
ORD101794,2025-09-21,CUST10179,West,Website,Electronics,Smartwatch,1,1829.64,0.0,1829.64,Net Banking,Completed,2025-09
ORD101795,2025-03-09,CUST10178,North,Website,Home & Kitchen,Mixer Grinder,2,1632.98,0.05,3102.66,Cash on Delivery,Completed,2025-03
ORD101796,2025-06-10,CUST10881,North,Website,Home & Kitchen,Cookware Set,1,8015.8,0.0,8015.8,Credit Card,Completed,2025-06
ORD101797,2025-08-15,CUST10794,North,Mobile App,Beauty,Moisturizer,5,2817.65,0.05,0.0,Net Banking,Cancelled,2025-08
ORD101798,2025-04-17,CUST10818,North,Website,Beauty,Face Wash,1,2564.34,0.1,2307.91,Cash on Delivery,Completed,2025-04
ORD101799,2025-02-03,CUST10653,East,Marketplace,Furniture,Sofa,1,3222.26,0.0,0.0,Credit Card,Returned,2025-02
ORD101800,2025-05-21,CUST10595,North,Marketplace,Electronics,Smartwatch,1,17604.66,0.1,15844.19,Debit Card,Completed,2025-05
ORD101801,2025-08-21,CUST10260,East,Marketplace,Electronics,Headphones,2,5662.16,0.1,10191.89,Debit Card,Completed,2025-08
ORD101802,2025-04-16,CUST10784,South,Website,Electronics,Smartphone,2,3821.34,0.0,0.0,UPI,Cancelled,2025-04
ORD101803,2025-04-25,CUST10248,North,Mobile App,Beauty,Sunscreen,3,1933.04,0.0,5799.12,Debit Card,Completed,2025-04
ORD101804,2025-01-08,CUST10693,North,Mobile App,Home & Kitchen,Air Fryer,3,4504.69,0.05,0.0,Credit Card,Returned,2025-01
ORD101805,2025-07-19,CUST10149,East,Marketplace,Fashion,Sneakers,1,1497.12,0.05,1422.26,UPI,Completed,2025-07
ORD101806,2025-09-19,CUST10695,Central,Mobile App,Furniture,Bedside Table,1,1828.51,0.1,1645.66,Credit Card,Completed,2025-09
ORD101807,2025-04-16,CUST10757,South,Mobile App,Beauty,Shampoo,2,3676.11,0.2,5881.78,Cash on Delivery,Completed,2025-04
ORD101808,2025-11-12,CUST10890,South,Marketplace,Home & Kitchen,Coffee Maker,4,2024.46,0.15,6883.16,Credit Card,Completed,2025-11
ORD101809,2025-12-14,CUST10033,South,Marketplace,Fashion,Jeans,1,5238.93,0.2,4191.14,Debit Card,Completed,2025-12
ORD101810,2025-09-08,CUST10758,South,Website,Furniture,Bedside Table,1,7256.41,0.05,6893.59,UPI,Completed,2025-09
ORD101811,2025-07-22,CUST10194,Central,Marketplace,Home & Kitchen,Vacuum Cleaner,4,1669.77,0.05,6345.13,Debit Card,Completed,2025-07
ORD101812,2025-01-23,CUST10048,West,Mobile App,Electronics,Monitor,1,1910.84,0.1,1719.76,Cash on Delivery,Completed,2025-01
ORD101813,2025-12-12,CUST10646,West,Mobile App,Fashion,Jeans,1,1367.3,0.2,1093.84,Debit Card,Completed,2025-12
ORD101814,2025-02-15,CUST10373,West,Website,Electronics,Laptop,1,8543.8,0.1,0.0,UPI,Cancelled,2025-02
ORD101815,2025-09-21,CUST10033,West,Mobile App,Electronics,Smartphone,4,31415.72,0.05,119379.74,UPI,Completed,2025-09
ORD101816,2025-06-23,CUST10371,East,Marketplace,Home & Kitchen,Vacuum Cleaner,1,14886.83,0.15,12653.81,UPI,Completed,2025-06
ORD101817,2025-11-27,CUST10310,East,Mobile App,Beauty,Perfume,1,678.55,0.15,0.0,Cash on Delivery,Cancelled,2025-11
ORD101818,2025-04-03,CUST10171,North,Marketplace,Electronics,Headphones,1,4377.18,0.1,3939.46,Net Banking,Completed,2025-04
ORD101819,2025-07-24,CUST10699,North,Marketplace,Fashion,Jacket,3,452.72,0.05,1290.25,Credit Card,Completed,2025-07
ORD101820,2025-08-21,CUST10384,South,Mobile App,Home & Kitchen,Air Fryer,2,3944.59,0.1,7100.26,Cash on Delivery,Completed,2025-08
ORD101821,2025-02-10,CUST10271,North,Website,Fashion,Jeans,1,533.5,0.2,426.8,UPI,Completed,2025-02
ORD101822,2025-02-05,CUST10855,South,Marketplace,Fashion,T-Shirt,1,5189.92,0.1,4670.93,UPI,Completed,2025-02
ORD101823,2025-09-03,CUST10647,South,Website,Electronics,Smartphone,2,61985.68,0.1,0.0,Credit Card,Returned,2025-09
ORD101824,2025-11-05,CUST10792,West,Marketplace,Electronics,Monitor,1,3814.78,0.0,3814.78,UPI,Completed,2025-11
ORD101825,2025-12-31,CUST10338,North,Website,Beauty,Moisturizer,2,497.67,0.15,846.04,UPI,Completed,2025-12
ORD101826,2025-07-25,CUST10405,South,Website,Fashion,T-Shirt,2,1409.36,0.15,2395.91,UPI,Completed,2025-07
ORD101827,2025-04-15,CUST10859,Central,Website,Electronics,Monitor,3,1442.4,0.1,3894.48,Cash on Delivery,Completed,2025-04
ORD101828,2025-01-29,CUST10366,Central,Website,Furniture,Bedside Table,1,8962.76,0.2,7170.21,UPI,Completed,2025-01
ORD101829,2025-07-22,CUST10320,West,Mobile App,Beauty,Sunscreen,1,1505.29,0.15,1279.5,UPI,Completed,2025-07
ORD101830,2025-05-29,CUST10397,West,Website,Furniture,Bedside Table,4,2155.49,0.2,6897.57,Credit Card,Completed,2025-05
ORD101831,2025-12-02,CUST10509,West,Mobile App,Furniture,Bookshelf,1,1815.34,0.05,0.0,UPI,Returned,2025-12
ORD101832,2025-11-16,CUST10856,West,Mobile App,Home & Kitchen,Mixer Grinder,5,815.34,0.15,3465.2,Debit Card,Completed,2025-11
ORD101833,2025-01-28,CUST10193,West,Website,Electronics,Monitor,2,1405.96,0.05,2671.32,Net Banking,Completed,2025-01
ORD101834,2025-09-01,CUST10586,East,Website,Fashion,Backpack,2,2520.16,0.0,5040.32,UPI,Completed,2025-09
ORD101835,2025-05-08,CUST10620,West,Website,Electronics,Smartphone,2,1014.66,0.1,1826.39,Credit Card,Completed,2025-05
ORD101836,2025-12-08,CUST10829,East,Website,Home & Kitchen,Air Fryer,1,2613.34,0.1,2352.01,UPI,Completed,2025-12
ORD101837,2025-08-11,CUST10676,Central,Website,Home & Kitchen,Mixer Grinder,1,12624.98,0.1,11362.48,Credit Card,Completed,2025-08
ORD101838,2025-08-06,CUST10515,North,Mobile App,Fashion,Jacket,2,3242.24,0.1,5836.03,UPI,Completed,2025-08
ORD101839,2025-07-11,CUST10121,Central,Mobile App,Home & Kitchen,Vacuum Cleaner,2,1549.95,0.1,2789.91,Cash on Delivery,Completed,2025-07
ORD101840,2025-02-19,CUST10293,South,Website,Electronics,Laptop,3,1700.59,0.1,4591.59,Credit Card,Completed,2025-02
ORD101841,2025-08-09,CUST10153,East,Mobile App,Furniture,Sofa,1,1990.63,0.15,1692.04,Net Banking,Completed,2025-08
ORD101842,2025-03-14,CUST10375,West,Mobile App,Fashion,Backpack,2,5323.0,0.15,9049.1,Cash on Delivery,Completed,2025-03
ORD101843,2025-10-19,CUST10625,Central,Website,Home & Kitchen,Mixer Grinder,3,858.59,0.15,2189.4,Debit Card,Completed,2025-10
ORD101844,2025-03-29,CUST10484,North,Marketplace,Electronics,Monitor,2,22991.3,0.15,39085.21,Credit Card,Completed,2025-03
ORD101845,2025-01-11,CUST10722,North,Website,Electronics,Laptop,1,2781.75,0.25,2086.31,Cash on Delivery,Completed,2025-01
ORD101846,2025-11-20,CUST10099,South,Mobile App,Electronics,Monitor,3,67499.07,0.0,202497.21,Cash on Delivery,Completed,2025-11
ORD101847,2025-02-12,CUST10820,Central,Website,Home & Kitchen,Cookware Set,2,970.07,0.15,0.0,Net Banking,Returned,2025-02
ORD101848,2025-07-28,CUST10136,North,Marketplace,Home & Kitchen,Coffee Maker,1,7079.55,0.15,6017.62,UPI,Completed,2025-07
ORD101849,2025-02-06,CUST10745,South,Mobile App,Electronics,Headphones,1,40268.54,0.15,0.0,Net Banking,Cancelled,2025-02
ORD101850,2025-04-11,CUST10468,South,Mobile App,Home & Kitchen,Air Fryer,5,2708.76,0.1,12189.42,Cash on Delivery,Completed,2025-04
ORD101851,2025-09-11,CUST10754,West,Website,Beauty,Sunscreen,1,1098.02,0.1,988.22,Cash on Delivery,Completed,2025-09
ORD101852,2025-08-30,CUST10355,East,Website,Fashion,Jacket,2,2920.18,0.1,5256.32,Credit Card,Completed,2025-08
ORD101853,2025-01-19,CUST10708,South,Mobile App,Electronics,Monitor,1,3055.67,0.0,3055.67,UPI,Completed,2025-01
ORD101854,2025-10-11,CUST10443,South,Marketplace,Home & Kitchen,Mixer Grinder,2,2455.23,0.05,4664.94,UPI,Completed,2025-10
ORD101855,2025-11-09,CUST10426,West,Marketplace,Beauty,Sunscreen,2,356.69,0.1,642.04,Credit Card,Completed,2025-11
ORD101856,2025-03-10,CUST10146,Central,Mobile App,Electronics,Smartphone,1,12062.11,0.1,10855.9,UPI,Completed,2025-03
ORD101857,2025-06-29,CUST10012,Central,Website,Fashion,Sneakers,3,3076.6,0.2,0.0,UPI,Cancelled,2025-06
ORD101858,2025-02-16,CUST10587,South,Mobile App,Electronics,Monitor,2,919.65,0.2,1471.44,Credit Card,Completed,2025-02
ORD101859,2025-07-26,CUST10387,Central,Mobile App,Home & Kitchen,Mixer Grinder,3,751.53,0.0,2254.59,Net Banking,Completed,2025-07
ORD101860,2025-12-16,CUST10626,East,Website,Fashion,Jeans,1,3694.47,0.1,3325.02,Cash on Delivery,Completed,2025-12
ORD101861,2025-01-10,CUST10656,West,Website,Fashion,Backpack,2,1145.66,0.15,1947.62,UPI,Completed,2025-01
ORD101862,2025-12-16,CUST10731,West,Website,Beauty,Moisturizer,1,4122.33,0.15,3503.98,Net Banking,Completed,2025-12
ORD101863,2025-09-26,CUST10118,West,Marketplace,Electronics,Monitor,2,12903.17,0.1,23225.71,UPI,Completed,2025-09
ORD101864,2025-08-06,CUST10163,South,Website,Beauty,Perfume,5,4209.64,0.1,18943.38,Credit Card,Completed,2025-08
ORD101865,2025-10-21,CUST10381,Central,Marketplace,Furniture,Sofa,1,14460.11,0.25,10845.08,UPI,Completed,2025-10
ORD101866,2025-04-07,CUST10098,South,Marketplace,Beauty,Shampoo,1,1050.01,0.0,1050.01,UPI,Completed,2025-04
ORD101867,2025-12-01,CUST10209,Central,Website,Home & Kitchen,Vacuum Cleaner,4,5855.56,0.2,0.0,UPI,Returned,2025-12
ORD101868,2025-12-15,CUST10439,West,Website,Fashion,Jeans,1,4232.08,0.15,3597.27,UPI,Completed,2025-12
ORD101869,2025-12-07,CUST10080,Central,Website,Furniture,Bookshelf,2,4958.67,0.15,8429.74,Debit Card,Completed,2025-12
ORD101870,2025-02-22,CUST10028,North,Website,Beauty,Face Wash,2,377.46,0.1,679.43,Credit Card,Completed,2025-02
ORD101871,2025-12-13,CUST10740,North,Mobile App,Fashion,Sneakers,1,1361.38,0.2,1089.1,Credit Card,Completed,2025-12
ORD101872,2025-11-12,CUST10290,East,Marketplace,Home & Kitchen,Mixer Grinder,3,1415.67,0.05,0.0,Credit Card,Cancelled,2025-11
ORD101873,2025-01-01,CUST10667,North,Mobile App,Furniture,Office Chair,3,20674.93,0.15,52721.07,UPI,Completed,2025-01
ORD101874,2025-06-09,CUST10156,East,Mobile App,Electronics,Monitor,4,3615.64,0.0,0.0,Credit Card,Cancelled,2025-06
ORD101875,2025-07-30,CUST10660,North,Website,Beauty,Shampoo,1,2044.61,0.05,1942.38,UPI,Completed,2025-07
ORD101876,2025-09-11,CUST10186,South,Website,Electronics,Laptop,2,1976.11,0.1,3557.0,Net Banking,Completed,2025-09
ORD101877,2025-06-05,CUST10800,West,Mobile App,Electronics,Smartwatch,1,25149.02,0.1,22634.12,Debit Card,Completed,2025-06
ORD101878,2025-08-18,CUST10191,South,Marketplace,Beauty,Sunscreen,1,292.92,0.15,248.98,UPI,Completed,2025-08
ORD101879,2025-09-11,CUST10631,South,Mobile App,Electronics,Headphones,1,43602.6,0.0,0.0,UPI,Returned,2025-09
ORD101880,2025-07-09,CUST10845,North,Mobile App,Electronics,Laptop,1,1778.29,0.15,1511.55,Credit Card,Completed,2025-07
ORD101881,2025-01-24,CUST10415,North,Marketplace,Beauty,Face Wash,2,1058.86,0.1,0.0,Credit Card,Returned,2025-01
ORD101882,2025-12-09,CUST10793,West,Mobile App,Home & Kitchen,Vacuum Cleaner,1,1463.46,0.0,1463.46,UPI,Completed,2025-12
ORD101883,2025-12-17,CUST10710,South,Mobile App,Beauty,Face Wash,1,934.07,0.15,793.96,UPI,Completed,2025-12
ORD101884,2025-01-18,CUST10280,North,Website,Furniture,Sofa,2,34558.55,0.05,65661.24,UPI,Completed,2025-01
ORD101885,2025-12-13,CUST10581,Central,Marketplace,Home & Kitchen,Mixer Grinder,5,5340.96,0.1,0.0,Net Banking,Cancelled,2025-12
ORD101886,2025-05-19,CUST10022,North,Website,Beauty,Face Wash,3,502.8,0.1,1357.56,Debit Card,Completed,2025-05
ORD101887,2025-01-28,CUST10866,South,Website,Electronics,Smartphone,3,14861.21,0.1,40125.27,Debit Card,Completed,2025-01
ORD101888,2025-02-21,CUST10280,West,Mobile App,Beauty,Shampoo,5,2097.79,0.1,0.0,UPI,Returned,2025-02
ORD101889,2025-11-23,CUST10666,West,Mobile App,Furniture,Study Table,1,10534.56,0.1,9481.1,UPI,Completed,2025-11
ORD101890,2025-01-13,CUST10159,North,Marketplace,Beauty,Perfume,1,282.22,0.1,254.0,Debit Card,Completed,2025-01
ORD101891,2025-04-27,CUST10602,South,Website,Electronics,Smartwatch,1,1188.75,0.05,1129.31,Debit Card,Completed,2025-04
ORD101892,2025-05-10,CUST10583,West,Mobile App,Fashion,Sneakers,1,406.71,0.15,345.7,UPI,Completed,2025-05
ORD101893,2025-04-02,CUST10878,North,Website,Beauty,Perfume,1,812.44,0.0,812.44,Cash on Delivery,Completed,2025-04
ORD101894,2025-04-29,CUST10113,West,Mobile App,Beauty,Sunscreen,1,1560.15,0.05,1482.14,Debit Card,Completed,2025-04
ORD101895,2025-09-12,CUST10783,Central,Marketplace,Furniture,Bedside Table,3,28129.09,0.0,84387.27,UPI,Completed,2025-09
ORD101896,2025-01-13,CUST10165,Central,Marketplace,Home & Kitchen,Air Fryer,1,15407.36,0.0,15407.36,Net Banking,Completed,2025-01
ORD101897,2025-08-14,CUST10714,Central,Website,Fashion,Backpack,1,432.11,0.2,345.69,UPI,Completed,2025-08
ORD101898,2025-09-05,CUST10326,South,Mobile App,Electronics,Monitor,1,1931.08,0.2,1544.86,Net Banking,Completed,2025-09
ORD101899,2025-05-14,CUST10180,Central,Mobile App,Beauty,Perfume,1,454.16,0.05,431.45,Credit Card,Completed,2025-05
ORD101900,2025-09-12,CUST10300,North,Website,Home & Kitchen,Air Fryer,1,10337.82,0.05,0.0,UPI,Cancelled,2025-09
ORD101901,2025-11-28,CUST10864,North,Website,Fashion,Backpack,1,511.08,0.0,511.08,UPI,Completed,2025-11
ORD101902,2025-09-27,CUST10818,South,Marketplace,Beauty,Face Wash,1,846.94,0.0,0.0,Net Banking,Cancelled,2025-09
ORD101903,2025-09-29,CUST10618,West,Website,Electronics,Headphones,4,23695.53,0.1,85303.91,Cash on Delivery,Completed,2025-09
ORD101904,2025-12-11,CUST10860,North,Mobile App,Electronics,Laptop,4,1954.71,0.05,7427.9,Net Banking,Completed,2025-12
ORD101905,2025-12-28,CUST10703,South,Mobile App,Electronics,Monitor,1,2043.36,0.05,1941.19,UPI,Completed,2025-12
ORD101906,2025-07-27,CUST10385,South,Mobile App,Furniture,Sofa,2,30289.75,0.1,54521.55,UPI,Completed,2025-07
ORD101907,2025-01-01,CUST10664,East,Website,Fashion,Sneakers,2,2665.77,0.15,4531.81,Credit Card,Completed,2025-01
ORD101908,2025-08-08,CUST10146,East,Website,Fashion,T-Shirt,2,4225.27,0.1,7605.49,UPI,Completed,2025-08
ORD101909,2025-12-26,CUST10806,South,Marketplace,Home & Kitchen,Cookware Set,3,1269.45,0.1,0.0,Credit Card,Returned,2025-12
ORD101910,2025-08-09,CUST10109,West,Mobile App,Electronics,Headphones,4,10214.48,0.2,32686.34,Credit Card,Completed,2025-08
ORD101911,2025-01-06,CUST10239,South,Mobile App,Furniture,Study Table,1,20191.77,0.05,19182.18,Credit Card,Completed,2025-01
ORD101912,2025-09-15,CUST10258,North,Website,Furniture,Study Table,2,2332.47,0.2,3731.95,Credit Card,Completed,2025-09
ORD101913,2025-01-30,CUST10800,Central,Website,Fashion,Jeans,1,2681.54,0.05,2547.46,Cash on Delivery,Completed,2025-01
ORD101914,2025-01-25,CUST10859,Central,Marketplace,Beauty,Moisturizer,2,566.48,0.05,1076.31,Credit Card,Completed,2025-01
ORD101915,2025-12-08,CUST10616,North,Marketplace,Fashion,T-Shirt,1,1539.45,0.15,1308.53,Net Banking,Completed,2025-12
ORD101916,2025-10-23,CUST10502,East,Website,Furniture,Study Table,1,4194.16,0.05,3984.45,UPI,Completed,2025-10
ORD101917,2025-06-06,CUST10384,North,Marketplace,Fashion,Jacket,1,689.43,0.15,586.02,Debit Card,Completed,2025-06
ORD101918,2025-01-28,CUST10344,West,Mobile App,Furniture,Office Chair,1,31073.43,0.25,23305.07,UPI,Completed,2025-01
ORD101919,2025-10-05,CUST10810,Central,Website,Furniture,Bedside Table,2,10452.0,0.1,18813.6,Cash on Delivery,Completed,2025-10
ORD101920,2025-09-20,CUST10187,East,Website,Beauty,Face Wash,1,1107.62,0.15,941.48,UPI,Completed,2025-09
ORD101921,2025-02-23,CUST10087,South,Mobile App,Electronics,Headphones,3,24356.63,0.1,65762.9,Cash on Delivery,Completed,2025-02
ORD101922,2025-04-20,CUST10334,East,Website,Beauty,Shampoo,2,651.84,0.0,1303.68,UPI,Completed,2025-04
ORD101923,2025-01-15,CUST10390,West,Marketplace,Home & Kitchen,Air Fryer,1,3468.79,0.05,0.0,Debit Card,Cancelled,2025-01
ORD101924,2025-08-29,CUST10321,South,Mobile App,Fashion,Sneakers,2,5611.99,0.05,10662.78,Debit Card,Completed,2025-08
ORD101925,2025-11-20,CUST10416,South,Website,Home & Kitchen,Mixer Grinder,2,2618.78,0.05,4975.68,UPI,Completed,2025-11
ORD101926,2025-04-10,CUST10015,Central,Mobile App,Fashion,Jeans,3,641.71,0.1,1732.62,UPI,Completed,2025-04
ORD101927,2025-05-08,CUST10899,South,Marketplace,Home & Kitchen,Coffee Maker,1,2191.4,0.05,2081.83,Credit Card,Completed,2025-05
ORD101928,2025-02-15,CUST10252,South,Marketplace,Fashion,Jeans,2,6643.29,0.0,13286.58,Cash on Delivery,Completed,2025-02
ORD101929,2025-06-02,CUST10525,East,Mobile App,Home & Kitchen,Coffee Maker,1,9931.26,0.1,8938.13,Cash on Delivery,Completed,2025-06
ORD101930,2025-01-17,CUST10341,South,Website,Home & Kitchen,Coffee Maker,1,1153.53,0.15,980.5,Net Banking,Completed,2025-01
ORD101931,2025-12-13,CUST10477,East,Mobile App,Furniture,Bookshelf,1,2709.83,0.25,2032.37,UPI,Completed,2025-12
ORD101932,2025-11-12,CUST10266,South,Mobile App,Fashion,T-Shirt,1,571.57,0.05,542.99,Credit Card,Completed,2025-11
ORD101933,2025-10-03,CUST10205,West,Marketplace,Beauty,Moisturizer,2,992.69,0.2,1588.3,Credit Card,Completed,2025-10
ORD101934,2025-07-31,CUST10068,South,Marketplace,Home & Kitchen,Cookware Set,3,1315.03,0.15,3353.33,Debit Card,Completed,2025-07
ORD101935,2025-02-08,CUST10114,South,Mobile App,Electronics,Laptop,1,7395.04,0.0,7395.04,UPI,Completed,2025-02
ORD101936,2025-04-02,CUST10553,Central,Marketplace,Fashion,Backpack,1,5206.61,0.05,4946.28,Debit Card,Completed,2025-04
ORD101937,2025-04-25,CUST10685,West,Marketplace,Fashion,Backpack,1,1180.83,0.15,1003.71,Debit Card,Completed,2025-04
ORD101938,2025-03-10,CUST10080,East,Mobile App,Beauty,Perfume,1,2304.02,0.1,2073.62,Net Banking,Completed,2025-03
ORD101939,2025-10-28,CUST10510,North,Marketplace,Home & Kitchen,Coffee Maker,2,17082.13,0.1,30747.83,Cash on Delivery,Completed,2025-10
ORD101940,2025-06-10,CUST10125,North,Mobile App,Furniture,Study Table,1,3843.13,0.15,3266.66,UPI,Completed,2025-06
ORD101941,2025-12-26,CUST10228,West,Website,Furniture,Study Table,2,6759.44,0.15,11491.05,Credit Card,Completed,2025-12
ORD101942,2025-11-07,CUST10252,East,Website,Home & Kitchen,Air Fryer,1,1978.89,0.15,1682.06,Debit Card,Completed,2025-11
ORD101943,2025-08-12,CUST10527,East,Mobile App,Furniture,Sofa,3,2911.42,0.2,6987.41,UPI,Completed,2025-08
ORD101944,2025-09-04,CUST10830,East,Website,Furniture,Bookshelf,1,2010.29,0.1,1809.26,Credit Card,Completed,2025-09
ORD101945,2025-10-23,CUST10810,South,Website,Furniture,Bookshelf,3,5896.0,0.0,0.0,UPI,Returned,2025-10
ORD101946,2025-07-02,CUST10315,South,Marketplace,Furniture,Bookshelf,2,4472.67,0.1,8050.81,Cash on Delivery,Completed,2025-07
ORD101947,2025-06-24,CUST10207,East,Mobile App,Furniture,Bedside Table,3,2324.25,0.05,6624.11,Cash on Delivery,Completed,2025-06
ORD101948,2025-10-14,CUST10082,North,Mobile App,Home & Kitchen,Mixer Grinder,1,3652.97,0.25,2739.73,Debit Card,Completed,2025-10
ORD101949,2025-02-27,CUST10463,Central,Website,Electronics,Smartphone,2,20254.49,0.05,0.0,UPI,Cancelled,2025-02
ORD101950,2025-06-10,CUST10099,North,Website,Home & Kitchen,Vacuum Cleaner,1,8798.39,0.2,7038.71,UPI,Completed,2025-06
ORD101951,2025-10-23,CUST10884,North,Mobile App,Furniture,Office Chair,3,8064.44,0.2,19354.66,Cash on Delivery,Completed,2025-10
ORD101952,2025-05-22,CUST10583,South,Mobile App,Home & Kitchen,Coffee Maker,1,1247.39,0.2,997.91,Debit Card,Completed,2025-05
ORD101953,2025-05-01,CUST10214,North,Website,Fashion,Jacket,1,6246.56,0.05,5934.23,UPI,Completed,2025-05
ORD101954,2025-03-16,CUST10664,South,Website,Beauty,Moisturizer,2,732.39,0.2,1171.82,Credit Card,Completed,2025-03
ORD101955,2025-11-18,CUST10561,West,Mobile App,Home & Kitchen,Coffee Maker,2,6038.29,0.0,12076.58,UPI,Completed,2025-11
ORD101956,2025-08-31,CUST10723,East,Website,Home & Kitchen,Mixer Grinder,1,1169.98,0.0,1169.98,Credit Card,Completed,2025-08
ORD101957,2025-07-24,CUST10361,Central,Marketplace,Electronics,Headphones,1,6054.24,0.1,5448.82,Credit Card,Completed,2025-07
ORD101958,2025-02-10,CUST10626,East,Website,Fashion,Jeans,1,4370.97,0.25,3278.23,UPI,Completed,2025-02
ORD101959,2025-10-14,CUST10733,South,Website,Home & Kitchen,Coffee Maker,1,1375.67,0.15,1169.32,Net Banking,Completed,2025-10
ORD101960,2025-02-10,CUST10215,Central,Website,Electronics,Headphones,2,1497.3,0.15,2545.41,UPI,Completed,2025-02
ORD101961,2025-06-30,CUST10476,Central,Marketplace,Fashion,Sneakers,1,1755.6,0.2,1404.48,Credit Card,Completed,2025-06
ORD101962,2025-10-31,CUST10778,Central,Website,Home & Kitchen,Cookware Set,2,2223.22,0.15,3779.47,Debit Card,Completed,2025-10
ORD101963,2025-10-18,CUST10859,South,Mobile App,Beauty,Moisturizer,1,2712.92,0.15,2305.98,UPI,Completed,2025-10
ORD101964,2025-09-29,CUST10843,South,Website,Beauty,Moisturizer,3,4124.15,0.1,11135.2,Credit Card,Completed,2025-09
ORD101965,2025-02-06,CUST10590,South,Mobile App,Beauty,Perfume,1,1718.77,0.1,1546.89,Debit Card,Completed,2025-02
ORD101966,2025-12-30,CUST10132,South,Mobile App,Furniture,Bookshelf,1,8682.58,0.05,8248.45,Credit Card,Completed,2025-12
ORD101967,2025-05-17,CUST10199,East,Website,Home & Kitchen,Coffee Maker,3,2844.15,0.2,6825.96,Credit Card,Completed,2025-05
ORD101968,2025-06-24,CUST10853,West,Website,Beauty,Moisturizer,2,1103.0,0.1,0.0,UPI,Cancelled,2025-06
ORD101969,2025-09-13,CUST10870,West,Marketplace,Home & Kitchen,Vacuum Cleaner,2,12466.03,0.15,21192.25,UPI,Completed,2025-09
ORD101970,2025-12-02,CUST10692,North,Marketplace,Furniture,Bedside Table,2,3237.6,0.1,5827.68,UPI,Completed,2025-12
ORD101971,2025-09-04,CUST10544,South,Website,Furniture,Study Table,1,22510.24,0.2,18008.19,UPI,Completed,2025-09
ORD101972,2025-02-22,CUST10623,Unknown,Marketplace,Home & Kitchen,Coffee Maker,1,6485.39,0.1,5836.85,Cash on Delivery,Completed,2025-02
ORD101973,2025-12-31,CUST10840,Central,Website,Furniture,Bedside Table,3,13347.92,0.1,36039.38,UPI,Completed,2025-12
ORD101974,2025-10-06,CUST10007,East,Marketplace,Electronics,Laptop,1,8896.26,0.1,8006.63,Credit Card,Completed,2025-10
ORD101975,2025-01-11,CUST10670,South,Mobile App,Fashion,Sneakers,1,2166.77,0.15,1841.75,UPI,Completed,2025-01
ORD101976,2025-07-27,CUST10800,South,Mobile App,Furniture,Sofa,1,6623.47,0.05,6292.3,UPI,Completed,2025-07
ORD101977,2025-02-18,CUST10818,East,Website,Beauty,Shampoo,1,4051.28,0.2,3241.02,UPI,Completed,2025-02
ORD101978,2025-01-18,CUST10674,Central,Mobile App,Furniture,Bedside Table,1,26337.59,0.15,22386.95,Net Banking,Completed,2025-01
ORD101979,2025-12-31,CUST10619,Central,Website,Beauty,Perfume,2,260.5,0.15,442.85,UPI,Completed,2025-12
ORD101980,2025-06-10,CUST10583,West,Website,Home & Kitchen,Mixer Grinder,3,3386.14,0.1,9142.58,Net Banking,Completed,2025-06
ORD101981,2025-05-07,CUST10786,South,Website,Furniture,Office Chair,2,20166.64,0.05,38316.62,Debit Card,Completed,2025-05
ORD101982,2025-05-24,CUST10721,North,Website,Electronics,Headphones,2,1139.14,0.15,1936.54,Net Banking,Completed,2025-05
ORD101983,2025-05-24,CUST10221,West,Website,Electronics,Laptop,3,45698.56,0.0,137095.68,Net Banking,Completed,2025-05
ORD101984,2025-04-05,CUST10191,South,Website,Beauty,Moisturizer,1,1719.63,0.2,1375.7,UPI,Completed,2025-04
ORD101985,2025-06-19,CUST10865,West,Website,Furniture,Office Chair,1,4479.49,0.15,3807.57,UPI,Completed,2025-06
ORD101986,2025-11-23,CUST10236,East,Website,Electronics,Laptop,1,18739.06,0.2,14991.25,UPI,Completed,2025-11
ORD101987,2025-10-15,CUST10141,South,Website,Beauty,Face Wash,1,2498.99,0.15,0.0,Credit Card,Returned,2025-10
ORD101988,2025-02-20,CUST10203,South,Website,Beauty,Perfume,2,3292.78,0.05,6256.28,Credit Card,Completed,2025-02
ORD101989,2025-06-10,CUST10805,South,Mobile App,Beauty,Sunscreen,1,936.66,0.15,796.16,UPI,Completed,2025-06
ORD101990,2025-12-07,CUST10353,South,Website,Furniture,Office Chair,1,2934.13,0.15,2494.01,Credit Card,Completed,2025-12
ORD101991,2025-09-26,CUST10651,Central,Marketplace,Furniture,Sofa,1,2836.89,0.2,2269.51,Debit Card,Completed,2025-09
ORD101992,2025-04-09,CUST10392,East,Mobile App,Home & Kitchen,Vacuum Cleaner,3,4480.07,0.2,10752.17,Unknown,Completed,2025-04
ORD101993,2025-11-10,CUST10532,South,Marketplace,Electronics,Smartphone,3,50728.67,0.1,136967.41,Cash on Delivery,Completed,2025-11
ORD101994,2025-02-20,CUST10649,West,Marketplace,Electronics,Monitor,3,14753.76,0.05,42048.22,Cash on Delivery,Completed,2025-02
ORD101995,2025-06-22,CUST10692,North,Marketplace,Home & Kitchen,Coffee Maker,1,12421.49,0.15,10558.27,UPI,Completed,2025-06
ORD101996,2025-05-14,CUST10003,South,Website,Home & Kitchen,Cookware Set,3,16267.08,0.2,39040.99,UPI,Completed,2025-05
ORD101997,2025-12-24,CUST10135,North,Mobile App,Fashion,Jeans,4,4241.67,0.05,16118.35,Cash on Delivery,Completed,2025-12
ORD101998,2025-08-31,CUST10724,East,Mobile App,Electronics,Smartphone,1,11065.43,0.15,9405.62,Credit Card,Completed,2025-08
ORD101999,2025-04-27,CUST10600,West,Website,Fashion,Sneakers,4,3474.64,0.05,13203.63,Credit Card,Completed,2025-04
ORD102000,2025-02-02,CUST10025,North,Website,Furniture,Bedside Table,2,3176.89,0.15,5400.71,Cash on Delivery,Completed,2025-02
ORD102001,2025-08-22,CUST10268,North,Website,Furniture,Bookshelf,2,21201.73,0.0,42403.46,Cash on Delivery,Completed,2025-08
ORD102002,2025-12-04,CUST10646,West,Website,Furniture,Bookshelf,1,2060.76,0.15,1751.65,UPI,Completed,2025-12
ORD102003,2025-01-06,CUST10822,South,Mobile App,Electronics,Laptop,2,1106.13,0.1,1991.03,Net Banking,Completed,2025-01
ORD102004,2025-05-24,CUST10569,West,Marketplace,Home & Kitchen,Vacuum Cleaner,1,7606.84,0.1,6846.16,Credit Card,Completed,2025-05
ORD102005,2025-02-21,CUST10036,West,Marketplace,Furniture,Bedside Table,3,5647.19,0.0,16941.57,Credit Card,Completed,2025-02
ORD102006,2025-12-14,CUST10637,West,Website,Home & Kitchen,Mixer Grinder,1,10300.68,0.2,8240.54,UPI,Completed,2025-12
ORD102007,2025-06-13,CUST10885,North,Marketplace,Fashion,Jacket,3,923.76,0.05,2632.72,UPI,Completed,2025-06
ORD102008,2025-09-04,CUST10846,North,Marketplace,Electronics,Laptop,1,3085.09,0.1,2776.58,Debit Card,Completed,2025-09
ORD102009,2025-01-26,CUST10712,West,Website,Beauty,Perfume,1,888.01,0.2,0.0,Net Banking,Cancelled,2025-01
ORD102010,2025-07-14,CUST10882,South,Website,Home & Kitchen,Cookware Set,2,945.75,0.1,1513.2,UPI,Completed,2025-07
ORD102011,2025-02-05,CUST10783,West,Website,Electronics,Smartwatch,3,65138.29,0.05,185644.13,UPI,Completed,2025-02
ORD102012,2025-01-13,CUST10821,Central,Website,Beauty,Moisturizer,3,252.38,0.1,681.43,UPI,Completed,2025-01
ORD102013,2025-07-12,CUST10660,North,Mobile App,Home & Kitchen,Air Fryer,3,2733.06,0.0,0.0,Debit Card,Returned,2025-07
ORD102014,2025-08-08,CUST10873,South,Website,Fashion,Backpack,5,917.8,0.2,3671.2,UPI,Completed,2025-08
ORD102015,2025-09-14,CUST10344,North,Marketplace,Furniture,Study Table,4,2445.76,0.05,0.0,Credit Card,Cancelled,2025-09
ORD102016,2025-04-08,CUST10731,North,Mobile App,Fashion,Jeans,3,461.32,0.1,1245.56,Credit Card,Completed,2025-04
ORD102017,2025-09-11,CUST10843,West,Website,Beauty,Moisturizer,1,3424.14,0.0,3424.14,Debit Card,Completed,2025-09
ORD102018,2025-05-17,CUST10009,Central,Mobile App,Home & Kitchen,Cookware Set,4,16310.05,0.15,55454.17,UPI,Completed,2025-05
ORD102019,2025-08-20,CUST10385,North,Mobile App,Electronics,Smartwatch,1,2489.79,0.15,2116.32,UPI,Completed,2025-08
ORD102020,2025-07-20,CUST10832,West,Website,Fashion,Sneakers,1,1118.29,0.15,950.55,Debit Card,Completed,2025-07
ORD102021,2025-11-11,CUST10027,West,Website,Beauty,Perfume,1,1303.27,0.1,1172.94,Net Banking,Completed,2025-11
ORD102022,2025-09-22,CUST10242,North,Website,Beauty,Sunscreen,2,552.1,0.1,993.78,UPI,Completed,2025-09
ORD102023,2025-11-13,CUST10513,South,Website,Furniture,Bedside Table,3,2209.72,0.15,5634.79,Cash on Delivery,Completed,2025-11
ORD102024,2025-04-20,CUST10502,West,Marketplace,Home & Kitchen,Air Fryer,3,7454.2,0.15,19008.21,Credit Card,Completed,2025-04
ORD102025,2025-07-05,CUST10853,North,Mobile App,Beauty,Sunscreen,3,320.28,0.1,864.76,Debit Card,Completed,2025-07
ORD102026,2025-05-06,CUST10335,South,Website,Home & Kitchen,Coffee Maker,1,2587.93,0.1,0.0,UPI,Cancelled,2025-05
ORD102027,2025-10-17,CUST10167,Central,Marketplace,Home & Kitchen,Cookware Set,2,878.11,0.15,1492.79,UPI,Completed,2025-10
ORD102028,2025-07-05,CUST10634,North,Website,Home & Kitchen,Coffee Maker,1,5879.67,0.2,4703.74,UPI,Completed,2025-07
ORD102029,2025-01-30,CUST10126,South,Marketplace,Electronics,Monitor,3,73173.99,0.05,208545.87,UPI,Completed,2025-01
ORD102030,2025-10-22,CUST10168,South,Website,Furniture,Study Table,2,11359.53,0.1,20447.15,Debit Card,Completed,2025-10
ORD102031,2025-07-31,CUST10666,East,Website,Furniture,Office Chair,3,16302.92,0.0,48908.76,Debit Card,Completed,2025-07
ORD102032,2025-06-25,CUST10150,East,Website,Furniture,Office Chair,4,5424.77,0.1,19529.17,UPI,Completed,2025-06
ORD102033,2025-01-21,CUST10839,Central,Website,Furniture,Office Chair,1,9522.46,0.15,8094.09,Cash on Delivery,Completed,2025-01
ORD102034,2025-02-16,CUST10297,East,Website,Furniture,Sofa,1,1856.08,0.2,1484.86,Cash on Delivery,Completed,2025-02
ORD102035,2025-05-26,CUST10249,North,Website,Home & Kitchen,Mixer Grinder,2,3093.54,0.2,0.0,UPI,Cancelled,2025-05
ORD102036,2025-12-18,CUST10004,Central,Marketplace,Home & Kitchen,Coffee Maker,2,1332.59,0.05,0.0,Cash on Delivery,Cancelled,2025-12
ORD102037,2025-07-05,CUST10802,West,Website,Home & Kitchen,Cookware Set,4,745.96,0.15,0.0,UPI,Returned,2025-07
ORD102038,2025-09-20,CUST10389,South,Mobile App,Electronics,Headphones,2,1171.43,0.05,2225.72,Net Banking,Completed,2025-09
ORD102039,2025-04-28,CUST10198,West,Website,Furniture,Sofa,4,11677.69,0.15,39704.15,Net Banking,Completed,2025-04
ORD102040,2025-05-09,CUST10395,South,Website,Furniture,Bedside Table,1,4088.01,0.15,3474.81,UPI,Completed,2025-05
ORD102041,2025-02-23,CUST10002,South,Mobile App,Beauty,Moisturizer,1,1571.73,0.25,1178.8,UPI,Completed,2025-02
ORD102042,2025-10-17,CUST10100,East,Marketplace,Furniture,Sofa,1,3307.25,0.0,3307.25,Cash on Delivery,Completed,2025-10
ORD102043,2025-01-17,CUST10813,North,Mobile App,Furniture,Sofa,1,6679.95,0.15,5677.96,Debit Card,Completed,2025-01
ORD102044,2025-10-15,CUST10778,West,Marketplace,Furniture,Office Chair,2,7653.26,0.2,12245.22,Net Banking,Completed,2025-10
ORD102045,2025-12-06,CUST10723,North,Website,Home & Kitchen,Vacuum Cleaner,2,4944.8,0.25,7417.2,UPI,Completed,2025-12
ORD102046,2025-06-26,CUST10430,East,Website,Home & Kitchen,Vacuum Cleaner,4,709.91,0.2,2271.71,UPI,Completed,2025-06
ORD102047,2025-02-08,CUST10763,West,Mobile App,Home & Kitchen,Air Fryer,1,5111.08,0.05,4855.53,Debit Card,Completed,2025-02
ORD102048,2025-08-26,CUST10050,West,Mobile App,Beauty,Perfume,1,520.02,0.15,442.02,Cash on Delivery,Completed,2025-08
ORD102049,2025-02-11,CUST10704,North,Mobile App,Home & Kitchen,Air Fryer,2,1950.68,0.0,0.0,UPI,Cancelled,2025-02
ORD102050,2025-01-28,CUST10598,South,Website,Beauty,Perfume,1,431.88,0.05,410.29,UPI,Completed,2025-01
ORD102051,2025-05-01,CUST10253,West,Mobile App,Beauty,Sunscreen,1,3447.47,0.0,3447.47,UPI,Completed,2025-05
ORD102052,2025-08-27,CUST10639,West,Marketplace,Fashion,T-Shirt,1,913.57,0.1,822.21,UPI,Completed,2025-08
ORD102053,2025-04-30,CUST10016,Central,Website,Electronics,Headphones,4,23265.54,0.1,83755.94,Debit Card,Completed,2025-04
ORD102054,2025-07-31,CUST10543,West,Website,Electronics,Headphones,1,14303.89,0.1,12873.5,Cash on Delivery,Completed,2025-07
ORD102055,2025-05-13,CUST10704,North,Marketplace,Home & Kitchen,Air Fryer,2,5221.66,0.1,9398.99,Debit Card,Completed,2025-05
ORD102056,2025-10-18,CUST10575,East,Mobile App,Fashion,Jacket,1,489.96,0.05,465.46,UPI,Completed,2025-10
ORD102057,2025-12-05,CUST10024,East,Website,Home & Kitchen,Coffee Maker,2,7624.57,0.15,12961.77,UPI,Completed,2025-12
ORD102058,2025-03-28,CUST10626,East,Website,Electronics,Smartphone,3,1448.16,0.05,4127.26,Cash on Delivery,Completed,2025-03
ORD102059,2025-12-18,CUST10099,East,Website,Electronics,Smartphone,2,2608.41,0.15,4434.3,UPI,Completed,2025-12
ORD102060,2025-11-27,CUST10277,North,Mobile App,Beauty,Face Wash,2,557.0,0.1,1002.6,Debit Card,Completed,2025-11
ORD102061,2025-05-17,CUST10744,South,Mobile App,Beauty,Face Wash,1,3357.63,0.1,0.0,UPI,Cancelled,2025-05
ORD102062,2025-10-18,CUST10137,South,Website,Beauty,Moisturizer,3,436.27,0.05,1243.37,UPI,Completed,2025-10
ORD102063,2025-10-05,CUST10643,North,Mobile App,Home & Kitchen,Coffee Maker,4,1249.82,0.1,4499.35,Net Banking,Completed,2025-10
ORD102064,2025-03-21,CUST10809,North,Website,Fashion,T-Shirt,2,633.03,0.1,1139.45,Net Banking,Completed,2025-03
ORD102065,2025-05-13,CUST10361,North,Website,Beauty,Face Wash,3,251.94,0.15,642.45,Cash on Delivery,Completed,2025-05
ORD102066,2025-09-07,CUST10887,West,Mobile App,Beauty,Face Wash,1,527.85,0.1,475.07,UPI,Completed,2025-09
ORD102067,2025-09-03,CUST10424,North,Mobile App,Beauty,Perfume,2,1221.93,0.2,1955.09,Net Banking,Completed,2025-09
ORD102068,2025-06-08,CUST10760,South,Website,Fashion,T-Shirt,1,1044.25,0.05,0.0,Cash on Delivery,Returned,2025-06
ORD102069,2025-11-09,CUST10063,East,Website,Beauty,Face Wash,2,347.98,0.1,0.0,UPI,Cancelled,2025-11
ORD102070,2025-03-11,CUST10133,North,Marketplace,Home & Kitchen,Vacuum Cleaner,1,4103.82,0.05,3898.63,Credit Card,Completed,2025-03
ORD102071,2025-02-11,CUST10063,East,Marketplace,Beauty,Shampoo,2,860.54,0.0,1721.08,Credit Card,Completed,2025-02
ORD102072,2025-05-13,CUST10130,East,Website,Home & Kitchen,Mixer Grinder,4,1548.63,0.2,4955.62,UPI,Completed,2025-05
ORD102073,2025-01-26,CUST10174,West,Mobile App,Fashion,Jacket,2,1303.1,0.2,0.0,Cash on Delivery,Returned,2025-01
ORD102074,2025-03-30,CUST10426,East,Marketplace,Fashion,Backpack,4,6991.17,0.15,23769.98,Credit Card,Completed,2025-03
ORD102075,2025-02-22,CUST10864,West,Mobile App,Home & Kitchen,Cookware Set,2,12501.88,0.05,23753.57,Cash on Delivery,Completed,2025-02
ORD102076,2025-06-12,CUST10126,South,Mobile App,Furniture,Bookshelf,1,15285.96,0.0,15285.96,Net Banking,Completed,2025-06
ORD102077,2025-03-15,CUST10662,East,Website,Furniture,Study Table,1,5136.97,0.05,4880.12,Debit Card,Completed,2025-03
ORD102078,2025-09-05,CUST10393,North,Website,Fashion,Jacket,1,1740.3,0.15,1479.25,Debit Card,Completed,2025-09
ORD102079,2025-06-25,CUST10355,South,Mobile App,Furniture,Study Table,3,10249.82,0.15,26137.04,Debit Card,Completed,2025-06
ORD102080,2025-03-08,CUST10424,South,Mobile App,Beauty,Perfume,2,960.05,0.05,1824.09,Cash on Delivery,Completed,2025-03
ORD102081,2025-10-20,CUST10252,North,Website,Fashion,Jacket,2,1621.57,0.2,2594.51,Cash on Delivery,Completed,2025-10
ORD102082,2025-02-13,CUST10862,West,Mobile App,Fashion,Backpack,4,710.27,0.0,2841.08,Net Banking,Completed,2025-02
ORD102083,2025-05-28,CUST10490,South,Marketplace,Furniture,Bookshelf,4,7375.22,0.25,22125.66,UPI,Completed,2025-05
ORD102084,2025-04-08,CUST10854,West,Mobile App,Fashion,T-Shirt,1,1128.47,0.15,959.2,UPI,Completed,2025-04
ORD102085,2025-09-13,CUST10274,South,Mobile App,Fashion,T-Shirt,4,6815.72,0.1,24536.59,Credit Card,Completed,2025-09
ORD102086,2025-05-23,CUST10181,West,Website,Electronics,Smartphone,5,1546.57,0.15,6572.92,Cash on Delivery,Completed,2025-05
ORD102087,2025-07-17,CUST10162,West,Website,Home & Kitchen,Coffee Maker,1,5500.13,0.2,4400.1,Cash on Delivery,Completed,2025-07
ORD102088,2025-07-12,CUST10449,South,Mobile App,Furniture,Sofa,4,3812.01,0.1,13723.24,Debit Card,Completed,2025-07
ORD102089,2025-05-13,CUST10798,South,Website,Furniture,Study Table,2,28694.17,0.1,51649.51,UPI,Completed,2025-05
ORD102090,2025-06-23,CUST10726,South,Mobile App,Home & Kitchen,Vacuum Cleaner,2,13353.69,0.1,24036.64,Debit Card,Completed,2025-06
ORD102091,2025-03-25,CUST10722,South,Mobile App,Beauty,Moisturizer,1,651.37,0.05,0.0,Debit Card,Cancelled,2025-03
ORD102092,2025-10-21,CUST10740,Central,Mobile App,Home & Kitchen,Mixer Grinder,1,1269.9,0.2,1015.92,Debit Card,Completed,2025-10
ORD102093,2025-11-15,CUST10042,South,Website,Furniture,Office Chair,2,29234.06,0.1,52621.31,UPI,Completed,2025-11
ORD102094,2025-02-15,CUST10896,East,Marketplace,Fashion,Backpack,2,652.68,0.25,979.02,UPI,Completed,2025-02
ORD102095,2025-10-30,CUST10192,West,Marketplace,Electronics,Headphones,1,5996.73,0.2,4797.38,Net Banking,Completed,2025-10
ORD102096,2025-01-03,CUST10123,South,Mobile App,Fashion,T-Shirt,2,701.93,0.1,1263.47,Debit Card,Completed,2025-01
ORD102097,2025-07-19,CUST10807,South,Mobile App,Home & Kitchen,Cookware Set,1,6461.8,0.05,6138.71,UPI,Completed,2025-07
ORD102098,2025-11-19,CUST10047,East,Marketplace,Electronics,Smartwatch,1,7954.94,0.15,6761.7,Credit Card,Completed,2025-11
ORD102099,2025-05-29,CUST10707,East,Mobile App,Furniture,Bookshelf,4,2264.41,0.0,9057.64,Debit Card,Completed,2025-05
ORD102100,2025-10-14,CUST10376,East,Website,Furniture,Study Table,2,4278.57,0.15,7273.57,Debit Card,Completed,2025-10
ORD102101,2025-01-31,CUST10641,West,Marketplace,Beauty,Shampoo,2,3856.73,0.15,6556.44,Credit Card,Completed,2025-01
ORD102102,2025-01-01,CUST10586,West,Mobile App,Electronics,Monitor,4,4035.88,0.15,13721.99,Cash on Delivery,Completed,2025-01
ORD102103,2025-02-04,CUST10065,Central,Website,Electronics,Headphones,1,3785.03,0.1,3406.53,UPI,Completed,2025-02
ORD102104,2025-09-05,CUST10726,South,Marketplace,Home & Kitchen,Cookware Set,3,2375.44,0.05,6770.0,UPI,Completed,2025-09
ORD102105,2025-12-18,CUST10193,North,Marketplace,Electronics,Headphones,1,27053.41,0.1,24348.07,Cash on Delivery,Completed,2025-12
ORD102106,2025-12-10,CUST10522,Central,Website,Furniture,Bookshelf,1,11625.79,0.15,9881.92,Net Banking,Completed,2025-12
ORD102107,2025-12-04,CUST10679,West,Website,Home & Kitchen,Cookware Set,1,2715.04,0.1,2443.54,Cash on Delivery,Completed,2025-12
ORD102108,2025-02-03,CUST10204,South,Website,Furniture,Bedside Table,4,7849.31,0.25,23547.93,Cash on Delivery,Completed,2025-02
ORD102109,2025-05-22,CUST10826,East,Mobile App,Home & Kitchen,Cookware Set,1,917.43,0.25,688.07,UPI,Completed,2025-05
ORD102110,2025-10-19,CUST10503,North,Mobile App,Furniture,Bookshelf,3,8634.65,0.05,24608.75,UPI,Completed,2025-10
ORD102111,2025-03-19,CUST10652,West,Website,Home & Kitchen,Air Fryer,1,12208.9,0.25,9156.67,UPI,Completed,2025-03
ORD102112,2025-12-28,CUST10154,South,Marketplace,Electronics,Headphones,2,57154.82,0.15,97163.19,Debit Card,Completed,2025-12
ORD102113,2025-07-04,CUST10836,South,Marketplace,Home & Kitchen,Coffee Maker,3,13690.35,0.1,36963.95,UPI,Completed,2025-07
ORD102114,2025-06-19,CUST10601,West,Mobile App,Electronics,Smartphone,3,52720.23,0.2,126528.55,Debit Card,Completed,2025-06
ORD102115,2025-12-23,CUST10788,North,Marketplace,Home & Kitchen,Cookware Set,4,8266.32,0.15,28105.49,UPI,Completed,2025-12
ORD102116,2025-04-22,CUST10820,South,Mobile App,Electronics,Laptop,1,2257.99,0.15,1919.29,Net Banking,Completed,2025-04
ORD102117,2025-02-21,CUST10074,East,Mobile App,Home & Kitchen,Air Fryer,1,1091.18,0.15,0.0,Net Banking,Returned,2025-02
ORD102118,2025-10-11,CUST10217,West,Mobile App,Home & Kitchen,Cookware Set,1,972.64,0.0,972.64,Cash on Delivery,Completed,2025-10
ORD102119,2025-11-12,CUST10412,North,Website,Electronics,Smartphone,4,5269.51,0.15,17916.33,UPI,Completed,2025-11
ORD102120,2025-04-13,CUST10649,West,Website,Beauty,Shampoo,3,4057.16,0.15,10345.76,UPI,Completed,2025-04
ORD102121,2025-07-23,CUST10600,South,Marketplace,Electronics,Smartwatch,4,5901.16,0.0,23604.64,Debit Card,Completed,2025-07
ORD102122,2025-08-27,CUST10416,West,Mobile App,Fashion,T-Shirt,4,2017.52,0.05,0.0,Credit Card,Cancelled,2025-08
ORD102123,2025-02-14,CUST10088,East,Mobile App,Furniture,Bookshelf,4,3926.4,0.25,11779.2,UPI,Completed,2025-02
ORD102124,2025-07-13,CUST10782,North,Website,Electronics,Headphones,3,33944.73,0.15,86559.06,UPI,Completed,2025-07
ORD102125,2025-11-12,CUST10357,West,Mobile App,Beauty,Moisturizer,2,4008.01,0.05,7615.22,Credit Card,Completed,2025-11
ORD102126,2025-09-01,CUST10766,South,Website,Beauty,Perfume,3,932.1,0.1,2516.67,UPI,Completed,2025-09
ORD102127,2025-12-27,CUST10804,East,Marketplace,Fashion,Jacket,4,635.12,0.05,0.0,UPI,Cancelled,2025-12
ORD102128,2025-06-19,CUST10669,South,Mobile App,Furniture,Office Chair,1,5861.83,0.1,5275.65,UPI,Completed,2025-06
ORD102129,2025-03-25,CUST10484,West,Website,Electronics,Headphones,2,1804.26,0.1,3247.67,UPI,Completed,2025-03
ORD102130,2025-12-31,CUST10899,North,Mobile App,Fashion,Jeans,3,3182.03,0.2,7636.87,UPI,Completed,2025-12
ORD102131,2025-05-08,CUST10209,North,Website,Electronics,Headphones,1,20126.48,0.15,17107.51,Credit Card,Completed,2025-05
ORD102132,2025-02-06,CUST10424,North,Mobile App,Furniture,Bookshelf,1,3887.53,0.25,2915.65,UPI,Completed,2025-02
ORD102133,2025-07-25,CUST10008,North,Website,Home & Kitchen,Air Fryer,1,1874.09,0.25,1405.57,Cash on Delivery,Completed,2025-07
ORD102134,2025-06-09,CUST10862,East,Mobile App,Home & Kitchen,Coffee Maker,1,9118.19,0.05,8662.28,Cash on Delivery,Completed,2025-06
ORD102135,2025-11-06,CUST10765,West,Mobile App,Home & Kitchen,Air Fryer,1,2116.59,0.1,1904.93,Credit Card,Completed,2025-11
ORD102136,2025-01-28,CUST10310,West,Marketplace,Fashion,Jacket,3,3337.33,0.25,7508.99,UPI,Completed,2025-01
ORD102137,2025-04-14,CUST10014,Central,Mobile App,Fashion,Backpack,3,3285.78,0.15,0.0,Net Banking,Cancelled,2025-04
ORD102138,2025-10-15,CUST10867,South,Website,Beauty,Shampoo,1,3049.81,0.2,2439.85,Credit Card,Completed,2025-10
ORD102139,2025-04-21,CUST10456,West,Mobile App,Beauty,Perfume,1,1319.98,0.1,1187.98,Credit Card,Completed,2025-04
ORD102140,2025-12-13,CUST10870,North,Website,Beauty,Perfume,1,849.45,0.0,849.45,UPI,Completed,2025-12
ORD102141,2025-11-03,CUST10093,West,Website,Beauty,Perfume,1,260.13,0.1,234.12,Debit Card,Completed,2025-11
ORD102142,2025-12-20,CUST10122,North,Website,Beauty,Shampoo,3,461.85,0.05,0.0,Credit Card,Cancelled,2025-12
ORD102143,2025-11-16,CUST10604,North,Website,Home & Kitchen,Mixer Grinder,2,8809.21,0.05,0.0,Debit Card,Cancelled,2025-11
ORD102144,2025-02-05,CUST10032,West,Website,Furniture,Study Table,1,15179.32,0.0,15179.32,Debit Card,Completed,2025-02
ORD102145,2025-10-13,CUST10675,East,Mobile App,Fashion,Jeans,2,1088.16,0.0,2176.32,UPI,Completed,2025-10
ORD102146,2025-11-13,CUST10064,South,Mobile App,Electronics,Smartphone,3,20272.21,0.1,0.0,Credit Card,Cancelled,2025-11
ORD102147,2025-04-15,CUST10236,North,Mobile App,Fashion,Sneakers,3,955.72,0.1,2580.44,Credit Card,Completed,2025-04
ORD102148,2025-12-18,CUST10696,West,Mobile App,Home & Kitchen,Coffee Maker,2,3119.14,0.1,5614.45,Net Banking,Completed,2025-12
ORD102149,2025-05-18,CUST10394,North,Mobile App,Fashion,Jacket,5,603.58,0.1,2716.11,Credit Card,Completed,2025-05
ORD102150,2025-06-02,CUST10487,South,Mobile App,Home & Kitchen,Coffee Maker,1,972.34,0.1,0.0,Credit Card,Cancelled,2025-06
ORD102151,2025-05-19,CUST10700,South,Mobile App,Beauty,Face Wash,1,3335.67,0.1,3002.1,Net Banking,Completed,2025-05
ORD102152,2025-03-28,CUST10849,South,Marketplace,Beauty,Shampoo,1,693.54,0.2,554.83,Cash on Delivery,Completed,2025-03
ORD102153,2025-09-25,CUST10117,North,Mobile App,Fashion,Jeans,2,2285.46,0.05,4342.37,UPI,Completed,2025-09
ORD102154,2025-10-15,CUST10143,South,Website,Home & Kitchen,Mixer Grinder,1,803.76,0.15,683.2,UPI,Completed,2025-10
ORD102155,2025-12-21,CUST10316,North,Marketplace,Fashion,Backpack,3,1389.35,0.1,3751.24,UPI,Completed,2025-12
ORD102156,2025-10-21,CUST10394,East,Website,Furniture,Office Chair,1,18293.69,0.1,0.0,Debit Card,Returned,2025-10
ORD102157,2025-04-05,CUST10428,South,Mobile App,Fashion,T-Shirt,2,1143.31,0.15,1943.63,Net Banking,Completed,2025-04
ORD102158,2025-09-04,CUST10416,West,Website,Furniture,Bedside Table,2,2550.34,0.1,4590.61,UPI,Completed,2025-09
ORD102159,2025-10-11,CUST10511,South,Website,Electronics,Monitor,1,2606.73,0.0,2606.73,Credit Card,Completed,2025-10
ORD102160,2025-05-15,CUST10276,East,Website,Fashion,T-Shirt,1,1177.51,0.25,883.13,UPI,Completed,2025-05
ORD102161,2025-01-13,CUST10313,West,Website,Home & Kitchen,Cookware Set,1,749.61,0.1,674.65,Cash on Delivery,Completed,2025-01
ORD102162,2025-09-14,CUST10453,Central,Marketplace,Furniture,Study Table,1,4547.52,0.15,3865.39,Credit Card,Completed,2025-09
ORD102163,2025-04-10,CUST10856,South,Marketplace,Fashion,T-Shirt,1,778.27,0.05,0.0,Net Banking,Cancelled,2025-04
ORD102164,2025-10-13,CUST10043,West,Mobile App,Home & Kitchen,Vacuum Cleaner,4,2929.85,0.15,9961.49,UPI,Completed,2025-10
ORD102165,2025-02-07,CUST10048,North,Mobile App,Beauty,Perfume,1,339.22,0.15,288.34,Debit Card,Completed,2025-02
ORD102166,2025-05-11,CUST10144,Unknown,Website,Fashion,T-Shirt,2,857.46,0.15,1457.68,Credit Card,Completed,2025-05
ORD102167,2025-02-07,CUST10826,North,Mobile App,Electronics,Monitor,2,1386.07,0.2,0.0,UPI,Cancelled,2025-02
ORD102168,2025-05-27,CUST10257,East,Mobile App,Furniture,Bookshelf,2,10342.35,0.2,16547.76,UPI,Completed,2025-05
ORD102169,2025-03-13,CUST10823,North,Website,Beauty,Moisturizer,1,337.42,0.1,303.68,Cash on Delivery,Completed,2025-03
ORD102170,2025-01-08,CUST10604,South,Website,Electronics,Smartphone,1,1650.61,0.2,1320.49,UPI,Completed,2025-01
ORD102171,2025-11-04,CUST10816,Central,Mobile App,Beauty,Face Wash,3,1187.72,0.05,3385.0,Debit Card,Completed,2025-11
ORD102172,2025-06-16,CUST10675,South,Mobile App,Home & Kitchen,Coffee Maker,1,929.72,0.2,743.78,UPI,Completed,2025-06
ORD102173,2025-06-11,CUST10688,West,Mobile App,Home & Kitchen,Cookware Set,1,14578.3,0.1,13120.47,UPI,Completed,2025-06
ORD102174,2025-03-22,CUST10580,East,Website,Electronics,Headphones,2,30467.96,0.1,54842.33,UPI,Completed,2025-03
ORD102175,2025-03-21,CUST10507,North,Website,Beauty,Face Wash,1,3883.09,0.1,3494.78,Cash on Delivery,Completed,2025-03
ORD102176,2025-01-15,CUST10704,East,Marketplace,Electronics,Headphones,1,30099.64,0.15,25584.69,UPI,Completed,2025-01
ORD102177,2025-08-31,CUST10599,West,Website,Electronics,Laptop,4,11369.71,0.1,0.0,UPI,Returned,2025-08
ORD102178,2025-07-17,CUST10613,South,Mobile App,Home & Kitchen,Air Fryer,4,5858.35,0.1,21090.06,UPI,Completed,2025-07
ORD102179,2025-02-02,CUST10832,North,Mobile App,Electronics,Smartwatch,1,3288.72,0.15,2795.41,UPI,Completed,2025-02
ORD102180,2025-01-09,CUST10639,Central,Website,Beauty,Sunscreen,1,306.03,0.1,275.43,Net Banking,Completed,2025-01
ORD102181,2025-09-01,CUST10215,West,Mobile App,Electronics,Laptop,2,33673.53,0.15,57245.0,UPI,Completed,2025-09
ORD102182,2025-10-19,CUST10646,South,Mobile App,Beauty,Face Wash,1,405.78,0.15,344.91,UPI,Completed,2025-10
ORD102183,2025-11-02,CUST10564,South,Website,Fashion,T-Shirt,1,3255.23,0.1,2929.71,UPI,Completed,2025-11
ORD102184,2025-02-28,CUST10357,East,Mobile App,Fashion,T-Shirt,3,1614.36,0.15,4116.62,Debit Card,Completed,2025-02
ORD102185,2025-06-01,CUST10612,East,Mobile App,Beauty,Face Wash,1,3821.35,0.1,3439.22,UPI,Completed,2025-06
ORD102186,2025-05-23,CUST10139,South,Marketplace,Fashion,Backpack,1,477.76,0.0,477.76,UPI,Completed,2025-05
ORD102187,2025-01-02,CUST10295,South,Mobile App,Home & Kitchen,Cookware Set,1,881.96,0.05,837.86,Debit Card,Completed,2025-01
ORD102188,2025-09-29,CUST10818,South,Marketplace,Electronics,Smartwatch,1,17027.75,0.1,15324.98,Debit Card,Completed,2025-09
ORD102189,2025-10-15,CUST10644,Central,Marketplace,Furniture,Sofa,2,6067.97,0.2,9708.75,UPI,Completed,2025-10
ORD102190,2025-10-12,CUST10652,North,Mobile App,Home & Kitchen,Vacuum Cleaner,3,1284.72,0.2,3083.33,UPI,Completed,2025-10
ORD102191,2025-08-03,CUST10358,South,Mobile App,Fashion,Sneakers,1,4007.18,0.05,3806.82,Debit Card,Completed,2025-08
ORD102192,2025-01-17,CUST10324,North,Marketplace,Fashion,Sneakers,3,4054.29,0.15,0.0,Net Banking,Returned,2025-01
ORD102193,2025-03-07,CUST10066,West,Website,Fashion,Jacket,1,1039.07,0.2,831.26,UPI,Completed,2025-03
ORD102194,2025-01-13,CUST10209,West,Mobile App,Electronics,Monitor,1,44526.9,0.15,37847.86,Net Banking,Completed,2025-01
ORD102195,2025-01-26,CUST10322,East,Mobile App,Electronics,Monitor,2,17081.32,0.1,30746.38,Credit Card,Completed,2025-01
ORD102196,2025-11-14,CUST10353,West,Mobile App,Home & Kitchen,Coffee Maker,4,6064.12,0.05,23043.66,UPI,Completed,2025-11
ORD102197,2025-12-17,CUST10022,East,Website,Fashion,Jacket,2,5844.85,0.15,9936.25,Net Banking,Completed,2025-12
ORD102198,2025-02-02,CUST10576,Central,Website,Furniture,Bookshelf,2,7996.56,0.0,15993.12,Credit Card,Completed,2025-02
ORD102199,2025-04-30,CUST10602,South,Mobile App,Home & Kitchen,Air Fryer,1,6216.46,0.1,5594.81,Net Banking,Completed,2025-04
ORD102200,2025-05-03,CUST10365,West,Marketplace,Furniture,Sofa,1,6425.36,0.1,5782.82,Debit Card,Completed,2025-05
ORD102201,2025-11-22,CUST10719,South,Mobile App,Fashion,Sneakers,2,2200.88,0.2,3521.41,Credit Card,Completed,2025-11
ORD102202,2025-07-13,CUST10278,North,Website,Electronics,Smartwatch,3,34551.65,0.2,82923.96,Cash on Delivery,Completed,2025-07
ORD102203,2025-09-14,CUST10634,South,Mobile App,Fashion,Jeans,3,548.69,0.2,0.0,UPI,Cancelled,2025-09
ORD102204,2025-11-01,CUST10709,North,Website,Beauty,Perfume,1,300.2,0.15,255.17,UPI,Completed,2025-11
ORD102205,2025-06-12,CUST10853,South,Marketplace,Home & Kitchen,Mixer Grinder,1,992.03,0.1,892.83,UPI,Completed,2025-06
ORD102206,2025-02-28,CUST10203,Central,Website,Beauty,Moisturizer,2,1068.08,0.05,2029.35,Credit Card,Completed,2025-02
ORD102207,2025-03-24,CUST10473,North,Mobile App,Electronics,Headphones,1,9260.07,0.05,0.0,Debit Card,Cancelled,2025-03
ORD102208,2025-10-24,CUST10857,West,Mobile App,Fashion,Sneakers,1,1902.47,0.15,1617.1,UPI,Completed,2025-10
ORD102209,2025-02-23,CUST10246,North,Website,Beauty,Perfume,4,425.98,0.0,1703.92,UPI,Completed,2025-02
ORD102210,2025-09-21,CUST10265,West,Website,Electronics,Smartwatch,3,7883.73,0.2,18920.95,Cash on Delivery,Completed,2025-09
ORD102211,2025-12-29,CUST10251,Central,Website,Home & Kitchen,Vacuum Cleaner,4,2331.46,0.05,8859.55,Debit Card,Completed,2025-12
ORD102212,2025-03-24,CUST10427,South,Mobile App,Electronics,Smartwatch,3,955.01,0.2,2292.02,UPI,Completed,2025-03
ORD102213,2025-10-04,CUST10682,Central,Website,Fashion,Sneakers,4,3133.72,0.0,12534.88,UPI,Completed,2025-10
ORD102214,2025-09-18,CUST10764,South,Mobile App,Fashion,Backpack,2,697.34,0.1,1255.21,Net Banking,Completed,2025-09
ORD102215,2025-05-28,CUST10612,South,Marketplace,Electronics,Monitor,3,9220.2,0.05,26277.57,Net Banking,Completed,2025-05
ORD102216,2025-01-11,CUST10061,East,Website,Electronics,Smartphone,2,5747.07,0.1,10344.73,UPI,Completed,2025-01
ORD102217,2025-04-21,CUST10400,West,Marketplace,Home & Kitchen,Cookware Set,1,1831.5,0.1,1648.35,Cash on Delivery,Completed,2025-04
ORD102218,2025-07-05,CUST10225,West,Mobile App,Fashion,Sneakers,4,795.1,0.2,2544.32,UPI,Completed,2025-07
ORD102219,2025-02-21,CUST10834,West,Mobile App,Home & Kitchen,Air Fryer,1,6434.68,0.0,6434.68,Credit Card,Completed,2025-02
ORD102220,2025-10-30,CUST10013,North,Mobile App,Furniture,Office Chair,1,9033.16,0.0,9033.16,UPI,Completed,2025-10
ORD102221,2025-06-27,CUST10450,South,Mobile App,Fashion,Jacket,2,1088.57,0.15,1850.57,UPI,Completed,2025-06
ORD102222,2025-08-16,CUST10339,West,Mobile App,Electronics,Monitor,2,29683.47,0.0,0.0,Credit Card,Cancelled,2025-08
ORD102223,2025-06-01,CUST10665,Central,Marketplace,Home & Kitchen,Coffee Maker,2,1585.03,0.05,3011.56,UPI,Completed,2025-06
ORD102224,2025-01-07,CUST10584,West,Website,Home & Kitchen,Cookware Set,1,3875.74,0.0,3875.74,Credit Card,Completed,2025-01
ORD102225,2025-12-26,CUST10715,West,Website,Electronics,Smartphone,2,990.33,0.1,0.0,Debit Card,Cancelled,2025-12
ORD102226,2025-10-17,CUST10126,Central,Website,Electronics,Headphones,1,55337.13,0.15,47036.56,Credit Card,Completed,2025-10
ORD102227,2025-05-14,CUST10786,East,Mobile App,Home & Kitchen,Air Fryer,3,6406.85,0.0,19220.55,UPI,Completed,2025-05
ORD102228,2025-02-21,CUST10861,Central,Website,Home & Kitchen,Mixer Grinder,1,4506.94,0.1,4056.25,Credit Card,Completed,2025-02
ORD102229,2025-09-07,CUST10193,East,Mobile App,Furniture,Bedside Table,1,27971.68,0.0,27971.68,Cash on Delivery,Completed,2025-09
ORD102230,2025-01-25,CUST10548,South,Website,Fashion,Backpack,1,617.69,0.05,586.81,UPI,Completed,2025-01
ORD102231,2025-03-10,CUST10436,Central,Mobile App,Furniture,Bedside Table,2,2957.49,0.1,5323.48,UPI,Completed,2025-03
ORD102232,2025-06-13,CUST10312,North,Mobile App,Electronics,Headphones,1,41671.96,0.05,39588.36,Credit Card,Completed,2025-06
ORD102233,2025-06-02,CUST10522,North,Website,Furniture,Study Table,1,2224.19,0.1,2001.77,Net Banking,Completed,2025-06
ORD102234,2025-11-17,CUST10631,East,Mobile App,Electronics,Smartwatch,3,5586.19,0.2,13406.86,UPI,Completed,2025-11
ORD102235,2025-06-16,CUST10591,East,Website,Electronics,Headphones,4,3122.78,0.1,11242.01,Cash on Delivery,Completed,2025-06
ORD102236,2025-07-10,CUST10593,East,Website,Beauty,Perfume,1,1867.08,0.15,1587.02,UPI,Completed,2025-07
ORD102237,2025-03-11,CUST10445,East,Website,Fashion,Backpack,1,4662.38,0.1,4196.14,Credit Card,Completed,2025-03
ORD102238,2025-08-06,CUST10354,West,Mobile App,Furniture,Bookshelf,1,1872.27,0.2,1497.82,Credit Card,Completed,2025-08
ORD102239,2025-10-05,CUST10644,West,Marketplace,Beauty,Sunscreen,1,338.73,0.15,287.92,UPI,Completed,2025-10
ORD102240,2025-11-08,CUST10202,South,Mobile App,Furniture,Bedside Table,1,21840.29,0.1,19656.26,UPI,Completed,2025-11
ORD102241,2025-04-30,CUST10515,South,Website,Beauty,Moisturizer,2,250.08,0.1,450.14,UPI,Completed,2025-04
ORD102242,2025-02-03,CUST10510,South,Website,Home & Kitchen,Vacuum Cleaner,3,3210.01,0.25,7222.52,UPI,Completed,2025-02
ORD102243,2025-09-13,CUST10495,West,Marketplace,Home & Kitchen,Mixer Grinder,2,14945.01,0.2,0.0,UPI,Returned,2025-09
ORD102244,2025-10-10,CUST10171,North,Mobile App,Electronics,Smartwatch,1,4697.46,0.15,3992.84,UPI,Completed,2025-10
ORD102245,2025-09-24,CUST10207,West,Website,Home & Kitchen,Vacuum Cleaner,2,1832.9,0.1,3299.22,UPI,Completed,2025-09
ORD102246,2025-09-17,CUST10699,North,Mobile App,Furniture,Sofa,2,7229.75,0.1,13013.55,Credit Card,Completed,2025-09
ORD102247,2025-04-10,CUST10046,South,Mobile App,Electronics,Smartphone,1,1522.67,0.15,1294.27,UPI,Completed,2025-04
ORD102248,2025-06-08,CUST10320,North,Website,Beauty,Face Wash,2,1072.01,0.0,2144.02,Debit Card,Completed,2025-06
ORD102249,2025-09-05,CUST10268,West,Website,Beauty,Sunscreen,1,4761.95,0.0,4761.95,Debit Card,Completed,2025-09
ORD102250,2025-02-10,CUST10360,North,Website,Beauty,Face Wash,2,856.89,0.2,1371.02,Debit Card,Completed,2025-02
ORD102251,2025-07-13,CUST10225,West,Marketplace,Beauty,Sunscreen,1,2023.04,0.15,0.0,Net Banking,Cancelled,2025-07
ORD102252,2025-04-22,CUST10666,West,Mobile App,Home & Kitchen,Mixer Grinder,2,11148.27,0.1,20066.89,Net Banking,Completed,2025-04
ORD102253,2025-05-13,CUST10734,North,Mobile App,Electronics,Smartwatch,3,17517.17,0.15,44668.78,Cash on Delivery,Completed,2025-05
ORD102254,2025-02-19,CUST10099,East,Mobile App,Furniture,Bookshelf,1,14288.89,0.1,12860.0,Debit Card,Completed,2025-02
ORD102255,2025-06-25,CUST10762,East,Mobile App,Electronics,Monitor,1,3536.23,0.2,2828.98,UPI,Completed,2025-06
ORD102256,2025-01-31,CUST10315,North,Mobile App,Fashion,Sneakers,2,2011.11,0.05,3821.11,Debit Card,Completed,2025-01
ORD102257,2025-11-17,CUST10613,Central,Mobile App,Home & Kitchen,Coffee Maker,2,14690.48,0.1,26442.86,UPI,Completed,2025-11
ORD102258,2025-02-10,CUST10131,Unknown,Mobile App,Beauty,Face Wash,2,2300.65,0.1,4141.17,Credit Card,Completed,2025-02
ORD102259,2025-07-13,CUST10272,East,Website,Furniture,Sofa,1,20405.01,0.1,0.0,Net Banking,Returned,2025-07
ORD102260,2025-09-20,CUST10633,South,Marketplace,Fashion,Jacket,2,5402.88,0.2,8644.61,UPI,Completed,2025-09
ORD102261,2025-12-24,CUST10296,South,Website,Home & Kitchen,Coffee Maker,2,1886.84,0.1,3396.31,Debit Card,Completed,2025-12
ORD102262,2025-06-18,CUST10175,West,Website,Home & Kitchen,Vacuum Cleaner,3,4437.63,0.2,0.0,UPI,Returned,2025-06
ORD102263,2025-01-13,CUST10612,South,Website,Fashion,Jeans,2,4430.46,0.15,7531.78,UPI,Completed,2025-01
ORD102264,2025-03-23,CUST10115,North,Website,Furniture,Bedside Table,2,2486.44,0.1,4475.59,UPI,Completed,2025-03
ORD102265,2025-07-26,CUST10352,North,Website,Fashion,Jeans,2,5716.13,0.05,10860.65,Debit Card,Completed,2025-07
ORD102266,2025-11-12,CUST10770,East,Website,Furniture,Bedside Table,4,30421.42,0.1,109517.11,Credit Card,Completed,2025-11
ORD102267,2025-01-11,CUST10043,North,Mobile App,Furniture,Study Table,1,1845.08,0.0,1845.08,Debit Card,Completed,2025-01
ORD102268,2025-03-23,CUST10412,East,Mobile App,Furniture,Sofa,3,4250.79,0.05,12114.75,UPI,Completed,2025-03
ORD102269,2025-09-09,CUST10430,South,Website,Home & Kitchen,Cookware Set,3,4807.01,0.0,14421.03,Credit Card,Completed,2025-09
ORD102270,2025-11-06,CUST10809,South,Mobile App,Home & Kitchen,Mixer Grinder,3,7237.57,0.2,17370.17,UPI,Completed,2025-11
ORD102271,2025-12-03,CUST10883,South,Website,Fashion,Sneakers,2,2808.84,0.0,5617.68,Credit Card,Completed,2025-12
ORD102272,2025-02-21,CUST10622,East,Mobile App,Fashion,Backpack,2,630.83,0.15,1072.41,Credit Card,Completed,2025-02
ORD102273,2025-04-01,CUST10397,East,Website,Fashion,Backpack,1,5454.83,0.0,5454.83,Cash on Delivery,Completed,2025-04
ORD102274,2025-01-30,CUST10844,West,Mobile App,Beauty,Sunscreen,1,2619.51,0.05,2488.53,UPI,Completed,2025-01
ORD102275,2025-12-09,CUST10772,West,Mobile App,Electronics,Smartwatch,1,41400.55,0.15,35190.47,UPI,Completed,2025-12
ORD102276,2025-06-22,CUST10226,North,Marketplace,Fashion,Backpack,1,445.54,0.15,378.71,Net Banking,Completed,2025-06
ORD102277,2025-12-30,CUST10009,South,Website,Electronics,Laptop,2,38364.67,0.25,57547.0,Net Banking,Completed,2025-12
ORD102278,2025-10-10,CUST10445,North,Marketplace,Home & Kitchen,Air Fryer,3,12123.74,0.15,30915.54,Debit Card,Completed,2025-10
ORD102279,2025-12-14,CUST10681,West,Mobile App,Furniture,Study Table,1,29846.05,0.15,25369.14,UPI,Completed,2025-12
ORD102280,2025-08-07,CUST10616,West,Website,Electronics,Laptop,1,46904.11,0.15,39868.49,UPI,Completed,2025-08
ORD102281,2025-04-21,CUST10280,South,Website,Electronics,Headphones,1,5565.42,0.15,4730.61,UPI,Completed,2025-04
ORD102282,2025-01-09,CUST10221,West,Mobile App,Electronics,Headphones,4,26810.68,0.1,96518.45,UPI,Completed,2025-01
ORD102283,2025-11-07,CUST10742,North,Mobile App,Fashion,Jacket,3,571.59,0.1,1543.29,Net Banking,Completed,2025-11
ORD102284,2025-05-27,CUST10734,West,Mobile App,Home & Kitchen,Mixer Grinder,1,11301.86,0.2,9041.49,Debit Card,Completed,2025-05
ORD102285,2025-11-30,CUST10858,South,Website,Furniture,Sofa,2,5567.77,0.25,8351.66,Net Banking,Completed,2025-11
ORD102286,2025-02-09,CUST10322,East,Website,Beauty,Shampoo,3,1713.31,0.15,4368.94,Net Banking,Completed,2025-02
ORD102287,2025-03-20,CUST10027,North,Website,Beauty,Shampoo,1,1328.49,0.05,1262.07,UPI,Completed,2025-03
ORD102288,2025-03-30,CUST10381,Central,Marketplace,Beauty,Perfume,2,426.66,0.1,0.0,Credit Card,Cancelled,2025-03
ORD102289,2025-05-19,CUST10836,West,Website,Furniture,Sofa,3,7008.38,0.0,21025.14,Credit Card,Completed,2025-05
ORD102290,2025-09-26,CUST10377,South,Marketplace,Beauty,Sunscreen,1,789.19,0.15,670.81,UPI,Completed,2025-09
ORD102291,2025-01-28,CUST10207,West,Mobile App,Fashion,Jeans,1,1555.94,0.15,1322.55,UPI,Completed,2025-01
ORD102292,2025-08-01,CUST10720,West,Website,Beauty,Sunscreen,2,1840.29,0.05,0.0,Net Banking,Cancelled,2025-08
ORD102293,2025-06-14,CUST10723,South,Website,Home & Kitchen,Coffee Maker,2,850.27,0.2,1360.43,Cash on Delivery,Completed,2025-06
ORD102294,2025-07-21,CUST10201,Central,Website,Beauty,Moisturizer,5,4065.32,0.1,18293.94,UPI,Completed,2025-07
ORD102295,2025-08-09,CUST10183,East,Website,Beauty,Shampoo,1,3211.05,0.05,3050.5,Debit Card,Completed,2025-08
ORD102296,2025-11-23,CUST10731,North,Marketplace,Electronics,Laptop,1,64438.03,0.0,64438.03,UPI,Completed,2025-11
ORD102297,2025-10-21,CUST10696,North,Mobile App,Home & Kitchen,Vacuum Cleaner,2,1660.93,0.2,2657.49,UPI,Completed,2025-10
ORD102298,2025-01-31,CUST10367,Central,Marketplace,Fashion,Jacket,1,466.97,0.1,420.27,Net Banking,Completed,2025-01
ORD102299,2025-09-18,CUST10664,East,Website,Home & Kitchen,Air Fryer,2,3725.51,0.1,6705.92,Net Banking,Completed,2025-09
ORD102300,2025-11-07,CUST10305,North,Mobile App,Fashion,Jacket,1,779.84,0.0,0.0,Credit Card,Cancelled,2025-11
ORD102301,2025-10-21,CUST10029,North,Mobile App,Furniture,Sofa,1,2474.89,0.15,0.0,Credit Card,Returned,2025-10
ORD102302,2025-06-17,CUST10095,Central,Marketplace,Electronics,Monitor,3,39844.94,0.15,101604.6,Cash on Delivery,Completed,2025-06
ORD102303,2025-02-10,CUST10668,East,Website,Home & Kitchen,Air Fryer,1,2608.95,0.05,2478.5,Debit Card,Completed,2025-02
ORD102304,2025-07-01,CUST10847,East,Website,Home & Kitchen,Coffee Maker,1,3008.58,0.0,0.0,Debit Card,Returned,2025-07
ORD102305,2025-04-20,CUST10259,East,Marketplace,Furniture,Sofa,1,9650.96,0.1,8685.86,UPI,Completed,2025-04
ORD102306,2025-09-17,CUST10588,Central,Mobile App,Beauty,Sunscreen,2,4336.45,0.2,6938.32,Credit Card,Completed,2025-09
ORD102307,2025-03-11,CUST10138,West,Mobile App,Beauty,Shampoo,1,570.51,0.2,456.41,Debit Card,Completed,2025-03
ORD102308,2025-03-24,CUST10070,West,Mobile App,Home & Kitchen,Mixer Grinder,3,972.42,0.0,2917.26,UPI,Completed,2025-03
ORD102309,2025-09-15,CUST10842,South,Mobile App,Furniture,Bedside Table,5,7278.28,0.05,34571.83,UPI,Completed,2025-09
ORD102310,2025-04-27,CUST10140,West,Marketplace,Beauty,Face Wash,2,551.08,0.1,991.94,Debit Card,Completed,2025-04
ORD102311,2025-02-26,CUST10033,West,Marketplace,Home & Kitchen,Vacuum Cleaner,1,708.11,0.1,637.3,Debit Card,Completed,2025-02
ORD102312,2025-09-30,CUST10086,Central,Mobile App,Furniture,Bedside Table,2,2829.61,0.1,5093.3,UPI,Completed,2025-09
ORD102313,2025-06-10,CUST10799,South,Mobile App,Fashion,Jacket,1,5838.33,0.1,5254.5,Credit Card,Completed,2025-06
ORD102314,2025-08-10,CUST10402,North,Website,Electronics,Smartphone,1,22396.86,0.05,21277.02,Cash on Delivery,Completed,2025-08
ORD102315,2025-08-03,CUST10560,South,Website,Home & Kitchen,Air Fryer,2,1393.53,0.1,2508.35,Cash on Delivery,Completed,2025-08
ORD102316,2025-02-08,CUST10416,South,Website,Furniture,Study Table,2,28307.85,0.15,48123.34,UPI,Completed,2025-02
ORD102317,2025-10-09,CUST10252,West,Website,Home & Kitchen,Cookware Set,2,1308.06,0.15,2223.7,Credit Card,Completed,2025-10
ORD102318,2025-07-20,CUST10411,South,Mobile App,Electronics,Smartphone,3,3881.18,0.2,9314.83,UPI,Completed,2025-07
ORD102319,2025-01-03,CUST10550,South,Website,Electronics,Monitor,3,51271.19,0.25,115360.18,Debit Card,Completed,2025-01
ORD102320,2025-12-24,CUST10885,West,Website,Furniture,Study Table,1,9838.68,0.15,8362.88,UPI,Completed,2025-12
ORD102321,2025-01-09,CUST10663,East,Website,Home & Kitchen,Coffee Maker,4,5417.45,0.15,18419.33,Debit Card,Completed,2025-01
ORD102322,2025-10-14,CUST10056,South,Website,Beauty,Perfume,3,359.18,0.05,1023.66,Debit Card,Completed,2025-10
ORD102323,2025-08-21,CUST10578,South,Website,Furniture,Study Table,1,16119.6,0.05,0.0,UPI,Cancelled,2025-08
ORD102324,2025-12-15,CUST10755,East,Website,Furniture,Office Chair,2,9216.55,0.15,15668.13,Debit Card,Completed,2025-12
ORD102325,2025-07-27,CUST10773,South,Marketplace,Electronics,Laptop,1,28272.85,0.0,28272.85,Debit Card,Completed,2025-07
ORD102326,2025-05-13,CUST10841,East,Mobile App,Electronics,Smartphone,1,3430.6,0.05,3259.07,Credit Card,Completed,2025-05
ORD102327,2025-03-05,CUST10763,West,Website,Home & Kitchen,Cookware Set,1,2173.28,0.1,0.0,Debit Card,Cancelled,2025-03
ORD102328,2025-11-03,CUST10169,South,Website,Fashion,Jacket,4,500.12,0.2,1600.38,UPI,Completed,2025-11
ORD102329,2025-09-13,CUST10166,East,Website,Electronics,Smartwatch,2,13877.39,0.15,23591.56,UPI,Completed,2025-09
ORD102330,2025-11-26,CUST10656,North,Mobile App,Fashion,Sneakers,1,1210.12,0.25,907.59,Credit Card,Completed,2025-11
ORD102331,2025-02-02,CUST10631,North,Website,Electronics,Headphones,3,58566.72,0.2,140560.13,Debit Card,Completed,2025-02
ORD102332,2025-08-25,CUST10663,West,Website,Electronics,Smartphone,5,2052.7,0.1,9237.15,UPI,Completed,2025-08
ORD102333,2025-08-26,CUST10844,East,Website,Home & Kitchen,Mixer Grinder,3,14509.87,0.1,39176.65,Net Banking,Completed,2025-08
ORD102334,2025-09-29,CUST10196,South,Marketplace,Home & Kitchen,Vacuum Cleaner,2,15557.34,0.1,28003.21,Cash on Delivery,Completed,2025-09
ORD102335,2025-08-20,CUST10646,West,Mobile App,Home & Kitchen,Coffee Maker,1,11030.69,0.05,10479.16,Net Banking,Completed,2025-08
ORD102336,2025-08-04,CUST10498,West,Marketplace,Fashion,Sneakers,1,1709.49,0.2,0.0,Debit Card,Returned,2025-08
ORD102337,2025-11-10,CUST10441,West,Website,Beauty,Face Wash,2,802.63,0.15,1364.47,Cash on Delivery,Completed,2025-11
ORD102338,2025-05-23,CUST10673,North,Mobile App,Home & Kitchen,Mixer Grinder,2,1112.16,0.15,1890.67,Cash on Delivery,Completed,2025-05
ORD102339,2025-04-21,CUST10029,South,Website,Home & Kitchen,Mixer Grinder,1,5731.72,0.05,5445.13,Credit Card,Completed,2025-04
ORD102340,2025-03-25,CUST10552,West,Marketplace,Furniture,Sofa,2,21343.3,0.15,36283.61,UPI,Completed,2025-03
ORD102341,2025-01-22,CUST10262,South,Website,Fashion,T-Shirt,1,1884.66,0.25,1413.5,Cash on Delivery,Completed,2025-01
ORD102342,2025-12-25,CUST10005,Central,Website,Home & Kitchen,Air Fryer,1,1529.2,0.2,1223.36,Credit Card,Completed,2025-12
ORD102343,2025-10-27,CUST10033,Central,Website,Electronics,Headphones,1,42689.15,0.2,34151.32,Cash on Delivery,Completed,2025-10
ORD102344,2025-03-05,CUST10068,East,Mobile App,Electronics,Laptop,2,65133.04,0.25,97699.56,UPI,Completed,2025-03
ORD102345,2025-02-03,CUST10121,West,Marketplace,Electronics,Smartwatch,1,4289.21,0.1,0.0,UPI,Returned,2025-02
ORD102346,2025-05-18,CUST10512,North,Website,Fashion,Sneakers,2,2743.47,0.0,5486.94,Credit Card,Completed,2025-05
ORD102347,2025-11-26,CUST10745,East,Mobile App,Beauty,Sunscreen,2,4338.57,0.0,8677.14,Cash on Delivery,Completed,2025-11
ORD102348,2025-01-26,CUST10668,West,Mobile App,Electronics,Laptop,5,61681.62,0.05,292987.7,Credit Card,Completed,2025-01
ORD102349,2025-09-01,CUST10004,West,Website,Furniture,Study Table,3,26424.75,0.15,67383.11,Cash on Delivery,Completed,2025-09
ORD102350,2025-09-19,CUST10461,West,Website,Home & Kitchen,Cookware Set,1,1246.6,0.1,1121.94,UPI,Completed,2025-09
ORD102351,2025-07-08,CUST10578,South,Mobile App,Furniture,Bedside Table,2,6552.06,0.1,11793.71,UPI,Completed,2025-07
ORD102352,2025-12-15,CUST10811,North,Marketplace,Fashion,Jeans,2,4519.35,0.15,7682.9,Net Banking,Completed,2025-12
ORD102353,2025-09-28,CUST10897,North,Website,Home & Kitchen,Air Fryer,1,5548.35,0.15,4716.1,UPI,Completed,2025-09
ORD102354,2025-03-13,CUST10407,South,Marketplace,Electronics,Smartphone,2,990.13,0.05,1881.25,Debit Card,Completed,2025-03
ORD102355,2025-05-26,CUST10644,East,Marketplace,Home & Kitchen,Mixer Grinder,1,741.26,0.2,593.01,Net Banking,Completed,2025-05
ORD102356,2025-04-25,CUST10616,North,Mobile App,Home & Kitchen,Vacuum Cleaner,1,3588.95,0.15,3050.61,Debit Card,Completed,2025-04
ORD102357,2025-09-21,CUST10416,South,Website,Fashion,T-Shirt,1,4954.54,0.0,0.0,Credit Card,Returned,2025-09
ORD102358,2025-12-29,CUST10807,South,Mobile App,Electronics,Headphones,1,1679.86,0.15,1427.88,Net Banking,Completed,2025-12
ORD102359,2025-08-24,CUST10739,North,Marketplace,Home & Kitchen,Air Fryer,3,16629.91,0.15,0.0,Credit Card,Returned,2025-08
ORD102360,2025-07-10,CUST10640,North,Website,Beauty,Face Wash,1,1618.0,0.1,1456.2,Credit Card,Completed,2025-07
ORD102361,2025-06-14,CUST10039,South,Marketplace,Home & Kitchen,Vacuum Cleaner,1,1149.64,0.25,862.23,Debit Card,Completed,2025-06
ORD102362,2025-07-16,CUST10332,North,Website,Fashion,Jeans,2,2802.38,0.05,0.0,UPI,Returned,2025-07
ORD102363,2025-07-23,CUST10873,North,Website,Fashion,Backpack,3,3398.75,0.1,9176.62,Debit Card,Completed,2025-07
ORD102364,2025-01-01,CUST10244,North,Marketplace,Electronics,Monitor,1,4310.66,0.0,0.0,Debit Card,Returned,2025-01
ORD102365,2025-04-25,CUST10840,West,Mobile App,Fashion,Sneakers,2,2851.85,0.0,0.0,UPI,Cancelled,2025-04
ORD102366,2025-11-26,CUST10323,South,Website,Home & Kitchen,Cookware Set,1,2356.49,0.0,2356.49,UPI,Completed,2025-11
ORD102367,2025-02-24,CUST10771,South,Marketplace,Beauty,Sunscreen,3,4275.56,0.05,12185.35,UPI,Completed,2025-02
ORD102368,2025-05-29,CUST10205,North,Website,Electronics,Smartphone,3,2797.36,0.15,7133.27,UPI,Completed,2025-05
ORD102369,2025-01-03,CUST10049,East,Mobile App,Fashion,Jeans,1,2032.91,0.2,1626.33,Debit Card,Completed,2025-01
ORD102370,2025-11-05,CUST10626,East,Mobile App,Fashion,Jacket,4,1568.69,0.1,5647.28,Credit Card,Completed,2025-11
ORD102371,2025-11-05,CUST10655,West,Website,Fashion,Backpack,1,4790.59,0.1,4311.53,Net Banking,Completed,2025-11
ORD102372,2025-01-14,CUST10537,West,Mobile App,Furniture,Office Chair,1,3045.1,0.1,2740.59,Net Banking,Completed,2025-01
ORD102373,2025-09-06,CUST10867,East,Website,Beauty,Moisturizer,4,1877.24,0.2,6007.17,UPI,Completed,2025-09
ORD102374,2025-05-05,CUST10770,North,Mobile App,Fashion,Jacket,4,558.45,0.2,1787.04,Cash on Delivery,Completed,2025-05
ORD102375,2025-06-24,CUST10615,South,Website,Beauty,Face Wash,2,1433.18,0.1,2579.72,UPI,Completed,2025-06
ORD102376,2025-08-10,CUST10526,North,Mobile App,Furniture,Office Chair,1,2733.2,0.2,2186.56,UPI,Completed,2025-08
ORD102377,2025-08-14,CUST10708,Central,Mobile App,Beauty,Perfume,2,3871.27,0.15,6581.16,Debit Card,Completed,2025-08
ORD102378,2025-09-07,CUST10460,West,Website,Beauty,Shampoo,2,2963.9,0.2,4742.24,Cash on Delivery,Completed,2025-09
ORD102379,2025-10-10,CUST10348,West,Marketplace,Fashion,Backpack,3,3884.94,0.05,11072.08,Net Banking,Completed,2025-10
ORD102380,2025-10-25,CUST10561,West,Mobile App,Electronics,Headphones,1,13665.18,0.1,0.0,UPI,Returned,2025-10
ORD102381,2025-11-12,CUST10474,West,Website,Electronics,Smartphone,2,22400.95,0.0,44801.9,Credit Card,Completed,2025-11
ORD102382,2025-01-26,CUST10348,North,Mobile App,Furniture,Sofa,4,4593.2,0.05,17454.16,UPI,Completed,2025-01
ORD102383,2025-02-14,CUST10676,South,Website,Fashion,T-Shirt,3,554.91,0.05,1581.49,Cash on Delivery,Completed,2025-02
ORD102384,2025-11-27,CUST10114,Central,Website,Fashion,Sneakers,1,1048.44,0.15,891.17,Net Banking,Completed,2025-11
ORD102385,2025-01-01,CUST10182,West,Website,Home & Kitchen,Mixer Grinder,1,1005.24,0.2,804.19,Debit Card,Completed,2025-01
ORD102386,2025-01-26,CUST10527,West,Website,Furniture,Sofa,1,21357.08,0.15,18153.52,UPI,Completed,2025-01
ORD102387,2025-05-26,CUST10741,East,Website,Home & Kitchen,Cookware Set,1,1583.5,0.05,0.0,Credit Card,Cancelled,2025-05
ORD102388,2025-05-24,CUST10092,North,Marketplace,Beauty,Sunscreen,2,4365.32,0.15,7421.04,UPI,Completed,2025-05
ORD102389,2025-03-18,CUST10220,Central,Website,Beauty,Sunscreen,1,1054.77,0.1,0.0,Credit Card,Cancelled,2025-03
ORD102390,2025-10-29,CUST10698,Central,Mobile App,Furniture,Office Chair,1,4023.25,0.2,3218.6,UPI,Completed,2025-10
ORD102391,2025-06-13,CUST10819,West,Website,Beauty,Perfume,3,2815.92,0.0,8447.76,UPI,Completed,2025-06
ORD102392,2025-08-28,CUST10544,South,Website,Furniture,Office Chair,2,2851.17,0.15,4846.99,UPI,Completed,2025-08
ORD102393,2025-05-20,CUST10714,Central,Website,Beauty,Shampoo,3,1539.97,0.25,3464.93,Net Banking,Completed,2025-05
ORD102394,2025-02-23,CUST10494,West,Mobile App,Electronics,Smartphone,1,1197.77,0.0,1197.77,Debit Card,Completed,2025-02
ORD102395,2025-12-21,CUST10254,West,Website,Electronics,Headphones,4,2040.2,0.05,7752.76,Debit Card,Completed,2025-12
ORD102396,2025-04-27,CUST10582,North,Marketplace,Electronics,Smartwatch,2,1579.1,0.05,3000.29,UPI,Completed,2025-04
ORD102397,2025-09-04,CUST10264,Central,Mobile App,Beauty,Shampoo,1,1599.5,0.15,1359.58,UPI,Completed,2025-09
ORD102398,2025-06-01,CUST10050,South,Marketplace,Beauty,Moisturizer,1,790.97,0.1,711.87,Cash on Delivery,Completed,2025-06
ORD102399,2025-10-28,CUST10127,East,Marketplace,Home & Kitchen,Vacuum Cleaner,1,16465.98,0.05,15642.68,Cash on Delivery,Completed,2025-10
ORD102400,2025-08-05,CUST10852,East,Website,Home & Kitchen,Mixer Grinder,1,13685.6,0.15,11632.76,Debit Card,Completed,2025-08
ORD102401,2025-09-04,CUST10354,North,Website,Home & Kitchen,Coffee Maker,4,1569.96,0.15,5337.86,UPI,Completed,2025-09
ORD102402,2025-01-22,CUST10223,South,Marketplace,Beauty,Shampoo,2,2574.26,0.05,4891.09,UPI,Completed,2025-01
ORD102403,2025-08-26,CUST10720,West,Mobile App,Beauty,Perfume,1,3469.53,0.15,0.0,Credit Card,Cancelled,2025-08
ORD102404,2025-09-06,CUST10515,East,Marketplace,Home & Kitchen,Cookware Set,1,753.37,0.2,602.7,Net Banking,Completed,2025-09
ORD102405,2025-06-13,CUST10492,North,Website,Electronics,Laptop,1,38015.87,0.1,34214.28,Credit Card,Completed,2025-06
ORD102406,2025-08-31,CUST10510,North,Website,Furniture,Study Table,2,26907.48,0.15,45742.72,Credit Card,Completed,2025-08
ORD102407,2025-11-11,CUST10699,East,Mobile App,Electronics,Smartphone,1,20395.46,0.15,17336.14,UPI,Completed,2025-11
ORD102408,2025-12-04,CUST10842,North,Mobile App,Beauty,Perfume,1,3846.67,0.2,3077.34,Cash on Delivery,Completed,2025-12
ORD102409,2025-12-15,CUST10589,South,Mobile App,Electronics,Laptop,1,1294.86,0.1,1165.37,UPI,Completed,2025-12
ORD102410,2025-01-11,CUST10014,Central,Website,Beauty,Perfume,2,423.63,0.15,720.17,UPI,Completed,2025-01
ORD102411,2025-12-10,CUST10230,West,Marketplace,Beauty,Face Wash,1,545.37,0.25,409.03,UPI,Completed,2025-12
ORD102412,2025-04-07,CUST10477,Central,Mobile App,Electronics,Headphones,1,7823.58,0.2,6258.86,UPI,Completed,2025-04
ORD102413,2025-03-12,CUST10010,East,Website,Beauty,Moisturizer,1,393.68,0.25,0.0,Net Banking,Returned,2025-03
ORD102414,2025-10-03,CUST10169,Central,Website,Fashion,Sneakers,1,1574.73,0.15,1338.52,UPI,Completed,2025-10
ORD102415,2025-01-02,CUST10351,Central,Mobile App,Furniture,Bookshelf,1,4688.04,0.1,4219.24,Debit Card,Completed,2025-01
ORD102416,2025-05-14,CUST10491,South,Mobile App,Furniture,Bookshelf,1,5415.03,0.2,4332.02,Credit Card,Completed,2025-05
ORD102417,2025-02-10,CUST10446,East,Mobile App,Beauty,Moisturizer,5,333.78,0.1,1502.01,UPI,Completed,2025-02
ORD102418,2025-03-21,CUST10185,North,Mobile App,Furniture,Bedside Table,2,12881.0,0.1,0.0,Credit Card,Returned,2025-03
ORD102419,2025-10-30,CUST10486,Central,Marketplace,Furniture,Sofa,2,10089.72,0.15,0.0,Credit Card,Cancelled,2025-10
ORD102420,2025-03-28,CUST10699,North,Mobile App,Furniture,Bookshelf,1,1950.77,0.1,1755.69,Net Banking,Completed,2025-03
ORD102421,2025-02-01,CUST10339,North,Mobile App,Fashion,Backpack,1,2947.48,0.05,2800.11,Credit Card,Completed,2025-02
ORD102422,2025-11-18,CUST10689,North,Website,Furniture,Bedside Table,1,9060.99,0.25,6795.74,UPI,Completed,2025-11
ORD102423,2025-07-30,CUST10828,South,Mobile App,Furniture,Bookshelf,2,28646.89,0.0,0.0,UPI,Cancelled,2025-07
ORD102424,2025-11-28,CUST10114,East,Mobile App,Furniture,Bookshelf,1,29740.37,0.15,25279.31,Debit Card,Completed,2025-11
ORD102425,2025-04-17,CUST10251,South,Website,Electronics,Smartwatch,4,43351.1,0.1,156063.96,UPI,Completed,2025-04
ORD102426,2025-03-26,CUST10027,East,Mobile App,Fashion,T-Shirt,1,497.27,0.25,372.95,UPI,Completed,2025-03
ORD102427,2025-12-13,CUST10306,East,Website,Furniture,Sofa,1,14107.61,0.05,13402.23,Cash on Delivery,Completed,2025-12
ORD102428,2025-10-28,CUST10256,East,Marketplace,Electronics,Smartwatch,2,9532.31,0.15,16204.93,Cash on Delivery,Completed,2025-10
ORD102429,2025-10-23,CUST10683,Unknown,Website,Furniture,Bookshelf,1,29397.85,0.15,24988.17,Credit Card,Completed,2025-10
ORD102430,2025-02-23,CUST10882,West,Website,Furniture,Bookshelf,2,4778.67,0.1,8601.61,Credit Card,Completed,2025-02
ORD102431,2025-03-30,CUST10830,West,Marketplace,Electronics,Monitor,1,4845.09,0.15,4118.33,Cash on Delivery,Completed,2025-03
ORD102432,2025-08-08,CUST10782,North,Mobile App,Beauty,Sunscreen,4,1721.79,0.15,5854.09,UPI,Completed,2025-08
ORD102433,2025-08-04,CUST10675,East,Mobile App,Electronics,Smartphone,1,62787.2,0.1,56508.48,Credit Card,Completed,2025-08
ORD102434,2025-11-13,CUST10147,Central,Website,Furniture,Bookshelf,3,12997.85,0.1,35094.2,Debit Card,Completed,2025-11
ORD102435,2025-05-31,CUST10842,West,Marketplace,Fashion,Backpack,2,2291.79,0.15,3896.04,Cash on Delivery,Completed,2025-05
ORD102436,2025-05-13,CUST10703,North,Marketplace,Fashion,Jeans,3,1349.04,0.1,3642.41,UPI,Completed,2025-05
ORD102437,2025-10-11,CUST10071,South,Mobile App,Furniture,Study Table,1,3949.63,0.1,3554.67,Cash on Delivery,Completed,2025-10
ORD102438,2025-05-05,CUST10754,East,Mobile App,Electronics,Laptop,1,70375.54,0.1,63337.99,UPI,Completed,2025-05
ORD102439,2025-04-15,CUST10748,West,Website,Furniture,Study Table,2,6694.43,0.15,11380.53,UPI,Completed,2025-04
ORD102440,2025-05-21,CUST10022,Central,Website,Furniture,Bookshelf,1,34804.17,0.05,33063.96,Credit Card,Completed,2025-05
ORD102441,2025-09-11,CUST10684,East,Marketplace,Beauty,Perfume,2,1538.07,0.1,0.0,Credit Card,Cancelled,2025-09
ORD102442,2025-04-12,CUST10216,South,Website,Furniture,Sofa,3,3783.29,0.2,9079.9,Credit Card,Completed,2025-04
ORD102443,2025-12-26,CUST10751,North,Website,Furniture,Bookshelf,1,3918.95,0.2,0.0,Net Banking,Cancelled,2025-12
ORD102444,2025-12-05,CUST10098,Central,Mobile App,Fashion,Backpack,1,3785.39,0.15,3217.58,Net Banking,Completed,2025-12
ORD102445,2025-12-29,CUST10423,East,Mobile App,Fashion,Jeans,1,6587.61,0.1,5928.85,Debit Card,Completed,2025-12
ORD102446,2025-02-09,CUST10229,Central,Mobile App,Furniture,Bedside Table,1,14886.19,0.05,14141.88,Credit Card,Completed,2025-02
ORD102447,2025-04-26,CUST10059,Central,Marketplace,Home & Kitchen,Mixer Grinder,1,17341.73,0.15,0.0,UPI,Returned,2025-04
ORD102448,2025-04-27,CUST10438,North,Mobile App,Electronics,Smartphone,1,3658.73,0.15,0.0,Cash on Delivery,Returned,2025-04
ORD102449,2025-10-19,CUST10832,West,Marketplace,Furniture,Sofa,1,14782.47,0.15,12565.1,UPI,Completed,2025-10
ORD102450,2025-11-05,CUST10696,West,Marketplace,Home & Kitchen,Mixer Grinder,4,2325.4,0.0,9301.6,Debit Card,Completed,2025-11
ORD102451,2025-06-30,CUST10072,West,Mobile App,Fashion,T-Shirt,3,6141.5,0.1,16582.05,UPI,Completed,2025-06
ORD102452,2025-08-26,CUST10385,East,Website,Home & Kitchen,Air Fryer,2,4997.73,0.05,9495.69,UPI,Completed,2025-08
ORD102453,2025-05-18,CUST10742,West,Mobile App,Beauty,Sunscreen,2,281.52,0.05,534.89,UPI,Completed,2025-05
ORD102454,2025-08-16,CUST10603,South,Mobile App,Electronics,Smartphone,1,1559.31,0.05,1481.34,Credit Card,Completed,2025-08
ORD102455,2025-01-06,CUST10249,Central,Website,Electronics,Headphones,2,2482.09,0.1,4467.76,Credit Card,Completed,2025-01
ORD102456,2025-09-17,CUST10075,Central,Mobile App,Beauty,Shampoo,1,624.17,0.15,530.54,Credit Card,Completed,2025-09
ORD102457,2025-08-30,CUST10291,South,Website,Furniture,Study Table,2,10537.63,0.05,20021.5,Debit Card,Completed,2025-08
ORD102458,2025-12-25,CUST10454,South,Mobile App,Beauty,Moisturizer,2,1635.5,0.0,3271.0,UPI,Completed,2025-12
ORD102459,2025-07-03,CUST10087,West,Website,Beauty,Moisturizer,3,3338.12,0.05,9513.64,Credit Card,Completed,2025-07
ORD102460,2025-03-11,CUST10532,West,Mobile App,Electronics,Laptop,1,4252.02,0.2,3401.62,Net Banking,Completed,2025-03
ORD102461,2025-03-10,CUST10371,East,Website,Fashion,T-Shirt,1,2427.6,0.2,1942.08,UPI,Completed,2025-03
ORD102462,2025-01-12,CUST10319,South,Website,Furniture,Sofa,3,20002.63,0.2,48006.31,Net Banking,Completed,2025-01
ORD102463,2025-08-27,CUST10152,Central,Mobile App,Beauty,Sunscreen,3,1448.71,0.2,3476.9,Debit Card,Completed,2025-08
ORD102464,2025-08-16,CUST10641,East,Mobile App,Beauty,Moisturizer,1,293.93,0.25,0.0,UPI,Cancelled,2025-08
ORD102465,2025-12-15,CUST10057,South,Marketplace,Electronics,Monitor,1,4071.94,0.2,3257.55,Credit Card,Completed,2025-12
ORD102466,2025-03-08,CUST10258,East,Website,Home & Kitchen,Coffee Maker,2,4922.69,0.1,8860.84,UPI,Completed,2025-03
ORD102467,2025-01-24,CUST10853,South,Mobile App,Furniture,Study Table,5,19115.05,0.0,95575.25,Debit Card,Completed,2025-01
ORD102468,2025-05-08,CUST10016,West,Marketplace,Furniture,Bookshelf,3,7999.57,0.1,21598.84,UPI,Completed,2025-05
ORD102469,2025-10-01,CUST10205,East,Website,Beauty,Moisturizer,3,385.69,0.2,925.66,Credit Card,Completed,2025-10
ORD102470,2025-02-27,CUST10429,Central,Mobile App,Fashion,Jeans,1,1126.25,0.15,957.31,Net Banking,Completed,2025-02
ORD102471,2025-10-16,CUST10667,South,Website,Fashion,T-Shirt,2,3466.34,0.15,0.0,Cash on Delivery,Cancelled,2025-10
ORD102472,2025-01-31,CUST10362,South,Marketplace,Beauty,Moisturizer,1,3201.99,0.1,2881.79,Debit Card,Completed,2025-01
ORD102473,2025-09-02,CUST10900,North,Mobile App,Electronics,Smartwatch,1,24807.63,0.1,22326.87,UPI,Completed,2025-09
ORD102474,2025-09-12,CUST10141,Central,Marketplace,Fashion,Jacket,3,2568.42,0.0,7705.26,Credit Card,Completed,2025-09
ORD102475,2025-10-02,CUST10178,South,Mobile App,Home & Kitchen,Vacuum Cleaner,3,1211.38,0.15,3089.02,UPI,Completed,2025-10
ORD102476,2025-08-30,CUST10359,East,Website,Furniture,Study Table,2,3506.23,0.2,5609.97,Credit Card,Completed,2025-08
ORD102477,2025-01-21,CUST10323,West,Website,Furniture,Bookshelf,1,28480.01,0.1,25632.01,UPI,Completed,2025-01
ORD102478,2025-11-27,CUST10350,South,Mobile App,Furniture,Bedside Table,1,3152.27,0.15,0.0,Credit Card,Cancelled,2025-11
ORD102479,2025-01-24,CUST10768,West,Website,Electronics,Smartphone,1,1494.52,0.15,1270.34,Credit Card,Completed,2025-01
ORD102480,2025-12-11,CUST10686,West,Website,Furniture,Office Chair,2,5033.23,0.1,9059.81,Net Banking,Completed,2025-12
ORD102481,2025-12-26,CUST10393,Central,Marketplace,Beauty,Perfume,2,1388.19,0.0,0.0,UPI,Returned,2025-12
ORD102482,2025-04-10,CUST10695,Central,Mobile App,Furniture,Study Table,1,3218.7,0.05,3057.76,Credit Card,Completed,2025-04
ORD102483,2025-01-11,CUST10870,South,Mobile App,Fashion,Jacket,1,2154.11,0.1,1938.7,Debit Card,Completed,2025-01
ORD102484,2025-08-21,CUST10671,North,Mobile App,Furniture,Sofa,1,17671.12,0.0,17671.12,Debit Card,Completed,2025-08
ORD102485,2025-07-13,CUST10429,Central,Marketplace,Furniture,Office Chair,2,6427.55,0.1,12855.1,UPI,Completed,2025-07
ORD102486,2025-05-05,CUST10368,South,Mobile App,Furniture,Office Chair,2,2805.79,0.2,4489.26,UPI,Completed,2025-05
ORD102487,2025-12-20,CUST10399,Central,Marketplace,Electronics,Laptop,3,1338.69,0.0,4016.07,UPI,Completed,2025-12
ORD102488,2025-09-14,CUST10238,North,Mobile App,Fashion,T-Shirt,3,778.09,0.1,2100.84,Cash on Delivery,Completed,2025-09
ORD102489,2025-04-07,CUST10831,Central,Website,Furniture,Study Table,1,6759.12,0.0,6759.12,Credit Card,Completed,2025-04
ORD102490,2025-01-13,CUST10633,South,Marketplace,Furniture,Office Chair,2,6498.95,0.2,10398.32,UPI,Completed,2025-01
ORD102491,2025-11-20,CUST10045,Central,Website,Furniture,Sofa,1,20218.16,0.15,17185.44,Net Banking,Completed,2025-11
ORD102492,2025-05-27,CUST10464,North,Mobile App,Fashion,Backpack,3,4598.82,0.1,12416.81,Debit Card,Completed,2025-05
ORD102493,2025-12-01,CUST10621,South,Mobile App,Beauty,Face Wash,1,522.22,0.2,417.78,Debit Card,Completed,2025-12
ORD102494,2025-12-27,CUST10628,North,Website,Fashion,T-Shirt,2,5754.62,0.1,10358.32,Net Banking,Completed,2025-12
ORD102495,2025-09-12,CUST10631,North,Mobile App,Furniture,Bookshelf,1,1975.88,0.15,1679.5,Credit Card,Completed,2025-09
ORD102496,2025-03-26,CUST10129,West,Mobile App,Home & Kitchen,Air Fryer,1,1738.63,0.05,0.0,UPI,Returned,2025-03
ORD102497,2025-10-26,CUST10071,East,Website,Furniture,Sofa,1,2628.48,0.05,2497.06,Credit Card,Completed,2025-10
ORD102498,2025-01-12,CUST10247,South,Mobile App,Furniture,Office Chair,2,6220.23,0.25,9330.34,Debit Card,Completed,2025-01
ORD102499,2025-08-02,CUST10175,South,Mobile App,Electronics,Smartphone,5,7987.3,0.05,37939.67,UPI,Completed,2025-08
ORD102500,2025-10-16,CUST10900,East,Marketplace,Home & Kitchen,Air Fryer,2,1032.01,0.0,0.0,UPI,Returned,2025-10
ORD102501,2025-03-07,CUST10302,East,Website,Beauty,Perfume,1,1096.3,0.1,986.67,Credit Card,Completed,2025-03
ORD102502,2025-09-09,CUST10194,Central,Website,Home & Kitchen,Coffee Maker,4,10723.25,0.1,38603.7,Debit Card,Completed,2025-09
ORD102503,2025-11-04,CUST10078,South,Mobile App,Furniture,Study Table,2,7700.12,0.25,11550.18,Net Banking,Completed,2025-11
ORD102504,2025-07-12,CUST10212,North,Mobile App,Fashion,Backpack,1,1894.3,0.2,1515.44,UPI,Completed,2025-07
ORD102505,2025-01-03,CUST10051,East,Mobile App,Furniture,Office Chair,1,15066.32,0.1,13559.69,UPI,Completed,2025-01
ORD102506,2025-04-07,CUST10319,East,Marketplace,Furniture,Office Chair,1,21271.59,0.05,0.0,UPI,Returned,2025-04
ORD102507,2025-04-29,CUST10819,West,Marketplace,Beauty,Face Wash,3,2169.57,0.1,5857.84,Credit Card,Completed,2025-04
ORD102508,2025-10-12,CUST10765,Central,Mobile App,Fashion,T-Shirt,2,680.93,0.1,1225.67,UPI,Completed,2025-10
ORD102509,2025-08-10,CUST10705,East,Website,Beauty,Moisturizer,1,4689.61,0.2,0.0,UPI,Cancelled,2025-08
ORD102510,2025-02-16,CUST10296,East,Mobile App,Beauty,Shampoo,1,3189.36,0.05,3029.89,Net Banking,Completed,2025-02
ORD102511,2025-07-17,CUST10759,South,Mobile App,Furniture,Office Chair,1,3460.8,0.0,3460.8,Cash on Delivery,Completed,2025-07
ORD102512,2025-12-07,CUST10136,East,Website,Fashion,T-Shirt,3,2928.16,0.0,8784.48,Credit Card,Completed,2025-12
ORD102513,2025-03-01,CUST10727,West,Mobile App,Beauty,Shampoo,3,678.86,0.1,1832.92,UPI,Completed,2025-03
ORD102514,2025-07-29,CUST10041,East,Mobile App,Beauty,Sunscreen,1,842.13,0.15,0.0,Net Banking,Returned,2025-07
ORD102515,2025-02-26,CUST10407,Central,Mobile App,Beauty,Sunscreen,1,438.03,0.1,394.23,UPI,Completed,2025-02
ORD102516,2025-03-17,CUST10317,West,Marketplace,Beauty,Face Wash,1,2499.47,0.05,2374.5,Credit Card,Completed,2025-03
ORD102517,2025-05-20,CUST10168,North,Website,Furniture,Bookshelf,1,9657.53,0.1,8691.78,Net Banking,Completed,2025-05
ORD102518,2025-03-12,CUST10200,North,Website,Furniture,Bookshelf,4,6040.46,0.1,0.0,UPI,Returned,2025-03
ORD102519,2025-10-12,CUST10694,East,Marketplace,Fashion,Sneakers,2,3810.85,0.1,0.0,UPI,Returned,2025-10
ORD102520,2025-04-19,CUST10333,East,Website,Beauty,Sunscreen,1,1408.54,0.0,1408.54,Net Banking,Completed,2025-04
ORD102521,2025-12-17,CUST10085,West,Marketplace,Beauty,Shampoo,1,808.68,0.2,646.94,Credit Card,Completed,2025-12
ORD102522,2025-03-03,CUST10156,South,Mobile App,Electronics,Smartwatch,2,1006.66,0.15,1711.32,Credit Card,Completed,2025-03
ORD102523,2025-11-12,CUST10142,East,Mobile App,Fashion,T-Shirt,1,530.92,0.15,451.28,UPI,Completed,2025-11
ORD102524,2025-12-06,CUST10113,West,Mobile App,Beauty,Perfume,2,329.69,0.0,659.38,Cash on Delivery,Completed,2025-12
ORD102525,2025-05-12,CUST10832,North,Website,Furniture,Bookshelf,3,23599.96,0.0,70799.88,Net Banking,Completed,2025-05
ORD102526,2025-02-27,CUST10595,Central,Website,Fashion,Jeans,1,3395.91,0.05,0.0,UPI,Returned,2025-02
ORD102527,2025-02-03,CUST10617,West,Website,Beauty,Shampoo,2,1652.75,0.15,2809.67,Debit Card,Completed,2025-02
ORD102528,2025-06-11,CUST10495,Central,Website,Electronics,Monitor,4,51037.76,0.05,193943.49,UPI,Completed,2025-06
ORD102529,2025-08-08,CUST10304,West,Mobile App,Beauty,Perfume,1,1981.97,0.15,1684.67,Debit Card,Completed,2025-08
ORD102530,2025-02-09,CUST10633,South,Mobile App,Electronics,Headphones,3,63380.92,0.1,0.0,UPI,Cancelled,2025-02
ORD102531,2025-04-06,CUST10504,East,Mobile App,Fashion,T-Shirt,1,5049.16,0.2,0.0,Net Banking,Cancelled,2025-04
ORD102532,2025-10-07,CUST10032,Central,Mobile App,Furniture,Study Table,1,21927.75,0.15,18638.59,UPI,Completed,2025-10
ORD102533,2025-12-30,CUST10225,East,Website,Beauty,Moisturizer,1,681.09,0.1,612.98,UPI,Completed,2025-12
ORD102534,2025-05-13,CUST10550,West,Website,Electronics,Laptop,1,2140.1,0.0,0.0,Credit Card,Cancelled,2025-05
ORD102535,2025-07-27,CUST10355,East,Website,Electronics,Smartphone,4,1604.03,0.05,6095.31,UPI,Completed,2025-07
ORD102536,2025-04-07,CUST10189,North,Mobile App,Electronics,Smartwatch,1,34309.95,0.0,34309.95,UPI,Completed,2025-04
ORD102537,2025-09-27,CUST10553,East,Mobile App,Beauty,Face Wash,3,1373.8,0.1,3709.26,UPI,Completed,2025-09
ORD102538,2025-09-06,CUST10126,West,Website,Home & Kitchen,Mixer Grinder,2,5372.88,0.0,10745.76,UPI,Completed,2025-09
ORD102539,2025-10-24,CUST10898,South,Website,Electronics,Smartwatch,2,1245.33,0.2,1992.53,Debit Card,Completed,2025-10
ORD102540,2025-05-14,CUST10466,South,Website,Furniture,Office Chair,1,5023.98,0.15,4270.38,UPI,Completed,2025-05
ORD102541,2025-07-28,CUST10797,South,Website,Electronics,Smartphone,1,6283.17,0.2,5026.54,Net Banking,Completed,2025-07
ORD102542,2025-08-31,CUST10039,South,Mobile App,Beauty,Perfume,1,1260.36,0.05,1197.34,Credit Card,Completed,2025-08
ORD102543,2025-04-14,CUST10019,South,Mobile App,Fashion,Jacket,3,607.59,0.0,0.0,Debit Card,Cancelled,2025-04
ORD102544,2025-07-19,CUST10429,South,Website,Beauty,Perfume,2,355.07,0.0,710.14,Net Banking,Completed,2025-07
ORD102545,2025-10-12,CUST10542,South,Website,Home & Kitchen,Coffee Maker,2,12425.64,0.1,22366.15,Credit Card,Completed,2025-10
ORD102546,2025-01-03,CUST10438,East,Mobile App,Home & Kitchen,Coffee Maker,2,10944.98,0.0,21889.96,Credit Card,Completed,2025-01
ORD102547,2025-11-15,CUST10712,South,Website,Furniture,Bedside Table,1,4092.96,0.05,3888.31,Net Banking,Completed,2025-11
ORD102548,2025-05-10,CUST10623,West,Mobile App,Fashion,T-Shirt,2,2256.13,0.05,4286.65,Cash on Delivery,Completed,2025-05
ORD102549,2025-07-30,CUST10649,North,Mobile App,Furniture,Bookshelf,1,3479.8,0.05,3305.81,Debit Card,Completed,2025-07
ORD102550,2025-01-09,CUST10259,West,Website,Beauty,Moisturizer,2,573.88,0.2,918.21,Credit Card,Completed,2025-01
ORD102551,2025-11-08,CUST10098,Central,Mobile App,Furniture,Sofa,4,7267.69,0.05,27617.22,UPI,Completed,2025-11
ORD102552,2025-03-10,CUST10369,West,Mobile App,Beauty,Face Wash,1,498.76,0.15,423.95,UPI,Completed,2025-03
ORD102553,2025-02-28,CUST10686,East,Mobile App,Electronics,Headphones,1,19266.77,0.2,15413.42,Credit Card,Completed,2025-02
ORD102554,2025-07-29,CUST10197,West,Marketplace,Beauty,Face Wash,1,2518.03,0.1,2266.23,UPI,Completed,2025-07
ORD102555,2025-05-27,CUST10412,East,Marketplace,Electronics,Smartwatch,1,63494.85,0.05,60320.11,UPI,Completed,2025-05
ORD102556,2025-04-14,CUST10527,Central,Mobile App,Beauty,Moisturizer,2,3022.73,0.2,4836.37,UPI,Completed,2025-04
ORD102557,2025-11-13,CUST10556,North,Website,Beauty,Moisturizer,4,897.12,0.15,3050.21,Credit Card,Completed,2025-11
ORD102558,2025-07-19,CUST10857,South,Marketplace,Fashion,Backpack,3,2423.88,0.1,0.0,UPI,Cancelled,2025-07
ORD102559,2025-06-30,CUST10804,North,Mobile App,Beauty,Shampoo,3,1069.08,0.1,2886.52,Cash on Delivery,Completed,2025-06
ORD102560,2025-03-04,CUST10402,Central,Website,Home & Kitchen,Vacuum Cleaner,3,2605.13,0.1,7033.85,Credit Card,Completed,2025-03
ORD102561,2025-12-24,CUST10515,Central,Website,Beauty,Face Wash,1,907.52,0.0,907.52,UPI,Completed,2025-12
ORD102562,2025-07-23,CUST10806,West,Mobile App,Furniture,Study Table,1,8594.4,0.15,7305.24,UPI,Completed,2025-07
ORD102563,2025-11-02,CUST10192,South,Marketplace,Beauty,Moisturizer,2,1094.83,0.15,0.0,Cash on Delivery,Returned,2025-11
ORD102564,2025-03-26,CUST10093,North,Marketplace,Furniture,Office Chair,1,4701.21,0.1,4231.09,UPI,Completed,2025-03
ORD102565,2025-10-12,CUST10141,North,Mobile App,Home & Kitchen,Cookware Set,2,4121.38,0.1,7418.48,Credit Card,Completed,2025-10
ORD102566,2025-11-01,CUST10022,West,Mobile App,Electronics,Smartphone,3,2201.51,0.2,5283.62,UPI,Completed,2025-11
ORD102567,2025-12-28,CUST10030,East,Website,Electronics,Smartwatch,1,2121.03,0.0,2121.03,UPI,Completed,2025-12
ORD102568,2025-08-25,CUST10470,South,Website,Fashion,Sneakers,2,852.24,0.1,1534.03,Cash on Delivery,Completed,2025-08
ORD102569,2025-07-28,CUST10772,East,Marketplace,Furniture,Sofa,5,9227.32,0.15,39216.11,UPI,Completed,2025-07
ORD102570,2025-03-24,CUST10512,North,Website,Fashion,Jacket,1,5339.09,0.15,4538.23,Debit Card,Completed,2025-03
ORD102571,2025-06-05,CUST10219,West,Marketplace,Home & Kitchen,Coffee Maker,1,15444.16,0.15,13127.54,Credit Card,Completed,2025-06
ORD102572,2025-08-25,CUST10026,North,Mobile App,Home & Kitchen,Vacuum Cleaner,3,8119.89,0.1,21923.7,Credit Card,Completed,2025-08
ORD102573,2025-10-19,CUST10842,South,Mobile App,Electronics,Headphones,4,18724.25,0.05,71152.15,Credit Card,Completed,2025-10
ORD102574,2025-07-08,CUST10824,West,Website,Fashion,Jacket,3,1080.33,0.05,0.0,UPI,Cancelled,2025-07
ORD102575,2025-08-15,CUST10415,West,Website,Furniture,Sofa,2,2042.1,0.25,3063.15,Net Banking,Completed,2025-08
ORD102576,2025-01-30,CUST10274,Central,Marketplace,Home & Kitchen,Air Fryer,1,1282.12,0.15,0.0,Net Banking,Cancelled,2025-01
ORD102577,2025-03-20,CUST10415,North,Mobile App,Home & Kitchen,Cookware Set,1,5645.96,0.15,4799.07,UPI,Completed,2025-03
ORD102578,2025-08-10,CUST10033,North,Website,Beauty,Shampoo,2,555.79,0.25,833.68,UPI,Completed,2025-08
ORD102579,2025-04-09,CUST10730,Central,Mobile App,Beauty,Perfume,1,488.98,0.1,440.08,Credit Card,Completed,2025-04
ORD102580,2025-08-04,CUST10581,East,Mobile App,Home & Kitchen,Cookware Set,1,9575.99,0.0,9575.99,Debit Card,Completed,2025-08
ORD102581,2025-01-05,CUST10500,East,Mobile App,Furniture,Bedside Table,2,3200.51,0.2,0.0,UPI,Returned,2025-01
ORD102582,2025-06-08,CUST10758,South,Mobile App,Furniture,Sofa,1,29289.72,0.05,27825.23,Credit Card,Completed,2025-06
ORD102583,2025-07-19,CUST10529,East,Website,Electronics,Smartwatch,1,59617.76,0.05,56636.87,UPI,Completed,2025-07
ORD102584,2025-06-28,CUST10776,North,Mobile App,Furniture,Bedside Table,1,3066.41,0.1,2759.77,Debit Card,Completed,2025-06
ORD102585,2025-05-04,CUST10180,West,Mobile App,Home & Kitchen,Cookware Set,1,761.03,0.05,722.98,Credit Card,Completed,2025-05
ORD102586,2025-10-02,CUST10073,Central,Mobile App,Home & Kitchen,Cookware Set,1,763.15,0.05,724.99,Credit Card,Completed,2025-10
ORD102587,2025-01-29,CUST10054,North,Mobile App,Fashion,Backpack,4,1189.57,0.1,4282.45,Credit Card,Completed,2025-01
ORD102588,2025-09-23,CUST10641,South,Mobile App,Furniture,Bookshelf,1,1951.98,0.15,1659.18,Debit Card,Completed,2025-09
ORD102589,2025-09-02,CUST10847,South,Marketplace,Beauty,Perfume,1,1665.06,0.05,1581.81,UPI,Completed,2025-09
ORD102590,2025-05-20,CUST10092,North,Website,Furniture,Bookshelf,1,1947.97,0.0,0.0,Net Banking,Cancelled,2025-05
ORD102591,2025-12-16,CUST10577,North,Website,Fashion,Backpack,3,1860.73,0.15,4744.86,Debit Card,Completed,2025-12
ORD102592,2025-02-17,CUST10785,South,Website,Beauty,Moisturizer,2,3640.88,0.1,0.0,UPI,Cancelled,2025-02
ORD102593,2025-05-24,CUST10293,South,Website,Home & Kitchen,Air Fryer,1,2072.83,0.05,1969.19,Net Banking,Completed,2025-05
ORD102594,2025-03-06,CUST10827,West,Website,Beauty,Perfume,1,3981.68,0.0,0.0,UPI,Returned,2025-03
ORD102595,2025-10-24,CUST10641,West,Website,Beauty,Moisturizer,1,430.75,0.15,366.14,Debit Card,Completed,2025-10
ORD102596,2025-06-15,CUST10888,West,Website,Beauty,Shampoo,1,356.88,0.15,303.35,Credit Card,Completed,2025-06
ORD102597,2025-09-21,CUST10424,West,Mobile App,Beauty,Perfume,3,2175.81,0.05,6201.06,Cash on Delivery,Completed,2025-09
ORD102598,2025-10-26,CUST10011,South,Mobile App,Home & Kitchen,Coffee Maker,1,1337.32,0.2,1069.86,Debit Card,Completed,2025-10
ORD102599,2025-12-11,CUST10739,South,Mobile App,Fashion,Sneakers,1,6518.28,0.2,5214.62,UPI,Completed,2025-12
ORD102600,2025-04-22,CUST10821,North,Marketplace,Beauty,Face Wash,1,2892.16,0.1,2602.94,UPI,Completed,2025-04
ORD102601,2025-10-19,CUST10710,South,Mobile App,Beauty,Shampoo,1,1878.55,0.05,1784.62,Credit Card,Completed,2025-10
ORD102602,2025-08-12,CUST10371,West,Mobile App,Beauty,Perfume,3,3317.46,0.0,9952.38,UPI,Completed,2025-08
ORD102603,2025-03-11,CUST10075,South,Mobile App,Electronics,Smartphone,4,5843.39,0.1,21036.2,Net Banking,Completed,2025-03
ORD102604,2025-12-11,CUST10596,North,Marketplace,Electronics,Monitor,3,3669.53,0.1,9907.73,Credit Card,Completed,2025-12
ORD102605,2025-12-08,CUST10217,Central,Website,Electronics,Laptop,1,9601.19,0.15,8161.01,Net Banking,Completed,2025-12
ORD102606,2025-10-14,CUST10033,South,Marketplace,Beauty,Moisturizer,1,251.11,0.05,238.55,Debit Card,Completed,2025-10
ORD102607,2025-09-04,CUST10131,East,Website,Electronics,Headphones,1,3525.27,0.15,0.0,UPI,Cancelled,2025-09
ORD102608,2025-03-31,CUST10394,South,Marketplace,Beauty,Sunscreen,4,271.75,0.0,1087.0,UPI,Completed,2025-03
ORD102609,2025-10-21,CUST10125,North,Mobile App,Electronics,Smartwatch,2,22984.03,0.05,0.0,Unknown,Cancelled,2025-10
ORD102610,2025-03-15,CUST10584,South,Mobile App,Electronics,Smartphone,2,18116.73,0.05,34421.79,Debit Card,Completed,2025-03
ORD102611,2025-01-28,CUST10001,Central,Mobile App,Electronics,Monitor,1,33472.96,0.2,0.0,Credit Card,Cancelled,2025-01
ORD102612,2025-02-09,CUST10796,East,Website,Electronics,Smartwatch,1,19534.27,0.0,19534.27,Net Banking,Completed,2025-02
ORD102613,2025-03-25,CUST10759,North,Mobile App,Fashion,Sneakers,2,3721.42,0.1,6698.56,Credit Card,Completed,2025-03
ORD102614,2025-07-25,CUST10795,South,Mobile App,Home & Kitchen,Vacuum Cleaner,1,1782.0,0.05,1692.9,Credit Card,Completed,2025-07
ORD102615,2025-09-19,CUST10022,Central,Mobile App,Furniture,Study Table,3,11270.57,0.1,30430.54,UPI,Completed,2025-09
ORD102616,2025-01-07,CUST10538,North,Mobile App,Fashion,Jeans,1,2334.04,0.05,2217.34,Unknown,Completed,2025-01
ORD102617,2025-10-24,CUST10231,North,Website,Beauty,Perfume,2,1401.51,0.2,2242.42,Cash on Delivery,Completed,2025-10
ORD102618,2025-12-02,CUST10849,East,Marketplace,Beauty,Face Wash,1,282.77,0.0,282.77,UPI,Completed,2025-12
ORD102619,2025-12-21,CUST10684,West,Mobile App,Beauty,Shampoo,2,542.1,0.1,975.78,Cash on Delivery,Completed,2025-12
ORD102620,2025-11-02,CUST10071,South,Website,Electronics,Monitor,1,51816.5,0.1,46634.85,Credit Card,Completed,2025-11
ORD102621,2025-01-24,CUST10884,West,Marketplace,Home & Kitchen,Air Fryer,2,2259.0,0.1,4066.2,UPI,Completed,2025-01
ORD102622,2025-08-15,CUST10056,North,Marketplace,Electronics,Smartphone,2,2175.34,0.1,3915.61,Credit Card,Completed,2025-08
ORD102623,2025-06-28,CUST10744,West,Website,Fashion,Jacket,3,516.99,0.0,1550.97,Debit Card,Completed,2025-06
ORD102624,2025-08-15,CUST10337,South,Website,Fashion,Backpack,4,2584.63,0.15,0.0,Cash on Delivery,Cancelled,2025-08
ORD102625,2025-08-24,CUST10710,South,Website,Fashion,Jeans,2,916.21,0.15,1557.56,Net Banking,Completed,2025-08
ORD102626,2025-10-01,CUST10325,West,Website,Home & Kitchen,Mixer Grinder,5,11663.73,0.2,46654.92,UPI,Completed,2025-10
ORD102627,2025-06-18,CUST10610,South,Mobile App,Electronics,Headphones,2,5566.68,0.1,10020.02,UPI,Completed,2025-06
ORD102628,2025-09-18,CUST10769,South,Website,Home & Kitchen,Air Fryer,1,10617.07,0.05,10086.22,Cash on Delivery,Completed,2025-09
ORD102629,2025-09-20,CUST10829,West,Mobile App,Home & Kitchen,Mixer Grinder,2,2110.16,0.2,3376.26,Credit Card,Completed,2025-09
ORD102630,2025-10-09,CUST10733,West,Website,Home & Kitchen,Coffee Maker,2,3678.1,0.2,5884.96,UPI,Completed,2025-10
ORD102631,2025-10-19,CUST10621,South,Mobile App,Furniture,Bookshelf,2,25094.72,0.0,50189.44,Credit Card,Completed,2025-10
ORD102632,2025-01-27,CUST10540,South,Website,Furniture,Study Table,1,22072.45,0.1,19865.21,UPI,Completed,2025-01
ORD102633,2025-05-26,CUST10231,South,Mobile App,Home & Kitchen,Vacuum Cleaner,1,3936.11,0.15,3345.69,Cash on Delivery,Completed,2025-05
ORD102634,2025-07-16,CUST10867,South,Marketplace,Beauty,Face Wash,1,2289.23,0.05,2174.77,UPI,Completed,2025-07
ORD102635,2025-10-22,CUST10518,South,Mobile App,Home & Kitchen,Air Fryer,2,5483.32,0.1,9869.98,UPI,Completed,2025-10
ORD102636,2025-12-30,CUST10564,West,Website,Fashion,Backpack,1,4143.47,0.2,3314.78,UPI,Completed,2025-12
ORD102637,2025-03-26,CUST10674,West,Website,Fashion,Jacket,1,2267.74,0.1,2040.97,Credit Card,Completed,2025-03
ORD102638,2025-01-21,CUST10342,West,Marketplace,Furniture,Sofa,3,10812.94,0.2,25951.06,UPI,Completed,2025-01
ORD102639,2025-11-08,CUST10807,West,Mobile App,Home & Kitchen,Coffee Maker,1,1075.83,0.0,1075.83,Debit Card,Completed,2025-11
ORD102640,2025-01-13,CUST10507,Central,Mobile App,Electronics,Smartphone,1,2423.35,0.05,2302.18,Net Banking,Completed,2025-01
ORD102641,2025-02-14,CUST10629,South,Website,Fashion,Jacket,1,577.57,0.2,462.06,Credit Card,Completed,2025-02
ORD102642,2025-11-21,CUST10086,North,Marketplace,Home & Kitchen,Mixer Grinder,2,3773.83,0.2,6038.13,UPI,Completed,2025-11
ORD102643,2025-10-17,CUST10727,North,Website,Electronics,Smartphone,1,3137.74,0.1,2823.97,UPI,Completed,2025-10
ORD102644,2025-12-20,CUST10684,South,Mobile App,Fashion,Sneakers,1,1637.26,0.2,1309.81,UPI,Completed,2025-12
ORD102645,2025-08-23,CUST10751,East,Website,Home & Kitchen,Air Fryer,2,7427.66,0.15,12627.02,Credit Card,Completed,2025-08
ORD102646,2025-10-17,CUST10643,West,Mobile App,Electronics,Laptop,3,6033.82,0.15,15386.24,Cash on Delivery,Completed,2025-10
ORD102647,2025-05-04,CUST10481,North,Website,Beauty,Face Wash,1,2405.17,0.1,2164.65,UPI,Completed,2025-05
ORD102648,2025-11-15,CUST10128,West,Mobile App,Fashion,Jacket,1,3872.29,0.1,3485.06,Cash on Delivery,Completed,2025-11
ORD102649,2025-08-18,CUST10423,South,Website,Home & Kitchen,Vacuum Cleaner,5,5650.66,0.05,26840.63,Credit Card,Completed,2025-08
ORD102650,2025-11-05,CUST10690,West,Mobile App,Fashion,T-Shirt,1,3611.09,0.15,3069.43,Credit Card,Completed,2025-11
ORD102651,2025-01-06,CUST10725,South,Mobile App,Home & Kitchen,Air Fryer,3,16993.65,0.05,48431.9,Debit Card,Completed,2025-01
ORD102652,2025-06-17,CUST10189,South,Website,Fashion,T-Shirt,1,458.64,0.2,366.91,UPI,Completed,2025-06
ORD102653,2025-10-04,CUST10543,East,Mobile App,Furniture,Bookshelf,1,11586.48,0.2,9269.18,Credit Card,Completed,2025-10
ORD102654,2025-03-11,CUST10792,West,Mobile App,Beauty,Sunscreen,1,1578.8,0.0,1578.8,UPI,Completed,2025-03
ORD102655,2025-03-28,CUST10861,South,Mobile App,Beauty,Sunscreen,1,718.89,0.15,611.06,Debit Card,Completed,2025-03
ORD102656,2025-05-05,CUST10696,West,Website,Furniture,Office Chair,1,23816.34,0.2,19053.07,Net Banking,Completed,2025-05
ORD102657,2025-01-08,CUST10474,West,Mobile App,Furniture,Office Chair,1,2287.02,0.1,2058.32,Debit Card,Completed,2025-01
ORD102658,2025-04-13,CUST10225,South,Website,Fashion,Jeans,4,1966.01,0.15,6684.43,Credit Card,Completed,2025-04
ORD102659,2025-08-17,CUST10372,East,Website,Fashion,Backpack,1,5526.52,0.1,4973.87,UPI,Completed,2025-08
ORD102660,2025-01-23,CUST10497,North,Mobile App,Fashion,T-Shirt,3,2995.45,0.1,8087.71,Net Banking,Completed,2025-01
ORD102661,2025-01-05,CUST10541,East,Website,Electronics,Laptop,1,2757.74,0.0,2757.74,Credit Card,Completed,2025-01
ORD102662,2025-03-01,CUST10871,South,Website,Furniture,Study Table,3,4271.59,0.1,11533.29,UPI,Completed,2025-03
ORD102663,2025-03-27,CUST10305,South,Website,Fashion,T-Shirt,3,1267.22,0.1,0.0,Net Banking,Returned,2025-03
ORD102664,2025-09-23,CUST10240,Central,Mobile App,Furniture,Bookshelf,1,2885.85,0.2,2308.68,Debit Card,Completed,2025-09
ORD102665,2025-09-04,CUST10487,West,Mobile App,Fashion,Jeans,1,1772.4,0.2,1417.92,Credit Card,Completed,2025-09
ORD102666,2025-06-01,CUST10729,West,Mobile App,Furniture,Sofa,3,8589.02,0.2,20613.65,Credit Card,Completed,2025-06
ORD102667,2025-08-03,CUST10298,South,Website,Home & Kitchen,Cookware Set,1,1864.63,0.1,1678.17,UPI,Completed,2025-08
ORD102668,2025-04-08,CUST10419,West,Mobile App,Furniture,Bedside Table,2,2729.71,0.1,4913.48,UPI,Completed,2025-04
ORD102669,2025-06-18,CUST10845,North,Mobile App,Furniture,Bedside Table,2,12869.45,0.0,25738.9,UPI,Completed,2025-06
ORD102670,2025-07-24,CUST10121,Unknown,Website,Furniture,Bookshelf,4,4591.18,0.1,16528.25,Credit Card,Completed,2025-07
ORD102671,2025-08-19,CUST10667,Central,Mobile App,Fashion,Sneakers,1,856.73,0.15,0.0,Debit Card,Returned,2025-08
ORD102672,2025-03-26,CUST10290,South,Mobile App,Electronics,Smartphone,2,6982.04,0.05,13265.88,UPI,Completed,2025-03
ORD102673,2025-05-20,CUST10639,North,Mobile App,Fashion,T-Shirt,2,788.72,0.2,1261.95,Cash on Delivery,Completed,2025-05
ORD102674,2025-02-01,CUST10163,North,Marketplace,Fashion,Jacket,1,6343.99,0.1,5709.59,Credit Card,Completed,2025-02
ORD102675,2025-01-01,CUST10007,South,Mobile App,Home & Kitchen,Cookware Set,4,8367.66,0.2,26776.51,UPI,Completed,2025-01
ORD102676,2025-05-21,CUST10267,East,Website,Furniture,Study Table,3,13562.46,0.1,36618.64,Credit Card,Completed,2025-05
ORD102677,2025-03-24,CUST10507,South,Marketplace,Home & Kitchen,Mixer Grinder,1,7983.49,0.2,6386.79,UPI,Completed,2025-03
ORD102678,2025-02-06,CUST10781,South,Mobile App,Furniture,Bookshelf,5,6991.59,0.15,29714.26,Net Banking,Completed,2025-02
ORD102679,2025-02-01,CUST10228,North,Mobile App,Beauty,Sunscreen,2,1579.36,0.05,3000.78,Debit Card,Completed,2025-02
ORD102680,2025-02-25,CUST10157,North,Marketplace,Electronics,Monitor,1,15093.36,0.1,13584.02,Credit Card,Completed,2025-02
ORD102681,2025-09-21,CUST10542,East,Marketplace,Fashion,Jeans,1,792.92,0.0,0.0,Credit Card,Returned,2025-09
ORD102682,2025-06-19,CUST10866,North,Website,Fashion,Jacket,2,1090.63,0.2,1745.01,Debit Card,Completed,2025-06
ORD102683,2025-05-08,CUST10839,Central,Website,Furniture,Bookshelf,3,13169.93,0.15,33583.32,UPI,Completed,2025-05
ORD102684,2025-09-21,CUST10119,East,Website,Beauty,Perfume,2,1092.0,0.1,1965.6,UPI,Completed,2025-09
ORD102685,2025-06-14,CUST10867,South,Mobile App,Home & Kitchen,Coffee Maker,1,3217.65,0.0,3217.65,UPI,Completed,2025-06
ORD102686,2025-12-24,CUST10337,North,Mobile App,Fashion,Jacket,1,5322.84,0.05,5056.7,Cash on Delivery,Completed,2025-12
ORD102687,2025-07-13,CUST10216,West,Mobile App,Furniture,Bookshelf,2,13499.26,0.15,22948.74,UPI,Completed,2025-07
ORD102688,2025-06-12,CUST10864,East,Website,Beauty,Face Wash,1,676.93,0.1,609.24,UPI,Completed,2025-06
ORD102689,2025-02-10,CUST10748,West,Website,Fashion,Jeans,4,4645.1,0.0,18580.4,Cash on Delivery,Completed,2025-02
ORD102690,2025-07-20,CUST10500,West,Mobile App,Furniture,Study Table,3,30033.91,0.1,0.0,UPI,Cancelled,2025-07
ORD102691,2025-10-25,CUST10305,West,Website,Electronics,Laptop,5,5993.43,0.1,0.0,Credit Card,Returned,2025-10
ORD102692,2025-12-18,CUST10392,South,Website,Home & Kitchen,Cookware Set,1,863.94,0.2,691.15,UPI,Completed,2025-12
ORD102693,2025-07-31,CUST10095,East,Mobile App,Furniture,Sofa,1,4529.29,0.0,4529.29,UPI,Completed,2025-07
ORD102694,2025-05-30,CUST10340,North,Website,Furniture,Bookshelf,3,6837.0,0.1,18459.9,Credit Card,Completed,2025-05
ORD102695,2025-05-25,CUST10269,South,Mobile App,Fashion,T-Shirt,1,5467.74,0.15,4647.58,Debit Card,Completed,2025-05
ORD102696,2025-11-02,CUST10553,North,Website,Beauty,Shampoo,4,485.12,0.15,1649.41,Credit Card,Completed,2025-11
ORD102697,2025-07-09,CUST10330,North,Mobile App,Home & Kitchen,Mixer Grinder,2,828.12,0.15,1407.8,UPI,Completed,2025-07
ORD102698,2025-07-16,CUST10434,South,Website,Furniture,Sofa,1,13813.57,0.0,13813.57,Debit Card,Completed,2025-07
ORD102699,2025-01-12,CUST10184,East,Mobile App,Fashion,Sneakers,1,2084.62,0.15,1771.93,UPI,Completed,2025-01
ORD102700,2025-10-14,CUST10572,West,Marketplace,Beauty,Face Wash,2,1486.86,0.15,2527.66,Net Banking,Completed,2025-10
ORD102701,2025-05-12,CUST10822,East,Website,Home & Kitchen,Vacuum Cleaner,1,2226.0,0.1,2003.4,UPI,Completed,2025-05
ORD102702,2025-04-20,CUST10116,North,Mobile App,Furniture,Bookshelf,1,12277.87,0.05,0.0,Credit Card,Cancelled,2025-04
ORD102703,2025-08-19,CUST10196,South,Website,Furniture,Bookshelf,4,13348.94,0.15,45386.4,Credit Card,Completed,2025-08
ORD102704,2025-03-21,CUST10469,Central,Website,Beauty,Shampoo,1,694.56,0.1,625.1,Credit Card,Completed,2025-03
ORD102705,2025-10-19,CUST10007,West,Website,Fashion,Jeans,3,1436.79,0.15,3663.81,Credit Card,Completed,2025-10
ORD102706,2025-07-20,CUST10332,South,Website,Electronics,Laptop,4,31739.15,0.1,114260.94,Credit Card,Completed,2025-07
ORD102707,2025-12-02,CUST10199,North,Marketplace,Fashion,Sneakers,1,1624.46,0.05,1543.24,UPI,Completed,2025-12
ORD102708,2025-01-11,CUST10890,South,Mobile App,Fashion,Jeans,2,2496.72,0.1,4494.1,UPI,Completed,2025-01
ORD102709,2025-03-16,CUST10672,East,Website,Beauty,Perfume,3,365.52,0.05,1041.73,Cash on Delivery,Completed,2025-03
ORD102710,2025-02-07,CUST10621,Central,Mobile App,Electronics,Headphones,1,2402.17,0.1,2161.95,Credit Card,Completed,2025-02
ORD102711,2025-10-31,CUST10649,Central,Website,Furniture,Bedside Table,3,5458.64,0.1,0.0,UPI,Returned,2025-10
ORD102712,2025-06-21,CUST10290,West,Website,Fashion,Backpack,1,1451.42,0.05,1378.85,UPI,Completed,2025-06
ORD102713,2025-05-23,CUST10524,West,Mobile App,Electronics,Headphones,2,8062.17,0.05,15318.12,Credit Card,Completed,2025-05
ORD102714,2025-04-06,CUST10420,West,Marketplace,Fashion,T-Shirt,1,637.8,0.25,478.35,Debit Card,Completed,2025-04
ORD102715,2025-12-16,CUST10446,North,Mobile App,Furniture,Office Chair,1,2298.39,0.0,2298.39,Debit Card,Completed,2025-12
ORD102716,2025-01-01,CUST10449,West,Mobile App,Beauty,Perfume,2,844.45,0.0,1688.9,Debit Card,Completed,2025-01
ORD102717,2025-02-17,CUST10769,West,Website,Beauty,Shampoo,1,396.82,0.15,337.3,UPI,Completed,2025-02
ORD102718,2025-05-06,CUST10100,North,Mobile App,Fashion,Backpack,1,504.44,0.0,504.44,Credit Card,Completed,2025-05
ORD102719,2025-05-11,CUST10629,South,Website,Electronics,Laptop,3,1559.04,0.1,4209.41,Cash on Delivery,Completed,2025-05
ORD102720,2025-01-17,CUST10674,South,Website,Beauty,Perfume,2,514.67,0.1,926.41,UPI,Completed,2025-01
ORD102721,2025-04-08,CUST10260,West,Mobile App,Beauty,Face Wash,2,1193.78,0.1,2148.8,UPI,Completed,2025-04
ORD102722,2025-01-09,CUST10221,North,Website,Electronics,Headphones,2,6590.51,0.1,11862.92,UPI,Completed,2025-01
ORD102723,2025-02-14,CUST10345,West,Mobile App,Furniture,Study Table,1,29856.69,0.1,26871.02,UPI,Completed,2025-02
ORD102724,2025-07-29,CUST10625,West,Website,Fashion,Backpack,1,876.35,0.05,832.53,UPI,Completed,2025-07
ORD102725,2025-05-30,CUST10571,South,Website,Electronics,Smartwatch,2,900.68,0.15,1531.16,Debit Card,Completed,2025-05
ORD102726,2025-10-07,CUST10248,West,Mobile App,Furniture,Bedside Table,4,1966.82,0.1,0.0,UPI,Cancelled,2025-10
ORD102727,2025-11-02,CUST10556,South,Website,Electronics,Monitor,2,3183.65,0.05,6048.93,Net Banking,Completed,2025-11
ORD102728,2025-07-19,CUST10703,Central,Website,Furniture,Bedside Table,1,7521.73,0.1,6769.56,Debit Card,Completed,2025-07
ORD102729,2025-04-24,CUST10197,West,Website,Electronics,Headphones,2,1741.33,0.1,3134.39,UPI,Completed,2025-04
ORD102730,2025-01-22,CUST10021,South,Marketplace,Furniture,Bedside Table,3,6048.24,0.15,15423.01,Cash on Delivery,Completed,2025-01
ORD102731,2025-04-21,CUST10392,West,Website,Electronics,Monitor,5,3495.32,0.05,0.0,Cash on Delivery,Returned,2025-04
ORD102732,2025-04-18,CUST10065,West,Website,Electronics,Monitor,1,3351.02,0.2,2680.82,Debit Card,Completed,2025-04
ORD102733,2025-03-05,CUST10623,Central,Website,Fashion,T-Shirt,1,4230.61,0.15,0.0,Net Banking,Cancelled,2025-03
ORD102734,2025-06-29,CUST10063,Central,Website,Fashion,T-Shirt,2,862.88,0.2,1380.61,UPI,Completed,2025-06
ORD102735,2025-11-13,CUST10327,West,Website,Home & Kitchen,Mixer Grinder,1,5227.1,0.0,5227.1,Cash on Delivery,Completed,2025-11
ORD102736,2025-03-21,CUST10764,West,Marketplace,Home & Kitchen,Cookware Set,3,6391.75,0.1,17257.73,Debit Card,Completed,2025-03
ORD102737,2025-03-18,CUST10057,East,Mobile App,Beauty,Moisturizer,4,260.47,0.2,833.5,UPI,Completed,2025-03
ORD102738,2025-01-31,CUST10703,East,Website,Fashion,Jacket,2,4337.99,0.05,8242.18,Net Banking,Completed,2025-01
ORD102739,2025-06-01,CUST10576,West,Website,Furniture,Sofa,1,2869.8,0.05,2726.31,Credit Card,Completed,2025-06
ORD102740,2025-10-20,CUST10062,West,Mobile App,Home & Kitchen,Vacuum Cleaner,1,8240.35,0.1,7416.32,Debit Card,Completed,2025-10
ORD102741,2025-06-21,CUST10873,South,Marketplace,Home & Kitchen,Coffee Maker,1,1166.13,0.15,991.21,Debit Card,Completed,2025-06
ORD102742,2025-03-18,CUST10472,Central,Mobile App,Furniture,Bedside Table,2,3335.42,0.15,5670.21,Credit Card,Completed,2025-03
ORD102743,2025-06-24,CUST10283,East,Website,Beauty,Sunscreen,2,535.3,0.0,1070.6,Debit Card,Completed,2025-06
ORD102744,2025-06-21,CUST10367,South,Marketplace,Furniture,Office Chair,1,24243.47,0.05,0.0,Credit Card,Cancelled,2025-06
ORD102745,2025-09-03,CUST10476,South,Website,Fashion,T-Shirt,1,3609.07,0.2,2887.26,Net Banking,Completed,2025-09
ORD102746,2025-07-16,CUST10692,West,Mobile App,Electronics,Smartphone,3,1614.98,0.25,3633.71,Credit Card,Completed,2025-07
ORD102747,2025-03-28,CUST10622,North,Website,Electronics,Laptop,3,1062.91,0.15,2710.42,Credit Card,Completed,2025-03
ORD102748,2025-06-24,CUST10481,South,Website,Furniture,Bookshelf,3,27828.27,0.15,70962.09,Cash on Delivery,Completed,2025-06
ORD102749,2025-12-18,CUST10409,Central,Website,Fashion,Jeans,2,1466.78,0.1,2640.2,Credit Card,Completed,2025-12
ORD102750,2025-04-20,CUST10624,West,Website,Furniture,Sofa,2,12331.81,0.2,19730.9,Debit Card,Completed,2025-04
ORD102751,2025-01-03,CUST10850,North,Mobile App,Furniture,Bookshelf,1,21643.4,0.1,19479.06,Debit Card,Completed,2025-01
ORD102752,2025-10-02,CUST10595,North,Website,Fashion,Jacket,1,2360.63,0.1,2124.57,UPI,Completed,2025-10
ORD102753,2025-05-08,CUST10799,North,Marketplace,Fashion,Backpack,1,3194.28,0.1,2874.85,Debit Card,Completed,2025-05
ORD102754,2025-05-04,CUST10855,West,Mobile App,Beauty,Shampoo,1,2556.21,0.05,2428.4,UPI,Completed,2025-05
ORD102755,2025-07-17,CUST10194,West,Website,Beauty,Face Wash,2,1120.71,0.25,1681.07,Credit Card,Completed,2025-07
ORD102756,2025-09-12,CUST10508,North,Mobile App,Electronics,Smartwatch,3,1237.41,0.2,2969.78,Credit Card,Completed,2025-09
ORD102757,2025-09-12,CUST10118,North,Website,Beauty,Shampoo,2,671.44,0.05,0.0,UPI,Returned,2025-09
ORD102758,2025-01-09,CUST10054,North,Website,Home & Kitchen,Mixer Grinder,1,5304.48,0.15,4508.81,Debit Card,Completed,2025-01
ORD102759,2025-02-27,CUST10042,West,Website,Fashion,Backpack,1,3107.82,0.05,0.0,Debit Card,Cancelled,2025-02
ORD102760,2025-02-14,CUST10273,Central,Website,Home & Kitchen,Vacuum Cleaner,1,10588.46,0.1,9529.61,UPI,Completed,2025-02
ORD102761,2025-10-03,CUST10528,South,Website,Furniture,Bookshelf,4,2714.35,0.05,10314.53,Cash on Delivery,Completed,2025-10
ORD102762,2025-02-01,CUST10505,South,Marketplace,Home & Kitchen,Air Fryer,3,16431.95,0.05,46831.06,Credit Card,Completed,2025-02
ORD102763,2025-07-13,CUST10186,West,Mobile App,Fashion,Jacket,3,949.94,0.05,0.0,Credit Card,Returned,2025-07
ORD102764,2025-08-18,CUST10022,North,Website,Electronics,Headphones,1,18635.04,0.1,16771.54,Debit Card,Completed,2025-08
ORD102765,2025-01-03,CUST10347,Central,Mobile App,Fashion,Backpack,1,1617.64,0.2,0.0,UPI,Cancelled,2025-01
ORD102766,2025-03-17,CUST10646,South,Website,Fashion,Sneakers,1,1118.3,0.0,1118.3,Credit Card,Completed,2025-03
ORD102767,2025-08-07,CUST10537,East,Website,Home & Kitchen,Mixer Grinder,5,2965.42,0.2,11861.68,UPI,Completed,2025-08
ORD102768,2025-05-15,CUST10083,South,Mobile App,Fashion,T-Shirt,1,3495.72,0.2,2796.58,Cash on Delivery,Completed,2025-05
ORD102769,2025-01-09,CUST10001,Central,Mobile App,Fashion,Jeans,1,3815.35,0.2,3052.28,Cash on Delivery,Completed,2025-01
ORD102770,2025-04-08,CUST10667,North,Mobile App,Fashion,Sneakers,1,726.73,0.2,581.38,UPI,Completed,2025-04
ORD102771,2025-06-04,CUST10561,Central,Mobile App,Electronics,Laptop,1,3668.53,0.05,3485.1,Debit Card,Completed,2025-06
ORD102772,2025-11-02,CUST10420,North,Marketplace,Home & Kitchen,Cookware Set,1,3270.26,0.0,3270.26,Credit Card,Completed,2025-11
ORD102773,2025-12-26,CUST10760,West,Mobile App,Fashion,Jacket,3,1540.87,0.0,4622.61,Credit Card,Completed,2025-12
ORD102774,2025-02-09,CUST10076,North,Website,Furniture,Bookshelf,1,1810.62,0.1,1629.56,Debit Card,Completed,2025-02
ORD102775,2025-08-06,CUST10216,South,Mobile App,Beauty,Shampoo,1,1241.9,0.2,993.52,UPI,Completed,2025-08
ORD102776,2025-12-17,CUST10389,South,Marketplace,Furniture,Sofa,4,12477.26,0.1,44918.14,UPI,Completed,2025-12
ORD102777,2025-08-06,CUST10119,South,Website,Home & Kitchen,Air Fryer,3,14276.66,0.05,0.0,UPI,Cancelled,2025-08
ORD102778,2025-11-21,CUST10071,West,Mobile App,Beauty,Moisturizer,3,1506.5,0.15,3841.57,Debit Card,Completed,2025-11
ORD102779,2025-02-27,CUST10250,East,Website,Furniture,Bookshelf,1,2282.65,0.1,2054.39,Cash on Delivery,Completed,2025-02
ORD102780,2025-03-02,CUST10853,West,Marketplace,Furniture,Office Chair,1,17620.55,0.05,16739.52,Credit Card,Completed,2025-03
ORD102781,2025-08-01,CUST10770,North,Marketplace,Electronics,Laptop,1,8198.03,0.1,7378.23,Cash on Delivery,Completed,2025-08
ORD102782,2025-08-09,CUST10343,North,Website,Beauty,Sunscreen,2,3295.07,0.15,5601.62,Credit Card,Completed,2025-08
ORD102783,2025-01-25,CUST10644,South,Mobile App,Electronics,Laptop,5,24624.47,0.15,104654.0,UPI,Completed,2025-01
ORD102784,2025-10-27,CUST10128,East,Mobile App,Electronics,Laptop,2,3397.76,0.05,6455.74,UPI,Completed,2025-10
ORD102785,2025-09-14,CUST10874,East,Mobile App,Electronics,Smartphone,1,2102.12,0.05,0.0,UPI,Cancelled,2025-09
ORD102786,2025-07-24,CUST10872,East,Website,Electronics,Laptop,1,63165.14,0.1,0.0,UPI,Cancelled,2025-07
ORD102787,2025-08-04,CUST10374,West,Mobile App,Furniture,Sofa,2,10048.97,0.1,18088.15,Credit Card,Completed,2025-08
ORD102788,2025-04-03,CUST10642,South,Website,Fashion,Jeans,2,943.7,0.05,1793.03,Debit Card,Completed,2025-04
ORD102789,2025-03-18,CUST10149,West,Mobile App,Beauty,Face Wash,1,1589.44,0.2,1271.55,Net Banking,Completed,2025-03
ORD102790,2025-03-30,CUST10200,North,Marketplace,Electronics,Smartphone,2,9573.1,0.25,14359.65,Debit Card,Completed,2025-03
ORD102791,2025-07-10,CUST10863,North,Mobile App,Fashion,Jeans,1,487.64,0.1,438.88,Credit Card,Completed,2025-07
ORD102792,2025-02-18,CUST10855,South,Website,Fashion,Backpack,4,948.18,0.0,3792.72,UPI,Completed,2025-02
ORD102793,2025-11-09,CUST10762,South,Website,Furniture,Bedside Table,2,4824.56,0.0,9649.12,UPI,Completed,2025-11
ORD102794,2025-01-13,CUST10338,Unknown,Website,Fashion,Sneakers,1,2669.72,0.2,2135.78,Cash on Delivery,Completed,2025-01
ORD102795,2025-01-23,CUST10240,West,Mobile App,Fashion,Jacket,2,862.79,0.05,1639.3,Debit Card,Completed,2025-01
ORD102796,2025-02-12,CUST10503,South,Website,Furniture,Office Chair,1,3118.86,0.1,2806.97,Cash on Delivery,Completed,2025-02
ORD102797,2025-01-28,CUST10010,North,Mobile App,Furniture,Sofa,1,14609.24,0.0,14609.24,Credit Card,Completed,2025-01
ORD102798,2025-05-29,CUST10140,East,Mobile App,Beauty,Sunscreen,4,385.19,0.0,1540.76,UPI,Completed,2025-05
ORD102799,2025-01-02,CUST10506,North,Website,Furniture,Sofa,2,9480.27,0.05,18012.51,UPI,Completed,2025-01
ORD102800,2025-04-07,CUST10259,North,Mobile App,Fashion,Sneakers,1,1042.79,0.15,886.37,UPI,Completed,2025-04
ORD102801,2025-01-30,CUST10866,North,Mobile App,Fashion,Backpack,1,1747.63,0.0,1747.63,Credit Card,Completed,2025-01
ORD102802,2025-08-29,CUST10193,East,Mobile App,Home & Kitchen,Mixer Grinder,1,2084.85,0.0,0.0,UPI,Cancelled,2025-08
ORD102803,2025-08-05,CUST10569,South,Website,Electronics,Monitor,1,5910.77,0.05,5615.23,Credit Card,Completed,2025-08
ORD102804,2025-09-18,CUST10613,South,Mobile App,Furniture,Sofa,2,1807.58,0.15,3072.89,Net Banking,Completed,2025-09
ORD102805,2025-07-08,CUST10801,North,Mobile App,Fashion,Jacket,1,1398.76,0.05,1328.82,Debit Card,Completed,2025-07
ORD102806,2025-10-25,CUST10609,South,Mobile App,Furniture,Bookshelf,1,7269.89,0.1,6542.9,Credit Card,Completed,2025-10
ORD102807,2025-12-28,CUST10026,South,Marketplace,Furniture,Bookshelf,5,14952.71,0.15,63549.02,UPI,Completed,2025-12
ORD102808,2025-05-27,CUST10258,East,Mobile App,Home & Kitchen,Mixer Grinder,5,1370.02,0.1,6165.09,Net Banking,Completed,2025-05
ORD102809,2025-11-02,CUST10736,East,Marketplace,Fashion,T-Shirt,1,584.57,0.1,526.11,Debit Card,Completed,2025-11
ORD102810,2025-12-17,CUST10737,East,Website,Furniture,Study Table,1,8425.49,0.05,8004.22,UPI,Completed,2025-12
ORD102811,2025-06-07,CUST10545,East,Marketplace,Beauty,Face Wash,1,359.41,0.0,359.41,Cash on Delivery,Completed,2025-06
ORD102812,2025-02-16,CUST10237,Central,Marketplace,Home & Kitchen,Air Fryer,3,10560.17,0.1,28512.46,Debit Card,Completed,2025-02
ORD102813,2025-12-27,CUST10872,West,Website,Home & Kitchen,Coffee Maker,5,1716.14,0.1,7722.63,Debit Card,Completed,2025-12
ORD102814,2025-07-09,CUST10033,North,Marketplace,Furniture,Bookshelf,1,5288.0,0.1,4759.2,UPI,Completed,2025-07
ORD102815,2025-11-26,CUST10758,South,Marketplace,Fashion,Sneakers,2,2757.81,0.1,4964.06,UPI,Completed,2025-11
ORD102816,2025-03-05,CUST10010,South,Mobile App,Fashion,Sneakers,2,4398.02,0.0,8796.04,Debit Card,Completed,2025-03
ORD102817,2025-07-24,CUST10096,North,Mobile App,Furniture,Study Table,2,1992.02,0.0,3984.04,Credit Card,Completed,2025-07
ORD102818,2025-03-05,CUST10217,East,Website,Beauty,Sunscreen,2,1598.89,0.05,3037.89,UPI,Completed,2025-03
ORD102819,2025-06-30,CUST10581,West,Mobile App,Furniture,Sofa,2,9675.15,0.15,16447.75,UPI,Completed,2025-06
ORD102820,2025-06-23,CUST10244,South,Mobile App,Beauty,Perfume,3,351.35,0.2,843.24,UPI,Completed,2025-06
ORD102821,2025-02-22,CUST10777,South,Mobile App,Home & Kitchen,Cookware Set,4,8871.01,0.1,31935.64,UPI,Completed,2025-02
ORD102822,2025-03-22,CUST10310,East,Mobile App,Home & Kitchen,Air Fryer,2,10363.32,0.1,0.0,UPI,Cancelled,2025-03
ORD102823,2025-02-22,CUST10321,West,Website,Furniture,Bookshelf,3,8899.77,0.05,25364.34,UPI,Completed,2025-02
ORD102824,2025-06-09,CUST10838,South,Website,Home & Kitchen,Coffee Maker,1,9471.21,0.25,7103.41,Net Banking,Completed,2025-06
ORD102825,2025-12-21,CUST10173,East,Marketplace,Beauty,Face Wash,1,540.43,0.05,0.0,Net Banking,Cancelled,2025-12
ORD102826,2025-08-12,CUST10129,East,Website,Home & Kitchen,Mixer Grinder,1,2146.21,0.15,1824.28,Debit Card,Completed,2025-08
ORD102827,2025-06-10,CUST10456,South,Mobile App,Electronics,Laptop,2,2276.76,0.0,4553.52,UPI,Completed,2025-06
ORD102828,2025-01-26,CUST10519,South,Website,Beauty,Moisturizer,2,438.07,0.25,657.11,Debit Card,Completed,2025-01
ORD102829,2025-12-22,CUST10062,South,Website,Electronics,Monitor,5,6833.66,0.0,0.0,Debit Card,Returned,2025-12
ORD102830,2025-04-09,CUST10223,North,Website,Home & Kitchen,Mixer Grinder,4,739.63,0.15,2514.74,Unknown,Completed,2025-04
ORD102831,2025-03-21,CUST10634,West,Mobile App,Furniture,Office Chair,1,16049.92,0.15,13642.43,Credit Card,Completed,2025-03
ORD102832,2025-12-19,CUST10484,West,Website,Home & Kitchen,Air Fryer,2,1445.21,0.1,2601.38,UPI,Completed,2025-12
ORD102833,2025-08-04,CUST10812,East,Website,Beauty,Moisturizer,2,678.21,0.15,1152.96,Debit Card,Completed,2025-08
ORD102834,2025-08-06,CUST10724,South,Marketplace,Electronics,Smartwatch,2,3397.32,0.2,0.0,UPI,Cancelled,2025-08
ORD102835,2025-05-26,CUST10678,Central,Website,Fashion,Sneakers,2,1287.29,0.15,2188.39,Debit Card,Completed,2025-05
ORD102836,2025-04-03,CUST10139,South,Mobile App,Home & Kitchen,Air Fryer,1,737.56,0.2,590.05,Credit Card,Completed,2025-04
ORD102837,2025-01-29,CUST10708,North,Mobile App,Beauty,Moisturizer,3,432.35,0.0,1297.05,Debit Card,Completed,2025-01
ORD102838,2025-12-19,CUST10725,West,Website,Beauty,Perfume,1,484.99,0.05,0.0,Credit Card,Cancelled,2025-12
ORD102839,2025-01-08,CUST10793,North,Marketplace,Home & Kitchen,Mixer Grinder,1,9372.05,0.05,8903.45,UPI,Completed,2025-01
ORD102840,2025-12-27,CUST10295,Central,Marketplace,Fashion,Jacket,1,2937.64,0.1,2643.88,Debit Card,Completed,2025-12
ORD102841,2025-03-28,CUST10597,South,Website,Home & Kitchen,Air Fryer,3,1876.69,0.05,5348.57,Cash on Delivery,Completed,2025-03
ORD102842,2025-11-07,CUST10726,East,Mobile App,Home & Kitchen,Air Fryer,1,855.03,0.1,769.53,Debit Card,Completed,2025-11
ORD102843,2025-02-26,CUST10858,West,Website,Beauty,Shampoo,1,785.95,0.1,707.36,UPI,Completed,2025-02
ORD102844,2025-06-01,CUST10733,North,Website,Home & Kitchen,Air Fryer,5,5797.91,0.25,21742.16,UPI,Completed,2025-06
ORD102845,2025-04-14,CUST10786,North,Website,Beauty,Moisturizer,2,4041.55,0.05,7678.94,Cash on Delivery,Completed,2025-04
ORD102846,2025-01-11,CUST10680,South,Marketplace,Home & Kitchen,Air Fryer,2,12482.8,0.2,19972.48,UPI,Completed,2025-01
ORD102847,2025-02-27,CUST10827,East,Mobile App,Furniture,Bookshelf,1,30481.0,0.1,27432.9,Credit Card,Completed,2025-02
ORD102848,2025-07-06,CUST10609,South,Mobile App,Home & Kitchen,Air Fryer,1,2035.93,0.1,1832.34,Net Banking,Completed,2025-07
ORD102849,2025-05-19,CUST10501,North,Mobile App,Home & Kitchen,Vacuum Cleaner,2,9453.76,0.2,15126.02,Credit Card,Completed,2025-05
ORD102850,2025-01-21,CUST10268,South,Mobile App,Furniture,Bedside Table,2,1936.8,0.1,3486.24,Credit Card,Completed,2025-01
ORD102851,2025-08-26,CUST10309,South,Mobile App,Fashion,T-Shirt,2,828.57,0.2,1325.71,Cash on Delivery,Completed,2025-08
ORD102852,2025-12-15,CUST10521,North,Mobile App,Home & Kitchen,Mixer Grinder,2,9752.57,0.1,17554.63,UPI,Completed,2025-12
ORD102853,2025-07-15,CUST10662,East,Mobile App,Furniture,Sofa,2,4523.94,0.2,7238.3,UPI,Completed,2025-07
ORD102854,2025-12-30,CUST10663,West,Marketplace,Electronics,Laptop,1,67210.24,0.1,60489.22,UPI,Completed,2025-12
ORD102855,2025-08-04,CUST10388,East,Marketplace,Furniture,Sofa,1,6326.21,0.1,5693.59,Debit Card,Completed,2025-08
ORD102856,2025-10-29,CUST10114,West,Marketplace,Beauty,Perfume,1,626.25,0.15,532.31,Debit Card,Completed,2025-10
ORD102857,2025-03-13,CUST10371,South,Mobile App,Furniture,Office Chair,1,9118.59,0.0,9118.59,Cash on Delivery,Completed,2025-03
ORD102858,2025-11-29,CUST10122,East,Mobile App,Home & Kitchen,Coffee Maker,3,1285.66,0.15,3278.43,UPI,Completed,2025-11
ORD102859,2025-01-30,CUST10311,North,Website,Fashion,Sneakers,1,5260.3,0.2,4208.24,Debit Card,Completed,2025-01
ORD102860,2025-09-03,CUST10874,Central,Website,Fashion,Jacket,2,5576.34,0.15,9479.78,UPI,Completed,2025-09
ORD102861,2025-09-18,CUST10227,South,Mobile App,Electronics,Smartwatch,1,3617.11,0.15,3074.54,UPI,Completed,2025-09
ORD102862,2025-01-21,CUST10315,South,Mobile App,Beauty,Moisturizer,4,3790.24,0.05,14402.91,Credit Card,Completed,2025-01
ORD102863,2025-10-17,CUST10110,East,Marketplace,Electronics,Smartphone,4,1111.89,0.2,0.0,UPI,Returned,2025-10
ORD102864,2025-10-01,CUST10077,South,Mobile App,Electronics,Smartwatch,1,3943.21,0.15,3351.73,Cash on Delivery,Completed,2025-10
ORD102865,2025-08-09,CUST10505,Central,Website,Fashion,Backpack,2,5320.54,0.0,10641.08,Cash on Delivery,Completed,2025-08
ORD102866,2025-02-21,CUST10324,West,Website,Beauty,Moisturizer,1,395.16,0.15,0.0,UPI,Returned,2025-02
ORD102867,2025-08-20,CUST10093,South,Website,Electronics,Laptop,3,2127.41,0.05,6063.12,Credit Card,Completed,2025-08
ORD102868,2025-10-05,CUST10498,South,Mobile App,Electronics,Smartwatch,2,7525.76,0.15,12793.79,Credit Card,Completed,2025-10
ORD102869,2025-05-11,CUST10594,North,Website,Beauty,Shampoo,1,281.41,0.25,211.06,Debit Card,Completed,2025-05
ORD102870,2025-04-20,CUST10524,South,Website,Furniture,Sofa,2,32261.06,0.0,64522.12,UPI,Completed,2025-04
ORD102871,2025-09-17,CUST10298,North,Website,Fashion,Jeans,3,4921.77,0.15,12550.51,Credit Card,Completed,2025-09
ORD102872,2025-12-15,CUST10798,East,Mobile App,Fashion,Backpack,4,917.45,0.15,3119.33,UPI,Completed,2025-12
ORD102873,2025-11-23,CUST10853,South,Mobile App,Fashion,T-Shirt,2,677.74,0.1,0.0,Debit Card,Cancelled,2025-11
ORD102874,2025-04-12,CUST10298,South,Website,Beauty,Face Wash,1,306.97,0.2,245.58,UPI,Completed,2025-04
ORD102875,2025-02-02,CUST10646,North,Website,Electronics,Headphones,1,9530.02,0.15,8100.52,Debit Card,Completed,2025-02
ORD102876,2025-03-29,CUST10895,Central,Marketplace,Beauty,Face Wash,4,3027.4,0.05,11504.12,Cash on Delivery,Completed,2025-03
ORD102877,2025-09-23,CUST10761,West,Mobile App,Electronics,Laptop,2,17072.21,0.0,34144.42,Net Banking,Completed,2025-09
ORD102878,2025-12-18,CUST10402,North,Mobile App,Electronics,Laptop,4,6595.78,0.15,22425.65,Credit Card,Completed,2025-12
ORD102879,2025-11-06,CUST10431,East,Mobile App,Beauty,Perfume,2,2325.88,0.2,3721.41,UPI,Completed,2025-11
ORD102880,2025-07-15,CUST10492,South,Website,Beauty,Perfume,1,646.07,0.2,516.86,Debit Card,Completed,2025-07
ORD102881,2025-12-20,CUST10076,East,Website,Furniture,Sofa,1,13572.26,0.15,11536.42,UPI,Completed,2025-12
ORD102882,2025-07-01,CUST10557,South,Website,Electronics,Monitor,2,34891.17,0.25,52336.75,UPI,Completed,2025-07
ORD102883,2025-11-29,CUST10700,North,Marketplace,Beauty,Perfume,2,2051.44,0.2,3282.3,UPI,Completed,2025-11
ORD102884,2025-09-21,CUST10077,South,Marketplace,Beauty,Face Wash,3,3276.2,0.05,9337.17,UPI,Completed,2025-09
ORD102885,2025-11-02,CUST10830,West,Mobile App,Furniture,Office Chair,2,5852.09,0.2,9363.34,Debit Card,Completed,2025-11
ORD102886,2025-01-31,CUST10104,South,Marketplace,Home & Kitchen,Cookware Set,1,3550.54,0.1,3195.49,UPI,Completed,2025-01
ORD102887,2025-09-26,CUST10242,South,Mobile App,Beauty,Face Wash,2,1936.11,0.05,3678.61,UPI,Completed,2025-09
ORD102888,2025-05-26,CUST10068,Central,Website,Fashion,Backpack,4,610.88,0.25,1832.64,Credit Card,Completed,2025-05
ORD102889,2025-02-14,CUST10093,Central,Website,Fashion,T-Shirt,1,2232.14,0.2,1785.71,UPI,Completed,2025-02
ORD102890,2025-08-13,CUST10323,East,Mobile App,Electronics,Smartphone,3,14400.95,0.0,0.0,Credit Card,Returned,2025-08
ORD102891,2025-06-12,CUST10210,North,Website,Beauty,Perfume,1,2691.03,0.15,2287.38,Debit Card,Completed,2025-06
ORD102892,2025-07-08,CUST10171,West,Mobile App,Fashion,Sneakers,1,472.85,0.0,472.85,Cash on Delivery,Completed,2025-07
ORD102893,2025-07-01,CUST10071,East,Marketplace,Home & Kitchen,Vacuum Cleaner,2,6001.44,0.15,10202.45,Net Banking,Completed,2025-07
ORD102894,2025-03-24,CUST10830,South,Website,Furniture,Office Chair,1,2561.62,0.05,2433.54,UPI,Completed,2025-03
ORD102895,2025-04-04,CUST10384,North,Website,Fashion,Jeans,1,904.4,0.25,678.3,UPI,Completed,2025-04
ORD102896,2025-06-12,CUST10729,East,Website,Fashion,T-Shirt,1,774.12,0.05,735.41,Debit Card,Completed,2025-06
ORD102897,2025-02-09,CUST10117,East,Mobile App,Electronics,Smartwatch,1,20335.64,0.2,16268.51,UPI,Completed,2025-02
ORD102898,2025-10-23,CUST10350,South,Website,Beauty,Moisturizer,1,3342.19,0.1,3007.97,Debit Card,Completed,2025-10
ORD102899,2025-11-21,CUST10226,East,Website,Furniture,Office Chair,1,15426.98,0.1,0.0,Cash on Delivery,Returned,2025-11
ORD102900,2025-09-23,CUST10243,West,Website,Beauty,Sunscreen,3,1692.88,0.2,4062.91,UPI,Completed,2025-09
ORD102901,2025-04-25,CUST10176,South,Mobile App,Beauty,Sunscreen,1,2311.66,0.0,2311.66,UPI,Completed,2025-04
ORD102902,2025-04-21,CUST10655,East,Website,Furniture,Study Table,3,14279.85,0.25,32129.66,UPI,Completed,2025-04
ORD102903,2025-02-28,CUST10061,West,Website,Furniture,Bookshelf,2,19572.17,0.1,35229.91,Cash on Delivery,Completed,2025-02
ORD102904,2025-02-25,CUST10849,East,Mobile App,Furniture,Study Table,3,15081.18,0.15,38457.01,Debit Card,Completed,2025-02
ORD102905,2025-02-02,CUST10066,East,Website,Furniture,Study Table,4,1962.8,0.15,6673.52,Cash on Delivery,Completed,2025-02
ORD102906,2025-05-28,CUST10201,South,Marketplace,Home & Kitchen,Vacuum Cleaner,1,1682.28,0.1,1514.05,Cash on Delivery,Completed,2025-05
ORD102907,2025-02-01,CUST10748,Central,Website,Furniture,Bedside Table,2,10420.99,0.2,16673.58,Net Banking,Completed,2025-02
ORD102908,2025-11-18,CUST10728,South,Mobile App,Furniture,Sofa,1,7478.12,0.1,6730.31,Credit Card,Completed,2025-11
ORD102909,2025-03-12,CUST10775,East,Website,Fashion,T-Shirt,3,549.41,0.1,1483.41,Net Banking,Completed,2025-03
ORD102910,2025-05-02,CUST10191,West,Website,Furniture,Sofa,1,8780.18,0.0,8780.18,UPI,Completed,2025-05
ORD102911,2025-07-18,CUST10190,West,Website,Electronics,Laptop,2,1072.49,0.05,2037.73,UPI,Completed,2025-07
ORD102912,2025-02-15,CUST10116,West,Website,Fashion,Jacket,3,710.76,0.1,1919.05,Credit Card,Completed,2025-02
ORD102913,2025-01-23,CUST10853,North,Marketplace,Beauty,Moisturizer,1,774.58,0.25,580.94,Debit Card,Completed,2025-01
ORD102914,2025-07-23,CUST10174,Central,Website,Electronics,Smartphone,1,34792.21,0.05,33052.6,Credit Card,Completed,2025-07
ORD102915,2025-12-11,CUST10551,South,Mobile App,Home & Kitchen,Vacuum Cleaner,2,2074.79,0.15,3527.14,Debit Card,Completed,2025-12
ORD102916,2025-01-06,CUST10156,North,Website,Home & Kitchen,Vacuum Cleaner,3,8971.44,0.25,20185.74,UPI,Completed,2025-01
ORD102917,2025-12-20,CUST10565,South,Mobile App,Home & Kitchen,Coffee Maker,1,1862.17,0.1,1675.95,Credit Card,Completed,2025-12
ORD102918,2025-10-21,CUST10822,North,Marketplace,Home & Kitchen,Cookware Set,1,1588.06,0.05,0.0,UPI,Cancelled,2025-10
ORD102919,2025-03-26,CUST10847,South,Mobile App,Electronics,Monitor,2,4607.2,0.1,0.0,Credit Card,Returned,2025-03
ORD102920,2025-02-10,CUST10349,South,Mobile App,Fashion,Jacket,4,1355.42,0.05,5150.6,Credit Card,Completed,2025-02
ORD102921,2025-02-26,CUST10838,South,Website,Electronics,Laptop,1,1364.86,0.15,1160.13,Net Banking,Completed,2025-02
ORD102922,2025-05-09,CUST10272,East,Website,Beauty,Face Wash,1,1233.68,0.1,1110.31,UPI,Completed,2025-05
ORD102923,2025-06-20,CUST10708,North,Marketplace,Electronics,Headphones,3,8023.07,0.0,24069.21,Credit Card,Completed,2025-06
ORD102924,2025-03-27,CUST10026,West,Mobile App,Beauty,Shampoo,2,501.12,0.15,851.9,Debit Card,Completed,2025-03
ORD102925,2025-10-30,CUST10635,South,Mobile App,Furniture,Bedside Table,1,3617.23,0.05,3436.37,Debit Card,Completed,2025-10
ORD102926,2025-06-15,CUST10443,West,Mobile App,Fashion,Jeans,3,513.18,0.1,0.0,Cash on Delivery,Cancelled,2025-06
ORD102927,2025-03-22,CUST10341,Central,Mobile App,Furniture,Bedside Table,3,2991.46,0.15,7628.22,Net Banking,Completed,2025-03
ORD102928,2025-09-05,CUST10531,North,Website,Home & Kitchen,Air Fryer,2,12664.48,0.1,22796.06,UPI,Completed,2025-09
ORD102929,2025-01-10,CUST10842,East,Mobile App,Beauty,Sunscreen,1,301.77,0.2,241.42,Debit Card,Completed,2025-01
ORD102930,2025-10-06,CUST10174,South,Mobile App,Beauty,Face Wash,1,1269.0,0.1,1142.1,Debit Card,Completed,2025-10
ORD102931,2025-08-08,CUST10283,East,Mobile App,Electronics,Monitor,1,1339.72,0.0,1339.72,Credit Card,Completed,2025-08
ORD102932,2025-10-28,CUST10897,North,Marketplace,Furniture,Bedside Table,1,9864.35,0.0,9864.35,UPI,Completed,2025-10
ORD102933,2025-12-27,CUST10412,North,Marketplace,Electronics,Laptop,2,20428.16,0.15,34727.87,Cash on Delivery,Completed,2025-12
ORD102934,2025-10-01,CUST10720,West,Mobile App,Furniture,Bookshelf,1,5217.01,0.0,5217.01,Debit Card,Completed,2025-10
ORD102935,2025-06-21,CUST10850,North,Website,Furniture,Office Chair,1,17108.64,0.1,15397.78,Net Banking,Completed,2025-06
ORD102936,2025-03-31,CUST10637,South,Mobile App,Electronics,Monitor,1,4973.12,0.15,4227.15,Credit Card,Completed,2025-03
ORD102937,2025-09-20,CUST10655,North,Marketplace,Furniture,Bedside Table,1,7580.99,0.1,0.0,Net Banking,Cancelled,2025-09
ORD102938,2025-12-13,CUST10730,South,Marketplace,Home & Kitchen,Cookware Set,1,5344.3,0.15,4542.65,UPI,Completed,2025-12
ORD102939,2025-07-12,CUST10565,East,Marketplace,Fashion,Backpack,2,3877.23,0.05,7366.74,UPI,Completed,2025-07
ORD102940,2025-09-14,CUST10891,West,Website,Beauty,Sunscreen,1,257.41,0.1,231.67,Credit Card,Completed,2025-09
ORD102941,2025-02-28,CUST10576,Central,Marketplace,Home & Kitchen,Coffee Maker,1,4140.39,0.1,3726.35,Net Banking,Completed,2025-02
ORD102942,2025-10-17,CUST10054,West,Mobile App,Beauty,Moisturizer,1,3418.01,0.05,3247.11,Debit Card,Completed,2025-10
ORD102943,2025-08-17,CUST10634,North,Website,Home & Kitchen,Coffee Maker,4,3288.75,0.15,11181.75,Net Banking,Completed,2025-08
ORD102944,2025-11-21,CUST10002,East,Marketplace,Fashion,Sneakers,1,613.53,0.2,490.82,Net Banking,Completed,2025-11
ORD102945,2025-09-05,CUST10429,North,Mobile App,Home & Kitchen,Mixer Grinder,3,1378.18,0.0,4134.54,UPI,Completed,2025-09
ORD102946,2025-08-23,CUST10374,East,Website,Home & Kitchen,Mixer Grinder,5,994.76,0.1,4476.42,Credit Card,Completed,2025-08
ORD102947,2025-08-27,CUST10288,Central,Mobile App,Fashion,Sneakers,1,5912.49,0.05,5616.87,Credit Card,Completed,2025-08
ORD102948,2025-05-29,CUST10314,North,Marketplace,Electronics,Smartphone,1,1889.05,0.15,1605.69,Cash on Delivery,Completed,2025-05
ORD102949,2025-05-29,CUST10176,Central,Website,Fashion,T-Shirt,1,594.74,0.1,535.27,Debit Card,Completed,2025-05
ORD102950,2025-10-03,CUST10216,South,Website,Fashion,T-Shirt,2,1004.92,0.0,2009.84,Net Banking,Completed,2025-10
ORD102951,2025-10-13,CUST10586,West,Website,Electronics,Smartphone,1,2928.72,0.1,2635.85,Cash on Delivery,Completed,2025-10
ORD102952,2025-08-20,CUST10480,North,Mobile App,Furniture,Study Table,2,6291.27,0.1,11324.29,UPI,Completed,2025-08
ORD102953,2025-07-05,CUST10447,North,Website,Electronics,Monitor,2,37831.62,0.25,56747.43,Debit Card,Completed,2025-07
ORD102954,2025-10-07,CUST10762,West,Website,Furniture,Study Table,2,3628.69,0.05,6894.51,UPI,Completed,2025-10
ORD102955,2025-07-30,CUST10244,North,Website,Electronics,Headphones,3,49209.55,0.2,118102.92,Net Banking,Completed,2025-07
ORD102956,2025-01-09,CUST10572,South,Mobile App,Electronics,Headphones,1,55262.19,0.1,49735.97,UPI,Completed,2025-01
ORD102957,2025-11-12,CUST10472,West,Mobile App,Electronics,Headphones,3,5106.14,0.1,13786.58,Net Banking,Completed,2025-11
ORD102958,2025-05-14,CUST10377,East,Website,Furniture,Bedside Table,1,31985.16,0.05,30385.9,Credit Card,Completed,2025-05
ORD102959,2025-02-17,CUST10434,South,Mobile App,Fashion,T-Shirt,1,477.47,0.0,477.47,Credit Card,Completed,2025-02
ORD102960,2025-07-13,CUST10822,West,Marketplace,Beauty,Shampoo,3,1009.88,0.15,2575.19,Credit Card,Completed,2025-07
ORD102961,2025-05-08,CUST10239,North,Website,Furniture,Sofa,5,2010.63,0.15,8545.18,UPI,Completed,2025-05
ORD102962,2025-08-03,CUST10412,South,Mobile App,Electronics,Laptop,1,1046.51,0.05,994.18,UPI,Completed,2025-08
ORD102963,2025-10-22,CUST10163,East,Marketplace,Home & Kitchen,Air Fryer,1,752.19,0.05,714.58,Credit Card,Completed,2025-10
ORD102964,2025-04-11,CUST10736,East,Website,Beauty,Face Wash,1,380.1,0.0,380.1,Net Banking,Completed,2025-04
ORD102965,2025-09-18,CUST10563,West,Website,Furniture,Bedside Table,3,27339.83,0.1,73817.54,UPI,Completed,2025-09
ORD102966,2025-04-13,CUST10034,South,Website,Beauty,Sunscreen,1,1525.24,0.15,1296.45,Credit Card,Completed,2025-04
ORD102967,2025-03-01,CUST10476,South,Website,Electronics,Smartwatch,3,69822.87,0.1,188521.75,Credit Card,Completed,2025-03
ORD102968,2025-09-08,CUST10583,North,Marketplace,Beauty,Moisturizer,2,1259.89,0.05,2393.79,UPI,Completed,2025-09
ORD102969,2025-09-25,CUST10087,East,Marketplace,Home & Kitchen,Mixer Grinder,2,1334.41,0.1,2401.94,Net Banking,Completed,2025-09
ORD102970,2025-12-17,CUST10583,West,Marketplace,Beauty,Face Wash,4,4521.59,0.15,0.0,Credit Card,Cancelled,2025-12
ORD102971,2025-06-10,CUST10283,North,Website,Home & Kitchen,Mixer Grinder,2,2087.98,0.0,4175.96,Credit Card,Completed,2025-06
ORD102972,2025-01-30,CUST10589,Central,Website,Fashion,Jeans,5,3037.41,0.15,12908.99,Net Banking,Completed,2025-01
ORD102973,2025-12-23,CUST10270,West,Website,Fashion,Sneakers,2,4295.74,0.2,0.0,Credit Card,Cancelled,2025-12
ORD102974,2025-05-05,CUST10052,East,Marketplace,Fashion,Jacket,1,1375.9,0.15,1169.52,Credit Card,Completed,2025-05
ORD102975,2025-10-25,CUST10025,West,Mobile App,Electronics,Laptop,1,13783.08,0.15,11715.62,Cash on Delivery,Completed,2025-10
ORD102976,2025-10-27,CUST10073,North,Website,Electronics,Smartwatch,2,11223.03,0.15,19079.15,UPI,Completed,2025-10
ORD102977,2025-02-19,CUST10686,West,Mobile App,Fashion,T-Shirt,4,5967.05,0.15,20287.97,UPI,Completed,2025-02
ORD102978,2025-11-11,CUST10586,East,Mobile App,Electronics,Laptop,1,56642.91,0.0,56642.91,Credit Card,Completed,2025-11
ORD102979,2025-11-26,CUST10620,North,Marketplace,Fashion,Backpack,1,2425.19,0.05,2303.93,UPI,Completed,2025-11
ORD102980,2025-06-04,CUST10562,East,Marketplace,Beauty,Shampoo,3,2537.93,0.0,0.0,UPI,Cancelled,2025-06
ORD102981,2025-11-29,CUST10317,West,Website,Home & Kitchen,Coffee Maker,1,3369.81,0.0,3369.81,Credit Card,Completed,2025-11
ORD102982,2025-06-14,CUST10670,South,Marketplace,Beauty,Perfume,1,2590.93,0.1,2331.84,Credit Card,Completed,2025-06
ORD102983,2025-12-29,CUST10285,South,Mobile App,Fashion,Backpack,2,1457.4,0.05,2769.06,Credit Card,Completed,2025-12
ORD102984,2025-10-08,CUST10851,Unknown,Marketplace,Furniture,Study Table,1,31985.33,0.15,27187.53,Net Banking,Completed,2025-10
ORD102985,2025-02-12,CUST10197,North,Mobile App,Electronics,Smartwatch,5,7282.54,0.05,0.0,Debit Card,Returned,2025-02
ORD102986,2025-03-06,CUST10220,North,Website,Furniture,Bookshelf,2,11475.68,0.2,18361.09,UPI,Completed,2025-03
ORD102987,2025-11-11,CUST10669,West,Website,Furniture,Study Table,1,8956.09,0.1,8060.48,UPI,Completed,2025-11
ORD102988,2025-10-29,CUST10195,East,Website,Home & Kitchen,Cookware Set,1,7513.47,0.15,6386.45,Cash on Delivery,Completed,2025-10
ORD102989,2025-10-22,CUST10835,West,Marketplace,Furniture,Study Table,4,24240.68,0.15,82418.31,UPI,Completed,2025-10
ORD102990,2025-11-01,CUST10523,East,Mobile App,Fashion,Jacket,2,1013.41,0.15,1722.8,UPI,Completed,2025-11
ORD102991,2025-05-09,CUST10133,South,Mobile App,Fashion,Jacket,1,1027.87,0.1,925.08,Debit Card,Completed,2025-05
ORD102992,2025-10-13,CUST10700,West,Mobile App,Home & Kitchen,Coffee Maker,1,1926.13,0.0,1926.13,Cash on Delivery,Completed,2025-10
ORD102993,2025-01-06,CUST10185,East,Website,Electronics,Headphones,2,36787.0,0.1,66216.6,UPI,Completed,2025-01
ORD102994,2025-05-08,CUST10799,North,Website,Furniture,Sofa,1,1838.96,0.15,1563.12,UPI,Completed,2025-05
ORD102995,2025-02-23,CUST10508,Central,Website,Beauty,Face Wash,1,4079.63,0.0,4079.63,UPI,Completed,2025-02
ORD102996,2025-05-19,CUST10164,West,Website,Beauty,Sunscreen,3,1076.2,0.05,3067.17,Net Banking,Completed,2025-05
ORD102997,2025-12-11,CUST10145,South,Website,Fashion,T-Shirt,2,1245.04,0.0,2490.08,Credit Card,Completed,2025-12
ORD102998,2025-10-01,CUST10228,North,Website,Electronics,Laptop,1,3460.1,0.1,3114.09,UPI,Completed,2025-10
ORD102999,2025-09-05,CUST10890,South,Website,Electronics,Headphones,1,67219.82,0.1,60497.84,Credit Card,Completed,2025-09
ORD103000,2025-09-13,CUST10331,West,Website,Beauty,Sunscreen,1,351.74,0.1,0.0,Net Banking,Cancelled,2025-09
ORD103001,2025-10-14,CUST10362,West,Mobile App,Furniture,Office Chair,1,3207.89,0.1,2887.1,UPI,Completed,2025-10
ORD103002,2025-03-10,CUST10512,South,Website,Beauty,Sunscreen,3,1215.86,0.1,3282.82,Credit Card,Completed,2025-03
ORD103003,2025-01-30,CUST10824,East,Website,Fashion,Sneakers,1,480.08,0.0,480.08,Credit Card,Completed,2025-01
ORD103004,2025-02-25,CUST10810,South,Mobile App,Home & Kitchen,Mixer Grinder,1,11612.19,0.05,11031.58,Debit Card,Completed,2025-02
ORD103005,2025-04-07,CUST10169,North,Mobile App,Fashion,Jacket,3,584.76,0.15,1491.14,UPI,Completed,2025-04
ORD103006,2025-01-08,CUST10562,East,Website,Home & Kitchen,Air Fryer,2,7432.28,0.15,12634.88,Debit Card,Completed,2025-01
ORD103007,2025-01-28,CUST10339,South,Website,Fashion,Sneakers,1,1764.82,0.0,1764.82,Debit Card,Completed,2025-01
ORD103008,2025-11-17,CUST10500,South,Mobile App,Home & Kitchen,Mixer Grinder,1,11125.55,0.1,10012.99,Debit Card,Completed,2025-11
ORD103009,2025-10-02,CUST10592,Central,Marketplace,Furniture,Sofa,1,7550.82,0.0,7550.82,UPI,Completed,2025-10
ORD103010,2025-08-06,CUST10803,North,Marketplace,Beauty,Shampoo,1,3246.74,0.1,2922.07,UPI,Completed,2025-08
ORD103011,2025-07-02,CUST10133,North,Mobile App,Beauty,Sunscreen,2,3103.32,0.2,4965.31,Cash on Delivery,Completed,2025-07
ORD103012,2025-12-02,CUST10705,West,Website,Fashion,Backpack,2,6735.74,0.25,10103.61,UPI,Completed,2025-12
ORD103013,2025-10-16,CUST10420,West,Mobile App,Fashion,Backpack,5,1029.19,0.25,3859.46,Cash on Delivery,Completed,2025-10
ORD103014,2025-08-12,CUST10160,North,Mobile App,Home & Kitchen,Air Fryer,1,4204.86,0.0,4204.86,Debit Card,Completed,2025-08
ORD103015,2025-10-19,CUST10025,East,Website,Electronics,Monitor,1,32672.5,0.15,27771.62,Net Banking,Completed,2025-10
ORD103016,2025-02-21,CUST10168,South,Website,Furniture,Bookshelf,2,10884.07,0.05,20679.73,UPI,Completed,2025-02
ORD103017,2025-06-15,CUST10537,West,Website,Fashion,T-Shirt,1,3577.61,0.15,3040.97,UPI,Completed,2025-06
ORD103018,2025-07-22,CUST10554,West,Mobile App,Home & Kitchen,Mixer Grinder,1,1901.31,0.15,1616.11,Credit Card,Completed,2025-07
ORD103019,2025-10-12,CUST10596,West,Marketplace,Electronics,Monitor,2,20794.51,0.2,33271.22,UPI,Completed,2025-10
ORD103020,2025-03-25,CUST10413,Central,Website,Electronics,Headphones,1,7947.21,0.25,5960.41,Cash on Delivery,Completed,2025-03
ORD103021,2025-08-02,CUST10294,South,Website,Beauty,Shampoo,1,489.51,0.1,0.0,UPI,Cancelled,2025-08
ORD103022,2025-08-21,CUST10228,South,Marketplace,Beauty,Moisturizer,1,799.16,0.2,639.33,UPI,Completed,2025-08
ORD103023,2025-03-23,CUST10865,West,Mobile App,Furniture,Bookshelf,2,2359.79,0.15,4011.64,UPI,Completed,2025-03
ORD103024,2025-08-05,CUST10818,Central,Website,Electronics,Smartwatch,1,37653.18,0.25,28239.89,Credit Card,Completed,2025-08
ORD103025,2025-05-25,CUST10661,East,Website,Beauty,Shampoo,2,277.97,0.15,472.55,Debit Card,Completed,2025-05
ORD103026,2025-06-07,CUST10133,West,Mobile App,Beauty,Face Wash,1,544.72,0.1,490.25,Net Banking,Completed,2025-06
ORD103027,2025-11-06,CUST10344,West,Website,Fashion,Backpack,1,5305.27,0.1,4774.74,Credit Card,Completed,2025-11
ORD103028,2025-04-17,CUST10750,North,Website,Fashion,Jacket,1,1464.59,0.05,1391.36,Credit Card,Completed,2025-04
ORD103029,2025-11-03,CUST10833,North,Mobile App,Electronics,Smartphone,1,13667.68,0.1,12300.91,Credit Card,Completed,2025-11
ORD103030,2025-05-22,CUST10270,North,Marketplace,Beauty,Face Wash,5,1688.57,0.0,8442.85,Credit Card,Completed,2025-05
ORD103031,2025-04-05,CUST10719,South,Marketplace,Furniture,Bookshelf,5,4015.82,0.15,17067.24,Debit Card,Completed,2025-04
ORD103032,2025-12-15,CUST10487,North,Mobile App,Home & Kitchen,Air Fryer,3,1697.24,0.2,0.0,UPI,Cancelled,2025-12
ORD103033,2025-10-12,CUST10007,North,Marketplace,Furniture,Office Chair,2,26118.24,0.0,52236.48,UPI,Completed,2025-10
ORD103034,2025-03-25,CUST10435,West,Mobile App,Fashion,Jeans,1,5401.08,0.15,4590.92,UPI,Completed,2025-03
ORD103035,2025-12-26,CUST10280,South,Marketplace,Home & Kitchen,Coffee Maker,3,12502.2,0.1,33755.94,UPI,Completed,2025-12
ORD103036,2025-06-07,CUST10857,East,Mobile App,Beauty,Moisturizer,1,286.83,0.15,243.81,UPI,Completed,2025-06
ORD103037,2025-06-16,CUST10172,South,Mobile App,Furniture,Office Chair,2,14463.76,0.1,26034.77,Credit Card,Completed,2025-06
ORD103038,2025-01-26,CUST10555,North,Website,Beauty,Shampoo,2,3711.57,0.15,0.0,Credit Card,Returned,2025-01
ORD103039,2025-09-16,CUST10260,South,Mobile App,Home & Kitchen,Vacuum Cleaner,2,3873.5,0.1,6972.3,UPI,Completed,2025-09
ORD103040,2025-09-21,CUST10893,West,Marketplace,Fashion,T-Shirt,3,951.44,0.1,2568.89,Debit Card,Completed,2025-09
ORD103041,2025-12-20,CUST10840,North,Website,Home & Kitchen,Vacuum Cleaner,3,3599.17,0.0,10797.51,UPI,Completed,2025-12
ORD103042,2025-12-14,CUST10436,South,Mobile App,Electronics,Laptop,2,14054.42,0.1,25297.96,Credit Card,Completed,2025-12
ORD103043,2025-11-30,CUST10498,Central,Website,Electronics,Laptop,4,1558.08,0.05,0.0,UPI,Cancelled,2025-11
ORD103044,2025-03-20,CUST10187,South,Marketplace,Furniture,Office Chair,2,18661.2,0.15,31724.04,Credit Card,Completed,2025-03
ORD103045,2025-01-17,CUST10757,West,Website,Beauty,Shampoo,2,351.92,0.2,0.0,Debit Card,Cancelled,2025-01
ORD103046,2025-02-17,CUST10567,Central,Marketplace,Home & Kitchen,Coffee Maker,4,2008.68,0.2,6427.78,UPI,Completed,2025-02
ORD103047,2025-06-24,CUST10497,North,Mobile App,Fashion,Backpack,1,2112.57,0.05,2006.94,UPI,Completed,2025-06
ORD103048,2025-02-05,CUST10271,Central,Mobile App,Electronics,Monitor,2,15948.97,0.05,30303.04,UPI,Completed,2025-02
ORD103049,2025-07-22,CUST10237,West,Website,Electronics,Smartphone,1,24056.04,0.25,18042.03,UPI,Completed,2025-07
ORD103050,2025-01-19,CUST10453,West,Website,Electronics,Smartphone,2,1418.16,0.05,2694.5,Credit Card,Completed,2025-01
ORD103051,2025-06-15,CUST10823,South,Website,Beauty,Moisturizer,3,711.47,0.15,1814.25,UPI,Completed,2025-06
ORD103052,2025-06-30,CUST10201,North,Mobile App,Home & Kitchen,Coffee Maker,1,4489.71,0.05,4265.22,Debit Card,Completed,2025-06
ORD103053,2025-06-12,CUST10791,West,Website,Fashion,Jacket,5,2595.62,0.15,11031.38,Debit Card,Completed,2025-06
ORD103054,2025-05-11,CUST10203,South,Marketplace,Electronics,Headphones,1,21187.76,0.2,16950.21,Cash on Delivery,Completed,2025-05
ORD103055,2025-06-17,CUST10233,Central,Website,Electronics,Laptop,1,9487.39,0.0,9487.39,Debit Card,Completed,2025-06
ORD103056,2025-12-01,CUST10537,East,Marketplace,Beauty,Perfume,3,1545.4,0.2,3708.96,Cash on Delivery,Completed,2025-12
ORD103057,2025-03-17,CUST10833,East,Marketplace,Furniture,Office Chair,1,17477.48,0.15,14855.86,UPI,Completed,2025-03
ORD103058,2025-04-18,CUST10580,East,Website,Beauty,Moisturizer,1,1056.5,0.05,1003.67,UPI,Completed,2025-04
ORD103059,2025-12-24,CUST10103,West,Mobile App,Beauty,Shampoo,4,457.08,0.1,1645.49,Credit Card,Completed,2025-12
ORD103060,2025-09-02,CUST10098,South,Marketplace,Fashion,Backpack,1,2587.69,0.1,2328.92,Cash on Delivery,Completed,2025-09
ORD103061,2025-06-21,CUST10178,West,Website,Furniture,Study Table,1,2258.2,0.1,2032.38,Credit Card,Completed,2025-06
ORD103062,2025-08-20,CUST10159,South,Website,Electronics,Smartwatch,1,21074.48,0.15,17913.31,UPI,Completed,2025-08
ORD103063,2025-01-08,CUST10289,South,Website,Beauty,Perfume,1,561.43,0.2,0.0,Cash on Delivery,Cancelled,2025-01
ORD103064,2025-11-03,CUST10254,East,Website,Furniture,Study Table,2,7457.93,0.1,13424.27,Net Banking,Completed,2025-11
ORD103065,2025-09-26,CUST10073,East,Website,Home & Kitchen,Vacuum Cleaner,1,13153.23,0.1,11837.91,Net Banking,Completed,2025-09
ORD103066,2025-11-04,CUST10275,East,Website,Home & Kitchen,Cookware Set,1,2147.39,0.2,1717.91,Debit Card,Completed,2025-11
ORD103067,2025-10-27,CUST10776,West,Website,Home & Kitchen,Mixer Grinder,3,2295.71,0.05,6542.77,UPI,Completed,2025-10
ORD103068,2025-09-07,CUST10648,North,Website,Furniture,Office Chair,1,3750.12,0.2,3000.1,UPI,Completed,2025-09
ORD103069,2025-02-17,CUST10180,South,Mobile App,Home & Kitchen,Cookware Set,3,12091.86,0.1,32648.02,Credit Card,Completed,2025-02
ORD103070,2025-03-28,CUST10672,West,Website,Furniture,Bedside Table,1,1851.2,0.2,1480.96,UPI,Completed,2025-03
ORD103071,2025-06-12,CUST10209,West,Website,Fashion,Jeans,2,720.21,0.05,1368.4,Credit Card,Completed,2025-06
ORD103072,2025-09-30,CUST10673,West,Website,Beauty,Perfume,3,570.05,0.15,1453.63,Debit Card,Completed,2025-09
ORD103073,2025-11-19,CUST10324,Central,Website,Beauty,Face Wash,1,1226.06,0.1,1103.45,UPI,Completed,2025-11
ORD103074,2025-12-28,CUST10654,North,Marketplace,Furniture,Office Chair,2,6910.74,0.05,13130.41,Net Banking,Completed,2025-12
ORD103075,2025-03-16,CUST10497,West,Website,Furniture,Study Table,1,7068.38,0.0,7068.38,Credit Card,Completed,2025-03
ORD103076,2025-03-15,CUST10726,North,Mobile App,Electronics,Headphones,1,2484.51,0.05,2360.28,Cash on Delivery,Completed,2025-03
ORD103077,2025-07-04,CUST10514,East,Marketplace,Furniture,Bookshelf,1,5594.2,0.1,5034.78,Credit Card,Completed,2025-07
ORD103078,2025-08-30,CUST10698,West,Marketplace,Beauty,Shampoo,2,3219.06,0.15,5472.4,Cash on Delivery,Completed,2025-08
ORD103079,2025-08-28,CUST10858,West,Mobile App,Fashion,Jacket,3,1220.19,0.15,3111.48,Debit Card,Completed,2025-08
ORD103080,2025-02-06,CUST10509,North,Mobile App,Furniture,Bookshelf,1,2622.29,0.15,2228.95,Debit Card,Completed,2025-02
ORD103081,2025-05-07,CUST10801,South,Marketplace,Home & Kitchen,Cookware Set,1,8228.14,0.1,0.0,UPI,Returned,2025-05
ORD103082,2025-08-15,CUST10640,West,Mobile App,Home & Kitchen,Mixer Grinder,1,5478.75,0.0,5478.75,Net Banking,Completed,2025-08
ORD103083,2025-03-28,CUST10385,East,Mobile App,Home & Kitchen,Air Fryer,2,1069.04,0.15,1817.37,Net Banking,Completed,2025-03
ORD103084,2025-02-27,CUST10209,North,Mobile App,Furniture,Bedside Table,4,29178.27,0.15,99206.12,Net Banking,Completed,2025-02
ORD103085,2025-06-11,CUST10174,West,Website,Home & Kitchen,Vacuum Cleaner,1,830.68,0.2,664.54,Cash on Delivery,Completed,2025-06
ORD103086,2025-06-19,CUST10268,East,Marketplace,Electronics,Laptop,1,2569.2,0.1,2312.28,Debit Card,Completed,2025-06
ORD103087,2025-08-04,CUST10431,Central,Mobile App,Furniture,Office Chair,2,4425.52,0.1,7965.94,UPI,Completed,2025-08
ORD103088,2025-12-25,CUST10445,North,Website,Electronics,Monitor,1,9592.38,0.15,8153.52,Credit Card,Completed,2025-12
ORD103089,2025-10-16,CUST10014,Central,Mobile App,Beauty,Face Wash,2,1037.91,0.1,1868.24,UPI,Completed,2025-10
ORD103090,2025-09-19,CUST10416,West,Mobile App,Beauty,Sunscreen,1,1221.14,0.1,1099.03,Net Banking,Completed,2025-09
ORD103091,2025-12-02,CUST10750,Central,Mobile App,Electronics,Monitor,3,1454.72,0.2,3491.33,Debit Card,Completed,2025-12
ORD103092,2025-02-15,CUST10625,West,Website,Beauty,Face Wash,1,613.88,0.2,491.1,Credit Card,Completed,2025-02
ORD103093,2025-06-02,CUST10235,North,Website,Electronics,Smartphone,2,51325.34,0.1,92385.61,Net Banking,Completed,2025-06
ORD103094,2025-03-21,CUST10834,South,Website,Electronics,Laptop,2,1865.71,0.1,3358.28,Credit Card,Completed,2025-03
ORD103095,2025-09-22,CUST10345,West,Website,Furniture,Sofa,1,1840.88,0.1,1656.79,Credit Card,Completed,2025-09
ORD103096,2025-07-12,CUST10178,South,Website,Fashion,Backpack,5,977.27,0.1,4397.72,Credit Card,Completed,2025-07
ORD103097,2025-10-16,CUST10404,North,Mobile App,Electronics,Smartphone,1,65284.56,0.2,52227.65,UPI,Completed,2025-10
ORD103098,2025-10-07,CUST10739,West,Website,Beauty,Perfume,2,1257.02,0.1,2262.64,Net Banking,Completed,2025-10
ORD103099,2025-12-02,CUST10288,East,Mobile App,Electronics,Smartphone,1,2086.92,0.05,1982.57,Cash on Delivery,Completed,2025-12
ORD103100,2025-01-25,CUST10542,South,Website,Electronics,Headphones,1,4592.0,0.15,3903.2,Net Banking,Completed,2025-01
ORD103101,2025-09-19,CUST10741,South,Mobile App,Home & Kitchen,Coffee Maker,1,4613.74,0.1,4152.37,Debit Card,Completed,2025-09
ORD103102,2025-03-02,CUST10447,North,Website,Furniture,Bookshelf,1,14549.03,0.2,11639.22,UPI,Completed,2025-03
ORD103103,2025-04-25,CUST10405,East,Mobile App,Home & Kitchen,Coffee Maker,2,1573.93,0.1,0.0,Cash on Delivery,Cancelled,2025-04
ORD103104,2025-11-08,CUST10074,West,Mobile App,Fashion,T-Shirt,2,6064.97,0.2,9703.95,Cash on Delivery,Completed,2025-11
ORD103105,2025-12-09,CUST10473,West,Mobile App,Home & Kitchen,Air Fryer,3,8214.48,0.1,22179.1,Net Banking,Completed,2025-12
ORD103106,2025-10-13,CUST10228,East,Mobile App,Beauty,Moisturizer,3,1020.71,0.1,2755.92,Net Banking,Completed,2025-10
ORD103107,2025-09-09,CUST10280,South,Marketplace,Beauty,Shampoo,1,3857.19,0.1,3471.47,Cash on Delivery,Completed,2025-09
ORD103108,2025-10-29,CUST10399,North,Website,Fashion,Jacket,2,857.39,0.1,1543.3,Cash on Delivery,Completed,2025-10
ORD103109,2025-08-22,CUST10314,South,Mobile App,Electronics,Smartphone,4,5101.92,0.2,0.0,UPI,Returned,2025-08
ORD103110,2025-06-07,CUST10888,North,Mobile App,Home & Kitchen,Vacuum Cleaner,1,1327.74,0.15,1128.58,Cash on Delivery,Completed,2025-06
ORD103111,2025-02-01,CUST10328,South,Marketplace,Home & Kitchen,Cookware Set,1,11512.38,0.1,0.0,UPI,Cancelled,2025-02
ORD103112,2025-03-25,CUST10782,North,Mobile App,Home & Kitchen,Air Fryer,3,3950.15,0.05,11257.93,Credit Card,Completed,2025-03
ORD103113,2025-07-12,CUST10453,North,Marketplace,Home & Kitchen,Mixer Grinder,3,8249.99,0.1,22274.97,UPI,Completed,2025-07
ORD103114,2025-12-27,CUST10376,North,Marketplace,Fashion,Jeans,1,1939.41,0.1,1745.47,Debit Card,Completed,2025-12
ORD103115,2025-10-13,CUST10682,Central,Mobile App,Home & Kitchen,Cookware Set,3,1750.79,0.05,4989.75,UPI,Completed,2025-10
ORD103116,2025-10-10,CUST10337,West,Website,Fashion,Jacket,1,1616.19,0.05,1535.38,Credit Card,Completed,2025-10
ORD103117,2025-12-13,CUST10700,West,Marketplace,Furniture,Office Chair,2,19916.42,0.1,35849.56,UPI,Completed,2025-12
ORD103118,2025-06-23,CUST10032,East,Marketplace,Electronics,Laptop,1,13778.26,0.2,11022.61,UPI,Completed,2025-06
ORD103119,2025-06-29,CUST10326,South,Marketplace,Home & Kitchen,Vacuum Cleaner,3,1319.72,0.25,2969.37,Credit Card,Completed,2025-06
ORD103120,2025-06-10,CUST10112,West,Mobile App,Fashion,Jacket,1,874.63,0.05,830.9,Net Banking,Completed,2025-06
ORD103121,2025-09-07,CUST10268,West,Website,Home & Kitchen,Vacuum Cleaner,1,7854.15,0.0,0.0,Debit Card,Cancelled,2025-09
ORD103122,2025-12-17,CUST10063,East,Website,Fashion,Sneakers,3,1680.74,0.05,4790.11,Net Banking,Completed,2025-12
ORD103123,2025-06-01,CUST10276,West,Website,Home & Kitchen,Cookware Set,1,5395.62,0.2,4316.5,Net Banking,Completed,2025-06
ORD103124,2025-09-28,CUST10848,East,Mobile App,Electronics,Monitor,3,21040.49,0.25,47341.1,Net Banking,Completed,2025-09
ORD103125,2025-03-29,CUST10263,West,Website,Fashion,T-Shirt,5,984.31,0.05,4675.47,Credit Card,Completed,2025-03
ORD103126,2025-04-18,CUST10717,North,Website,Electronics,Smartwatch,3,6180.47,0.15,15760.2,Debit Card,Completed,2025-04
ORD103127,2025-10-15,CUST10827,South,Website,Fashion,T-Shirt,1,4293.4,0.1,3864.06,Credit Card,Completed,2025-10
ORD103128,2025-03-28,CUST10090,Central,Mobile App,Electronics,Smartwatch,3,21808.65,0.1,58883.36,Credit Card,Completed,2025-03
ORD103129,2025-09-03,CUST10305,Central,Mobile App,Home & Kitchen,Vacuum Cleaner,2,17772.56,0.0,35545.12,UPI,Completed,2025-09
ORD103130,2025-06-22,CUST10498,North,Mobile App,Fashion,Backpack,1,775.58,0.15,659.24,UPI,Completed,2025-06
ORD103131,2025-02-27,CUST10398,North,Mobile App,Beauty,Moisturizer,2,1523.23,0.1,0.0,Cash on Delivery,Returned,2025-02
ORD103132,2025-11-09,CUST10673,West,Website,Beauty,Moisturizer,1,542.63,0.0,0.0,Credit Card,Cancelled,2025-11
ORD103133,2025-03-09,CUST10204,Central,Marketplace,Home & Kitchen,Coffee Maker,1,9405.52,0.25,7054.14,Debit Card,Completed,2025-03
ORD103134,2025-01-16,CUST10220,West,Mobile App,Furniture,Study Table,1,22917.1,0.15,19479.53,Credit Card,Completed,2025-01
ORD103135,2025-10-03,CUST10601,South,Website,Electronics,Headphones,5,2028.33,0.2,8113.32,Debit Card,Completed,2025-10
ORD103136,2025-09-02,CUST10791,Central,Marketplace,Beauty,Shampoo,1,563.47,0.1,507.12,Net Banking,Completed,2025-09
ORD103137,2025-05-05,CUST10392,North,Mobile App,Fashion,Backpack,1,2167.66,0.1,0.0,Credit Card,Cancelled,2025-05
ORD103138,2025-11-23,CUST10017,West,Website,Fashion,Jeans,2,620.82,0.2,0.0,Credit Card,Cancelled,2025-11
ORD103139,2025-04-14,CUST10685,South,Website,Electronics,Laptop,2,71144.7,0.1,128060.46,UPI,Completed,2025-04
ORD103140,2025-06-26,CUST10640,South,Mobile App,Home & Kitchen,Vacuum Cleaner,2,14938.54,0.0,29877.08,Net Banking,Completed,2025-06
ORD103141,2025-04-17,CUST10736,North,Website,Beauty,Shampoo,1,1927.45,0.25,1445.59,Net Banking,Completed,2025-04
ORD103142,2025-08-31,CUST10316,Central,Mobile App,Furniture,Sofa,3,8319.72,0.15,21215.29,Credit Card,Completed,2025-08
ORD103143,2025-03-24,CUST10733,North,Marketplace,Electronics,Monitor,5,1053.18,0.1,4739.31,Net Banking,Completed,2025-03
ORD103144,2025-04-28,CUST10084,South,Mobile App,Home & Kitchen,Cookware Set,4,1725.07,0.1,6210.25,UPI,Completed,2025-04
ORD103145,2025-04-11,CUST10652,West,Mobile App,Fashion,Jeans,3,6899.19,0.0,20697.57,UPI,Completed,2025-04
ORD103146,2025-06-08,CUST10115,North,Mobile App,Beauty,Face Wash,1,830.65,0.15,706.05,UPI,Completed,2025-06
ORD103147,2025-02-19,CUST10737,West,Mobile App,Furniture,Bedside Table,1,20000.89,0.05,0.0,UPI,Cancelled,2025-02
ORD103148,2025-06-10,CUST10374,North,Mobile App,Fashion,Backpack,3,2314.63,0.05,6596.7,Cash on Delivery,Completed,2025-06
ORD103149,2025-09-01,CUST10530,South,Marketplace,Fashion,Jacket,1,830.44,0.05,788.92,UPI,Completed,2025-09
ORD103150,2025-05-10,CUST10807,East,Website,Home & Kitchen,Air Fryer,1,2234.02,0.1,2010.62,Debit Card,Completed,2025-05
ORD103151,2025-09-22,CUST10436,West,Website,Furniture,Bookshelf,1,7092.96,0.15,6029.02,UPI,Completed,2025-09
ORD103152,2025-04-20,CUST10077,South,Website,Furniture,Sofa,1,2041.45,0.05,0.0,Cash on Delivery,Returned,2025-04
ORD103153,2025-11-27,CUST10289,North,Mobile App,Furniture,Sofa,1,6978.18,0.1,6280.36,Debit Card,Completed,2025-11
ORD103154,2025-10-16,CUST10895,West,Mobile App,Fashion,Jeans,1,4990.01,0.05,4740.51,Credit Card,Completed,2025-10
ORD103155,2025-02-07,CUST10207,South,Website,Beauty,Moisturizer,1,2653.13,0.15,2255.16,UPI,Completed,2025-02
ORD103156,2025-11-12,CUST10211,Central,Website,Beauty,Face Wash,2,1858.9,0.0,3717.8,UPI,Completed,2025-11
ORD103157,2025-04-18,CUST10073,South,Marketplace,Fashion,Backpack,1,860.2,0.1,774.18,Debit Card,Completed,2025-04
ORD103158,2025-11-22,CUST10706,South,Website,Beauty,Face Wash,5,634.68,0.1,2856.06,Credit Card,Completed,2025-11
ORD103159,2025-01-30,CUST10296,Central,Website,Fashion,Jacket,1,783.9,0.25,587.92,Debit Card,Completed,2025-01
ORD103160,2025-10-09,CUST10485,West,Mobile App,Beauty,Shampoo,2,1972.62,0.15,3353.45,UPI,Completed,2025-10
ORD103161,2025-06-13,CUST10608,North,Mobile App,Home & Kitchen,Air Fryer,2,3676.56,0.15,6250.15,UPI,Completed,2025-06
ORD103162,2025-07-03,CUST10555,South,Website,Home & Kitchen,Vacuum Cleaner,1,8411.69,0.15,7149.94,Credit Card,Completed,2025-07
ORD103163,2025-11-14,CUST10339,West,Mobile App,Home & Kitchen,Coffee Maker,1,880.37,0.05,836.35,UPI,Completed,2025-11
ORD103164,2025-10-15,CUST10896,East,Mobile App,Beauty,Shampoo,3,3054.92,0.1,8248.28,Credit Card,Completed,2025-10
ORD103165,2025-01-20,CUST10158,North,Mobile App,Furniture,Bedside Table,1,27734.56,0.2,22187.65,Net Banking,Completed,2025-01
ORD103166,2025-06-23,CUST10342,Central,Website,Beauty,Sunscreen,1,397.58,0.05,377.7,Cash on Delivery,Completed,2025-06
ORD103167,2025-12-27,CUST10401,East,Website,Home & Kitchen,Cookware Set,1,4636.27,0.15,3940.83,Net Banking,Completed,2025-12
ORD103168,2025-05-12,CUST10455,Central,Mobile App,Beauty,Perfume,3,354.63,0.0,1063.89,UPI,Completed,2025-05
ORD103169,2025-07-24,CUST10612,East,Mobile App,Electronics,Headphones,1,2567.56,0.1,2310.8,Credit Card,Completed,2025-07
ORD103170,2025-09-22,CUST10439,South,Mobile App,Beauty,Face Wash,1,4188.83,0.05,3979.39,Debit Card,Completed,2025-09
ORD103171,2025-01-16,CUST10311,East,Mobile App,Fashion,Jacket,3,4191.1,0.15,10687.31,UPI,Completed,2025-01
ORD103172,2025-03-26,CUST10634,East,Mobile App,Home & Kitchen,Cookware Set,1,1242.76,0.0,1242.76,UPI,Completed,2025-03
ORD103173,2025-10-31,CUST10690,Central,Mobile App,Fashion,Jeans,2,4284.41,0.15,7283.5,Debit Card,Completed,2025-10
ORD103174,2025-05-28,CUST10614,North,Website,Fashion,T-Shirt,1,5153.93,0.05,4896.23,Credit Card,Completed,2025-05
ORD103175,2025-10-11,CUST10782,East,Website,Home & Kitchen,Vacuum Cleaner,2,10406.57,0.05,0.0,UPI,Cancelled,2025-10
ORD103176,2025-05-22,CUST10895,West,Website,Fashion,Jeans,2,1127.65,0.1,2029.77,Cash on Delivery,Completed,2025-05
ORD103177,2025-03-01,CUST10032,South,Mobile App,Fashion,Jacket,2,2199.98,0.0,4399.96,UPI,Completed,2025-03
ORD103178,2025-08-11,CUST10576,West,Website,Fashion,Jeans,3,4579.25,0.15,11677.09,Cash on Delivery,Completed,2025-08
ORD103179,2025-12-07,CUST10812,West,Marketplace,Electronics,Laptop,2,2182.99,0.1,3929.38,Cash on Delivery,Completed,2025-12
ORD103180,2025-10-22,CUST10893,South,Mobile App,Fashion,Backpack,1,580.32,0.15,493.27,Cash on Delivery,Completed,2025-10
ORD103181,2025-04-01,CUST10566,Central,Website,Beauty,Shampoo,1,1963.55,0.1,1767.19,Debit Card,Completed,2025-04
ORD103182,2025-04-07,CUST10043,Central,Website,Fashion,Sneakers,3,734.08,0.2,1761.79,UPI,Completed,2025-04
ORD103183,2025-02-10,CUST10023,North,Mobile App,Furniture,Sofa,3,16813.89,0.1,0.0,UPI,Cancelled,2025-02
ORD103184,2025-09-06,CUST10787,South,Mobile App,Beauty,Moisturizer,2,358.6,0.1,0.0,Net Banking,Returned,2025-09
ORD103185,2025-09-19,CUST10698,Central,Website,Beauty,Sunscreen,2,2326.96,0.1,4188.53,Cash on Delivery,Completed,2025-09
ORD103186,2025-09-19,CUST10373,South,Website,Home & Kitchen,Vacuum Cleaner,2,13092.94,0.0,26185.88,Debit Card,Completed,2025-09
ORD103187,2025-08-05,CUST10630,East,Marketplace,Home & Kitchen,Coffee Maker,2,13698.71,0.15,23287.81,Debit Card,Completed,2025-08
ORD103188,2025-05-06,CUST10086,South,Website,Beauty,Perfume,3,3257.28,0.05,9283.25,Credit Card,Completed,2025-05
ORD103189,2025-08-02,CUST10126,West,Website,Furniture,Study Table,3,4319.25,0.15,11014.09,Net Banking,Completed,2025-08
ORD103190,2025-05-25,CUST10424,South,Marketplace,Home & Kitchen,Coffee Maker,2,1934.46,0.15,3288.58,UPI,Completed,2025-05
ORD103191,2025-05-02,CUST10244,South,Mobile App,Furniture,Office Chair,3,3839.47,0.2,9214.73,Credit Card,Completed,2025-05
ORD103192,2025-09-15,CUST10810,East,Mobile App,Fashion,Jacket,1,612.96,0.0,612.96,Cash on Delivery,Completed,2025-09
ORD103193,2025-10-21,CUST10050,West,Mobile App,Home & Kitchen,Air Fryer,1,17121.94,0.1,0.0,Cash on Delivery,Returned,2025-10
ORD103194,2025-12-14,CUST10692,South,Marketplace,Fashion,T-Shirt,1,1572.71,0.2,1258.17,UPI,Completed,2025-12
ORD103195,2025-03-05,CUST10755,South,Website,Electronics,Monitor,1,17940.93,0.05,17043.88,Credit Card,Completed,2025-03
ORD103196,2025-05-30,CUST10443,West,Mobile App,Home & Kitchen,Cookware Set,2,895.62,0.2,1432.99,UPI,Completed,2025-05
ORD103197,2025-01-08,CUST10327,North,Website,Furniture,Sofa,1,1837.23,0.15,1561.65,UPI,Completed,2025-01
ORD103198,2025-06-20,CUST10768,North,Marketplace,Beauty,Shampoo,2,547.66,0.1,985.79,UPI,Completed,2025-06
ORD103199,2025-09-19,CUST10634,North,Website,Fashion,Backpack,1,1936.96,0.25,1452.72,Cash on Delivery,Completed,2025-09
ORD103200,2025-02-20,CUST10848,West,Website,Fashion,T-Shirt,3,531.65,0.05,1515.2,Debit Card,Completed,2025-02
ORD103201,2025-10-19,CUST10410,South,Mobile App,Home & Kitchen,Vacuum Cleaner,2,11754.04,0.1,21157.27,UPI,Completed,2025-10
ORD103202,2025-01-10,CUST10064,West,Mobile App,Fashion,Sneakers,2,2307.65,0.15,3923.01,Credit Card,Completed,2025-01
ORD103203,2025-02-05,CUST10171,North,Website,Electronics,Smartwatch,1,2961.89,0.25,2221.42,Debit Card,Completed,2025-02
ORD103204,2025-10-31,CUST10109,West,Mobile App,Home & Kitchen,Vacuum Cleaner,2,1878.82,0.1,3381.88,Credit Card,Completed,2025-10
ORD103205,2025-06-26,CUST10175,South,Mobile App,Electronics,Smartphone,1,1243.74,0.15,1057.18,Debit Card,Completed,2025-06
ORD103206,2025-08-17,CUST10809,East,Marketplace,Beauty,Face Wash,2,912.87,0.1,1643.17,Debit Card,Completed,2025-08
ORD103207,2025-12-15,CUST10681,South,Mobile App,Fashion,Sneakers,2,1266.17,0.05,2405.72,Credit Card,Completed,2025-12
ORD103208,2025-02-13,CUST10398,North,Website,Beauty,Perfume,2,448.3,0.15,762.11,Credit Card,Completed,2025-02
ORD103209,2025-03-09,CUST10196,South,Mobile App,Furniture,Office Chair,2,6451.71,0.05,12258.25,Credit Card,Completed,2025-03
ORD103210,2025-08-31,CUST10176,South,Mobile App,Furniture,Sofa,1,5788.37,0.1,5209.53,Net Banking,Completed,2025-08
ORD103211,2025-06-11,CUST10510,East,Mobile App,Home & Kitchen,Mixer Grinder,1,8193.4,0.1,7374.06,Credit Card,Completed,2025-06
ORD103212,2025-07-18,CUST10282,South,Website,Furniture,Bedside Table,2,1830.62,0.05,3478.18,UPI,Completed,2025-07
ORD103213,2025-07-28,CUST10014,West,Marketplace,Fashion,Jeans,1,1650.21,0.2,1320.17,Cash on Delivery,Completed,2025-07
ORD103214,2025-08-11,CUST10609,West,Mobile App,Home & Kitchen,Coffee Maker,4,17855.02,0.1,64278.07,UPI,Completed,2025-08
ORD103215,2025-08-15,CUST10580,East,Mobile App,Furniture,Bookshelf,2,29702.17,0.2,47523.47,UPI,Completed,2025-08
ORD103216,2025-04-16,CUST10611,East,Mobile App,Furniture,Bedside Table,2,15766.34,0.1,0.0,Credit Card,Cancelled,2025-04
ORD103217,2025-12-26,CUST10732,Central,Mobile App,Electronics,Headphones,4,14190.64,0.05,53924.43,Cash on Delivery,Completed,2025-12
ORD103218,2025-01-26,CUST10823,West,Mobile App,Furniture,Study Table,3,3293.68,0.05,9386.99,Net Banking,Completed,2025-01
ORD103219,2025-04-27,CUST10839,West,Mobile App,Beauty,Sunscreen,3,3401.08,0.1,0.0,UPI,Returned,2025-04
ORD103220,2025-05-17,CUST10373,North,Mobile App,Furniture,Sofa,5,2460.77,0.1,11073.47,Net Banking,Completed,2025-05
ORD103221,2025-11-18,CUST10645,South,Marketplace,Electronics,Smartphone,3,36051.51,0.05,0.0,UPI,Returned,2025-11
ORD103222,2025-01-14,CUST10783,Central,Website,Furniture,Study Table,1,2055.97,0.25,1541.98,Net Banking,Completed,2025-01
ORD103223,2025-01-30,CUST10775,South,Mobile App,Home & Kitchen,Mixer Grinder,2,870.4,0.15,1479.68,Cash on Delivery,Completed,2025-01
ORD103224,2025-05-28,CUST10313,East,Website,Electronics,Monitor,1,50267.79,0.1,45241.01,Credit Card,Completed,2025-05
ORD103225,2025-12-10,CUST10345,Central,Marketplace,Electronics,Headphones,1,1654.91,0.05,1572.16,UPI,Completed,2025-12
ORD103226,2025-08-31,CUST10414,South,Marketplace,Furniture,Study Table,1,2590.7,0.05,2461.16,Debit Card,Completed,2025-08
ORD103227,2025-09-16,CUST10362,East,Mobile App,Electronics,Laptop,1,21942.88,0.05,20845.74,Cash on Delivery,Completed,2025-09
ORD103228,2025-01-15,CUST10793,North,Mobile App,Furniture,Sofa,1,34860.01,0.0,0.0,UPI,Cancelled,2025-01
ORD103229,2025-06-29,CUST10201,North,Mobile App,Beauty,Moisturizer,2,879.44,0.05,1670.94,UPI,Completed,2025-06
ORD103230,2025-07-01,CUST10196,South,Marketplace,Beauty,Moisturizer,2,1557.24,0.0,3114.48,UPI,Completed,2025-07
ORD103231,2025-09-23,CUST10873,East,Website,Home & Kitchen,Mixer Grinder,1,5922.7,0.05,5626.56,Credit Card,Completed,2025-09
ORD103232,2025-04-20,CUST10674,North,Mobile App,Fashion,Jacket,1,1420.43,0.0,1420.43,UPI,Completed,2025-04
ORD103233,2025-11-30,CUST10618,North,Website,Electronics,Headphones,3,24505.3,0.15,62488.51,Debit Card,Completed,2025-11
ORD103234,2025-06-07,CUST10375,West,Website,Beauty,Perfume,1,1453.13,0.1,1307.82,UPI,Completed,2025-06
ORD103235,2025-09-01,CUST10610,South,Mobile App,Electronics,Smartphone,1,31021.48,0.15,0.0,Credit Card,Cancelled,2025-09
ORD103236,2025-08-18,CUST10229,West,Mobile App,Fashion,Sneakers,4,2639.16,0.2,8445.31,Credit Card,Completed,2025-08
ORD103237,2025-06-15,CUST10122,South,Mobile App,Electronics,Headphones,3,8707.52,0.1,23510.3,Cash on Delivery,Completed,2025-06
ORD103238,2025-12-12,CUST10086,Central,Mobile App,Home & Kitchen,Vacuum Cleaner,3,754.42,0.25,1697.44,UPI,Completed,2025-12
ORD103239,2025-01-05,CUST10635,North,Mobile App,Fashion,Jeans,1,2414.29,0.1,2172.86,Debit Card,Completed,2025-01
ORD103240,2025-08-27,CUST10344,South,Mobile App,Beauty,Face Wash,1,4959.97,0.1,4463.97,UPI,Completed,2025-08
ORD103241,2025-06-09,CUST10543,North,Website,Electronics,Headphones,2,3597.88,0.1,6476.18,UPI,Completed,2025-06
ORD103242,2025-06-12,CUST10630,West,Website,Home & Kitchen,Coffee Maker,1,5117.19,0.1,4605.47,Debit Card,Completed,2025-06
ORD103243,2025-08-19,CUST10579,North,Website,Beauty,Sunscreen,3,570.55,0.1,1540.48,Debit Card,Completed,2025-08
ORD103244,2025-10-29,CUST10795,West,Website,Furniture,Sofa,2,15627.08,0.25,23440.62,Debit Card,Completed,2025-10
ORD103245,2025-06-29,CUST10120,Central,Mobile App,Electronics,Laptop,1,10727.09,0.05,10190.74,Credit Card,Completed,2025-06
ORD103246,2025-08-17,CUST10603,South,Marketplace,Fashion,Jeans,1,1416.61,0.2,1133.29,Cash on Delivery,Completed,2025-08
ORD103247,2025-12-15,CUST10181,West,Mobile App,Fashion,T-Shirt,2,428.7,0.05,814.53,Debit Card,Completed,2025-12
ORD103248,2025-12-24,CUST10888,North,Website,Electronics,Headphones,1,1804.71,0.2,1443.77,Credit Card,Completed,2025-12
ORD103249,2025-09-22,CUST10049,North,Mobile App,Electronics,Monitor,2,20132.26,0.1,36238.07,UPI,Completed,2025-09
ORD103250,2025-05-23,CUST10679,North,Mobile App,Beauty,Face Wash,1,640.92,0.1,576.83,UPI,Completed,2025-05
ORD103251,2025-12-24,CUST10287,Central,Website,Beauty,Shampoo,2,4659.84,0.1,8387.71,Credit Card,Completed,2025-12
ORD103252,2025-11-09,CUST10362,West,Marketplace,Furniture,Study Table,2,8376.31,0.25,12564.47,UPI,Completed,2025-11
ORD103253,2025-05-04,CUST10794,West,Mobile App,Fashion,Jeans,1,1334.12,0.05,1267.41,UPI,Completed,2025-05
ORD103254,2025-01-12,CUST10173,West,Website,Fashion,Jeans,1,1100.88,0.25,825.66,Cash on Delivery,Completed,2025-01
ORD103255,2025-12-07,CUST10561,South,Website,Furniture,Office Chair,2,14757.14,0.05,28038.57,Net Banking,Completed,2025-12
ORD103256,2025-09-25,CUST10511,Central,Website,Beauty,Face Wash,1,366.16,0.2,292.93,Credit Card,Completed,2025-09
ORD103257,2025-04-17,CUST10699,West,Website,Furniture,Bookshelf,1,3907.92,0.2,3126.34,Cash on Delivery,Completed,2025-04
ORD103258,2025-12-11,CUST10824,East,Marketplace,Beauty,Sunscreen,1,3420.31,0.2,2736.25,Credit Card,Completed,2025-12
ORD103259,2025-04-13,CUST10556,South,Website,Furniture,Office Chair,2,8385.64,0.05,15932.72,UPI,Completed,2025-04
ORD103260,2025-09-06,CUST10696,South,Marketplace,Beauty,Sunscreen,1,2068.07,0.2,1654.46,Net Banking,Completed,2025-09
ORD103261,2025-01-11,CUST10545,Unknown,Mobile App,Beauty,Face Wash,1,2759.78,0.1,0.0,Credit Card,Returned,2025-01
ORD103262,2025-04-22,CUST10866,West,Website,Furniture,Office Chair,3,5271.26,0.1,0.0,Net Banking,Cancelled,2025-04
ORD103263,2025-10-11,CUST10539,South,Marketplace,Fashion,Backpack,1,1657.69,0.0,1657.69,UPI,Completed,2025-10
ORD103264,2025-08-15,CUST10593,South,Website,Beauty,Moisturizer,1,4275.99,0.15,3634.59,Debit Card,Completed,2025-08
ORD103265,2025-02-10,CUST10126,West,Website,Home & Kitchen,Vacuum Cleaner,4,4620.49,0.2,14785.57,Debit Card,Completed,2025-02
ORD103266,2025-02-05,CUST10451,Central,Marketplace,Home & Kitchen,Vacuum Cleaner,2,1676.3,0.15,2849.71,UPI,Completed,2025-02
ORD103267,2025-03-15,CUST10467,North,Website,Beauty,Shampoo,1,3271.02,0.2,2616.82,Credit Card,Completed,2025-03
ORD103268,2025-09-26,CUST10633,West,Website,Home & Kitchen,Air Fryer,1,5745.41,0.05,5458.14,UPI,Completed,2025-09
ORD103269,2025-07-09,CUST10162,South,Mobile App,Fashion,Sneakers,2,616.68,0.1,1110.02,Cash on Delivery,Completed,2025-07
ORD103270,2025-06-09,CUST10558,West,Website,Beauty,Moisturizer,2,531.33,0.15,903.26,UPI,Completed,2025-06
ORD103271,2025-06-25,CUST10497,East,Mobile App,Furniture,Study Table,2,7612.79,0.15,12941.74,UPI,Completed,2025-06
ORD103272,2025-11-29,CUST10582,South,Website,Furniture,Sofa,2,1852.87,0.1,3335.17,Credit Card,Completed,2025-11
ORD103273,2025-08-20,CUST10889,West,Marketplace,Beauty,Moisturizer,1,581.78,0.05,552.69,Cash on Delivery,Completed,2025-08
ORD103274,2025-02-19,CUST10447,Central,Mobile App,Beauty,Moisturizer,2,935.65,0.05,0.0,Cash on Delivery,Returned,2025-02
ORD103275,2025-09-10,CUST10319,North,Mobile App,Fashion,Jacket,2,6999.14,0.1,0.0,Net Banking,Cancelled,2025-09
ORD103276,2025-12-03,CUST10487,West,Marketplace,Fashion,T-Shirt,1,4787.03,0.1,4308.33,Net Banking,Completed,2025-12
ORD103277,2025-09-03,CUST10450,East,Website,Furniture,Bedside Table,1,16989.78,0.05,16140.29,Credit Card,Completed,2025-09
ORD103278,2025-03-30,CUST10497,South,Website,Furniture,Sofa,3,29405.17,0.1,79393.96,UPI,Completed,2025-03
ORD103279,2025-08-08,CUST10376,South,Mobile App,Furniture,Bedside Table,1,25450.24,0.1,22905.22,UPI,Completed,2025-08
ORD103280,2025-06-17,CUST10020,South,Website,Beauty,Perfume,2,1347.54,0.1,2425.57,Credit Card,Completed,2025-06
ORD103281,2025-03-01,CUST10357,South,Website,Furniture,Sofa,2,11873.14,0.15,20184.34,UPI,Completed,2025-03
ORD103282,2025-06-25,CUST10358,East,Website,Home & Kitchen,Air Fryer,1,4624.44,0.2,3699.55,UPI,Completed,2025-06
ORD103283,2025-02-06,CUST10803,South,Website,Electronics,Headphones,1,9014.32,0.2,7211.46,Debit Card,Completed,2025-02
ORD103284,2025-12-16,CUST10341,West,Marketplace,Furniture,Bookshelf,2,2046.62,0.1,3683.92,Credit Card,Completed,2025-12
ORD103285,2025-10-16,CUST10796,South,Website,Beauty,Moisturizer,1,762.36,0.1,686.12,Credit Card,Completed,2025-10
ORD103286,2025-09-04,CUST10321,North,Website,Electronics,Monitor,1,1881.33,0.1,1693.2,UPI,Completed,2025-09
ORD103287,2025-05-15,CUST10742,South,Website,Fashion,Jacket,1,5274.7,0.15,4483.49,Debit Card,Completed,2025-05
ORD103288,2025-08-10,CUST10256,South,Website,Furniture,Bedside Table,3,16345.41,0.05,46584.42,Debit Card,Completed,2025-08
ORD103289,2025-02-04,CUST10183,North,Website,Furniture,Bedside Table,4,4755.66,0.1,17120.38,Debit Card,Completed,2025-02
ORD103290,2025-11-22,CUST10678,North,Website,Electronics,Smartphone,1,1979.14,0.15,0.0,Debit Card,Cancelled,2025-11
ORD103291,2025-01-05,CUST10636,East,Mobile App,Fashion,Sneakers,2,5678.77,0.05,10789.66,UPI,Completed,2025-01
ORD103292,2025-09-03,CUST10138,Central,Mobile App,Fashion,Jeans,2,2959.43,0.2,4735.09,Cash on Delivery,Completed,2025-09
ORD103293,2025-07-10,CUST10696,North,Marketplace,Electronics,Smartphone,2,1219.85,0.05,2317.71,Net Banking,Completed,2025-07
ORD103294,2025-05-05,CUST10247,West,Marketplace,Home & Kitchen,Mixer Grinder,1,16288.85,0.2,13031.08,UPI,Completed,2025-05
ORD103295,2025-05-26,CUST10616,South,Website,Beauty,Moisturizer,2,711.86,0.2,1138.98,UPI,Completed,2025-05
ORD103296,2025-11-25,CUST10042,North,Website,Furniture,Bedside Table,3,7945.57,0.0,23836.71,UPI,Completed,2025-11
ORD103297,2025-03-19,CUST10565,South,Website,Electronics,Monitor,3,6276.29,0.05,17887.43,UPI,Completed,2025-03
ORD103298,2025-09-13,CUST10862,North,Website,Beauty,Perfume,1,3656.72,0.15,3108.21,UPI,Completed,2025-09
ORD103299,2025-11-14,CUST10579,South,Website,Beauty,Shampoo,3,280.54,0.1,0.0,UPI,Cancelled,2025-11
ORD103300,2025-03-25,CUST10246,North,Website,Home & Kitchen,Cookware Set,2,1017.02,0.05,1932.34,UPI,Completed,2025-03
ORD103301,2025-09-08,CUST10142,South,Mobile App,Home & Kitchen,Cookware Set,1,13832.52,0.2,11066.02,Credit Card,Completed,2025-09
ORD103302,2025-05-28,CUST10142,East,Marketplace,Beauty,Moisturizer,2,1015.34,0.05,1929.15,Cash on Delivery,Completed,2025-05
ORD103303,2025-05-26,CUST10582,North,Marketplace,Electronics,Headphones,1,14781.05,0.2,11824.84,Cash on Delivery,Completed,2025-05
ORD103304,2025-07-28,CUST10283,East,Website,Beauty,Perfume,2,534.6,0.15,908.82,UPI,Completed,2025-07
ORD103305,2025-05-16,CUST10380,South,Mobile App,Furniture,Study Table,1,20403.72,0.2,16322.98,UPI,Completed,2025-05
ORD103306,2025-05-30,CUST10778,Central,Website,Fashion,Sneakers,1,1417.79,0.1,1276.01,Credit Card,Completed,2025-05
ORD103307,2025-06-14,CUST10172,South,Website,Beauty,Perfume,1,350.04,0.0,350.04,UPI,Completed,2025-06
ORD103308,2025-03-16,CUST10362,East,Marketplace,Home & Kitchen,Mixer Grinder,1,5148.94,0.0,5148.94,UPI,Completed,2025-03
ORD103309,2025-10-05,CUST10362,South,Mobile App,Beauty,Face Wash,1,2430.33,0.1,0.0,UPI,Cancelled,2025-10
ORD103310,2025-12-02,CUST10075,South,Website,Beauty,Face Wash,3,369.76,0.1,998.35,UPI,Completed,2025-12
ORD103311,2025-01-13,CUST10051,West,Mobile App,Beauty,Face Wash,1,1229.72,0.1,1106.75,UPI,Completed,2025-01
ORD103312,2025-02-16,CUST10081,North,Website,Beauty,Sunscreen,1,4115.28,0.1,3703.75,Net Banking,Completed,2025-02
ORD103313,2025-02-03,CUST10295,Central,Marketplace,Electronics,Monitor,1,6780.69,0.1,6102.62,UPI,Completed,2025-02
ORD103314,2025-06-22,CUST10420,South,Website,Electronics,Smartphone,1,953.83,0.0,953.83,UPI,Completed,2025-06
ORD103315,2025-08-30,CUST10145,West,Mobile App,Beauty,Sunscreen,1,4620.67,0.1,4158.6,Credit Card,Completed,2025-08
ORD103316,2025-09-02,CUST10439,North,Mobile App,Furniture,Sofa,3,11241.04,0.15,28664.65,Net Banking,Completed,2025-09
ORD103317,2025-11-17,CUST10130,South,Marketplace,Furniture,Bedside Table,2,7916.27,0.0,15832.54,Cash on Delivery,Completed,2025-11
ORD103318,2025-04-03,CUST10588,South,Website,Electronics,Laptop,4,66852.28,0.15,227297.75,Cash on Delivery,Completed,2025-04
ORD103319,2025-01-17,CUST10384,South,Mobile App,Beauty,Face Wash,3,766.6,0.1,2069.82,Debit Card,Completed,2025-01
ORD103320,2025-02-11,CUST10767,South,Mobile App,Furniture,Bedside Table,1,7202.45,0.2,5761.96,UPI,Completed,2025-02
ORD103321,2025-06-01,CUST10249,East,Marketplace,Beauty,Moisturizer,3,3080.27,0.05,8778.77,Debit Card,Completed,2025-06
ORD103322,2025-10-02,CUST10813,Central,Mobile App,Beauty,Sunscreen,1,556.01,0.15,472.61,Credit Card,Completed,2025-10
ORD103323,2025-09-13,CUST10710,North,Marketplace,Fashion,T-Shirt,1,4119.91,0.05,3913.91,Credit Card,Completed,2025-09
ORD103324,2025-09-05,CUST10397,Central,Marketplace,Beauty,Sunscreen,1,505.71,0.05,0.0,Credit Card,Returned,2025-09
ORD103325,2025-03-02,CUST10673,North,Mobile App,Home & Kitchen,Vacuum Cleaner,1,1478.31,0.2,1182.65,Credit Card,Completed,2025-03
ORD103326,2025-05-02,CUST10114,South,Mobile App,Fashion,Jeans,1,2822.05,0.2,0.0,UPI,Returned,2025-05
ORD103327,2025-12-30,CUST10440,North,Website,Beauty,Face Wash,1,736.15,0.15,625.73,Credit Card,Completed,2025-12
ORD103328,2025-05-09,CUST10824,Central,Website,Fashion,Jeans,2,1910.18,0.1,3438.32,Credit Card,Completed,2025-05
ORD103329,2025-02-27,CUST10517,Central,Mobile App,Beauty,Perfume,1,711.6,0.0,711.6,UPI,Completed,2025-02
ORD103330,2025-07-11,CUST10619,Central,Mobile App,Furniture,Bedside Table,3,4787.76,0.15,12208.79,Credit Card,Completed,2025-07
ORD103331,2025-10-05,CUST10835,North,Mobile App,Beauty,Shampoo,1,695.77,0.15,591.4,UPI,Completed,2025-10
ORD103332,2025-09-23,CUST10308,West,Mobile App,Electronics,Laptop,4,47858.59,0.25,143575.77,Debit Card,Completed,2025-09
ORD103333,2025-03-27,CUST10157,Central,Marketplace,Home & Kitchen,Vacuum Cleaner,2,2438.82,0.15,4145.99,UPI,Completed,2025-03
ORD103334,2025-12-17,CUST10544,West,Mobile App,Furniture,Sofa,2,2392.17,0.05,4545.12,UPI,Completed,2025-12
ORD103335,2025-05-05,CUST10310,South,Mobile App,Furniture,Bedside Table,2,16796.38,0.05,31913.12,UPI,Completed,2025-05
ORD103336,2025-03-18,CUST10606,North,Mobile App,Electronics,Laptop,1,5323.67,0.05,5057.49,Net Banking,Completed,2025-03
ORD103337,2025-11-19,CUST10515,West,Marketplace,Home & Kitchen,Cookware Set,1,7095.76,0.15,6031.4,UPI,Completed,2025-11
ORD103338,2025-02-11,CUST10121,South,Website,Fashion,T-Shirt,1,1021.22,0.1,919.1,UPI,Completed,2025-02
ORD103339,2025-11-08,CUST10554,West,Website,Home & Kitchen,Air Fryer,1,3150.59,0.15,2678.0,UPI,Completed,2025-11
ORD103340,2025-04-19,CUST10152,South,Mobile App,Beauty,Shampoo,2,1439.25,0.05,0.0,UPI,Cancelled,2025-04
ORD103341,2025-08-29,CUST10425,West,Website,Fashion,Jeans,1,4006.34,0.05,3806.02,Net Banking,Completed,2025-08
ORD103342,2025-07-27,CUST10388,Central,Mobile App,Beauty,Shampoo,2,343.17,0.1,617.71,UPI,Completed,2025-07
ORD103343,2025-01-24,CUST10622,North,Mobile App,Beauty,Perfume,3,501.3,0.05,1428.7,UPI,Completed,2025-01
ORD103344,2025-09-22,CUST10862,North,Mobile App,Furniture,Study Table,2,3352.34,0.05,6369.45,Cash on Delivery,Completed,2025-09
ORD103345,2025-09-05,CUST10882,North,Mobile App,Beauty,Shampoo,1,4605.54,0.1,4144.99,Cash on Delivery,Completed,2025-09
ORD103346,2025-02-22,CUST10101,West,Marketplace,Furniture,Office Chair,2,1914.26,0.05,3637.09,Credit Card,Completed,2025-02
ORD103347,2025-08-09,CUST10329,South,Website,Beauty,Moisturizer,1,546.67,0.2,437.34,Debit Card,Completed,2025-08
ORD103348,2025-08-22,CUST10611,South,Mobile App,Beauty,Shampoo,1,1628.5,0.1,1465.65,Credit Card,Completed,2025-08
ORD103349,2025-05-29,CUST10700,South,Website,Furniture,Study Table,2,34330.02,0.05,65227.04,Debit Card,Completed,2025-05
ORD103350,2025-09-18,CUST10663,Central,Website,Furniture,Bookshelf,2,4468.98,0.15,7597.27,Net Banking,Completed,2025-09
ORD103351,2025-03-04,CUST10258,South,Website,Furniture,Bedside Table,2,20506.81,0.1,36912.26,UPI,Completed,2025-03
ORD103352,2025-10-22,CUST10662,West,Website,Electronics,Smartphone,2,26428.66,0.0,52857.32,Debit Card,Completed,2025-10
ORD103353,2025-02-20,CUST10682,West,Mobile App,Home & Kitchen,Coffee Maker,2,1530.16,0.1,0.0,Credit Card,Returned,2025-02
ORD103354,2025-07-18,CUST10551,East,Website,Electronics,Headphones,2,6769.7,0.15,0.0,UPI,Returned,2025-07
ORD103355,2025-10-21,CUST10863,North,Marketplace,Fashion,Jeans,1,1394.18,0.05,1324.47,Debit Card,Completed,2025-10
ORD103356,2025-03-23,CUST10455,East,Website,Electronics,Headphones,3,8799.03,0.1,23757.38,Credit Card,Completed,2025-03
ORD103357,2025-11-08,CUST10398,North,Marketplace,Electronics,Headphones,1,1421.28,0.05,0.0,Debit Card,Cancelled,2025-11
ORD103358,2025-02-01,CUST10879,East,Mobile App,Beauty,Perfume,2,1843.75,0.25,2765.62,Net Banking,Completed,2025-02
ORD103359,2025-02-20,CUST10678,West,Website,Furniture,Sofa,2,7805.64,0.2,12489.02,Debit Card,Completed,2025-02
ORD103360,2025-01-19,CUST10734,West,Mobile App,Furniture,Bookshelf,1,6640.33,0.2,0.0,Credit Card,Cancelled,2025-01
ORD103361,2025-01-22,CUST10761,East,Website,Home & Kitchen,Cookware Set,3,2240.11,0.15,5712.28,UPI,Completed,2025-01
ORD103362,2025-11-28,CUST10137,South,Mobile App,Furniture,Bedside Table,1,3176.61,0.1,2858.95,Cash on Delivery,Completed,2025-11
ORD103363,2025-06-23,CUST10659,South,Mobile App,Beauty,Shampoo,2,1684.46,0.15,2863.58,Net Banking,Completed,2025-06
ORD103364,2025-02-07,CUST10119,East,Website,Home & Kitchen,Vacuum Cleaner,1,2631.4,0.0,2631.4,UPI,Completed,2025-02
ORD103365,2025-08-02,CUST10124,South,Mobile App,Furniture,Bookshelf,2,7687.63,0.2,12300.21,UPI,Completed,2025-08
ORD103366,2025-04-05,CUST10027,South,Website,Fashion,T-Shirt,3,676.75,0.0,2030.25,Cash on Delivery,Completed,2025-04
ORD103367,2025-03-03,CUST10836,South,Website,Electronics,Monitor,2,2073.82,0.1,0.0,Credit Card,Cancelled,2025-03
ORD103368,2025-10-15,CUST10547,East,Website,Home & Kitchen,Mixer Grinder,1,6400.61,0.15,0.0,UPI,Cancelled,2025-10
ORD103369,2025-12-02,CUST10218,North,Website,Beauty,Moisturizer,1,2747.77,0.25,2060.83,UPI,Completed,2025-12
ORD103370,2025-05-26,CUST10355,East,Mobile App,Home & Kitchen,Coffee Maker,1,12561.64,0.15,10677.39,UPI,Completed,2025-05
ORD103371,2025-01-02,CUST10687,North,Marketplace,Furniture,Sofa,4,17784.34,0.2,56909.89,UPI,Completed,2025-01
ORD103372,2025-06-06,CUST10743,North,Mobile App,Furniture,Bedside Table,1,9444.58,0.05,8972.35,UPI,Completed,2025-06
ORD103373,2025-02-15,CUST10369,South,Marketplace,Beauty,Moisturizer,4,4541.82,0.0,18167.28,UPI,Completed,2025-02
ORD103374,2025-12-16,CUST10039,West,Mobile App,Home & Kitchen,Coffee Maker,1,6243.07,0.0,6243.07,Credit Card,Completed,2025-12
ORD103375,2025-11-15,CUST10027,West,Mobile App,Electronics,Monitor,1,1415.63,0.25,1061.72,Debit Card,Completed,2025-11
ORD103376,2025-08-28,CUST10479,West,Website,Home & Kitchen,Cookware Set,1,8353.23,0.1,7517.91,Credit Card,Completed,2025-08
ORD103377,2025-03-26,CUST10700,West,Website,Furniture,Bookshelf,2,3849.27,0.05,7313.61,Credit Card,Completed,2025-03
ORD103378,2025-02-14,CUST10512,West,Website,Furniture,Bookshelf,2,14414.37,0.1,25945.87,Debit Card,Completed,2025-02
ORD103379,2025-02-15,CUST10423,Central,Website,Beauty,Perfume,1,662.62,0.15,563.23,UPI,Completed,2025-02
ORD103380,2025-09-11,CUST10675,South,Website,Electronics,Headphones,3,2820.29,0.1,7614.78,Debit Card,Completed,2025-09
ORD103381,2025-11-08,CUST10110,East,Website,Electronics,Smartphone,1,21711.17,0.0,0.0,Credit Card,Cancelled,2025-11
ORD103382,2025-04-02,CUST10587,West,Website,Furniture,Office Chair,2,5546.0,0.1,9982.8,Debit Card,Completed,2025-04
ORD103383,2025-08-26,CUST10753,North,Mobile App,Furniture,Bookshelf,2,10330.67,0.15,17562.14,UPI,Completed,2025-08
ORD103384,2025-06-30,CUST10111,North,Website,Home & Kitchen,Air Fryer,2,2706.66,0.1,0.0,Credit Card,Cancelled,2025-06
ORD103385,2025-11-25,CUST10486,South,Website,Beauty,Moisturizer,1,255.26,0.15,216.97,UPI,Completed,2025-11
ORD103386,2025-10-03,CUST10006,West,Mobile App,Home & Kitchen,Air Fryer,1,848.2,0.1,763.38,Debit Card,Completed,2025-10
ORD103387,2025-01-15,CUST10732,West,Mobile App,Furniture,Sofa,2,2971.35,0.1,5348.43,Net Banking,Completed,2025-01
ORD103388,2025-03-24,CUST10692,Central,Website,Furniture,Study Table,1,24801.31,0.0,0.0,Credit Card,Cancelled,2025-03
ORD103389,2025-01-23,CUST10678,South,Website,Home & Kitchen,Cookware Set,1,867.96,0.05,824.56,Credit Card,Completed,2025-01
ORD103390,2025-09-12,CUST10260,South,Mobile App,Furniture,Bedside Table,5,6638.12,0.1,0.0,Net Banking,Returned,2025-09
ORD103391,2025-12-10,CUST10835,East,Mobile App,Home & Kitchen,Air Fryer,1,1400.02,0.25,1050.01,Cash on Delivery,Completed,2025-12
ORD103392,2025-02-04,CUST10882,North,Marketplace,Electronics,Smartphone,2,1515.5,0.05,2879.45,Debit Card,Completed,2025-02
ORD103393,2025-12-24,CUST10452,North,Website,Beauty,Face Wash,4,877.54,0.2,2808.13,Credit Card,Completed,2025-12
ORD103394,2025-12-29,CUST10832,North,Marketplace,Furniture,Study Table,3,6135.41,0.1,16565.61,Credit Card,Completed,2025-12
ORD103395,2025-05-11,CUST10621,East,Website,Beauty,Face Wash,1,3942.11,0.2,3153.69,UPI,Completed,2025-05
ORD103396,2025-02-03,CUST10291,South,Website,Beauty,Sunscreen,3,788.63,0.2,1892.71,Credit Card,Completed,2025-02
ORD103397,2025-01-05,CUST10476,East,Mobile App,Electronics,Laptop,2,4516.9,0.15,7678.73,Net Banking,Completed,2025-01
ORD103398,2025-12-05,CUST10643,South,Mobile App,Beauty,Face Wash,1,1648.94,0.1,1484.05,UPI,Completed,2025-12
ORD103399,2025-07-17,CUST10038,North,Mobile App,Electronics,Headphones,1,909.6,0.1,818.64,UPI,Completed,2025-07
ORD103400,2025-03-13,CUST10330,East,Mobile App,Beauty,Shampoo,2,2731.07,0.05,5189.03,UPI,Completed,2025-03
ORD103401,2025-03-31,CUST10029,North,Website,Furniture,Study Table,1,2317.84,0.05,2201.95,Debit Card,Completed,2025-03
ORD103402,2025-10-13,CUST10894,West,Mobile App,Home & Kitchen,Vacuum Cleaner,1,2826.44,0.05,2685.12,Credit Card,Completed,2025-10
ORD103403,2025-05-03,CUST10445,West,Mobile App,Fashion,Backpack,1,5079.57,0.15,4317.63,Credit Card,Completed,2025-05
ORD103404,2025-03-08,CUST10136,East,Website,Beauty,Shampoo,1,1839.41,0.1,1655.47,UPI,Completed,2025-03
ORD103405,2025-01-21,CUST10354,East,Website,Furniture,Sofa,1,19574.79,0.15,16638.57,Credit Card,Completed,2025-01
ORD103406,2025-09-16,CUST10604,South,Website,Furniture,Office Chair,1,23111.6,0.1,20800.44,Credit Card,Completed,2025-09
ORD103407,2025-07-13,CUST10233,South,Mobile App,Home & Kitchen,Vacuum Cleaner,2,12853.92,0.05,24422.45,Net Banking,Completed,2025-07
ORD103408,2025-06-06,CUST10196,South,Mobile App,Beauty,Shampoo,2,408.93,0.05,776.97,Cash on Delivery,Completed,2025-06
ORD103409,2025-11-13,CUST10022,South,Website,Electronics,Monitor,3,8318.42,0.1,22459.73,UPI,Completed,2025-11
ORD103410,2025-03-28,CUST10579,West,Website,Furniture,Bookshelf,3,7455.67,0.05,21248.66,Credit Card,Completed,2025-03
ORD103411,2025-08-26,CUST10110,East,Website,Beauty,Perfume,2,2837.22,0.15,4823.27,Net Banking,Completed,2025-08
ORD103412,2025-01-12,CUST10496,North,Marketplace,Home & Kitchen,Vacuum Cleaner,3,17383.76,0.15,44328.59,Cash on Delivery,Completed,2025-01
ORD103413,2025-10-19,CUST10100,West,Marketplace,Home & Kitchen,Vacuum Cleaner,1,5895.12,0.2,4716.1,UPI,Completed,2025-10
ORD103414,2025-09-05,CUST10067,West,Marketplace,Home & Kitchen,Coffee Maker,2,924.72,0.1,0.0,UPI,Cancelled,2025-09
ORD103415,2025-05-12,CUST10343,South,Website,Furniture,Office Chair,3,6946.33,0.15,17713.14,UPI,Completed,2025-05
ORD103416,2025-12-25,CUST10127,North,Website,Beauty,Moisturizer,5,2034.21,0.15,8645.39,UPI,Completed,2025-12
ORD103417,2025-04-18,CUST10861,South,Mobile App,Home & Kitchen,Air Fryer,2,1489.75,0.05,2830.53,Net Banking,Completed,2025-04
ORD103418,2025-12-12,CUST10856,West,Website,Beauty,Sunscreen,1,283.55,0.05,0.0,Cash on Delivery,Cancelled,2025-12
ORD103419,2025-02-28,CUST10062,North,Website,Electronics,Monitor,1,31759.84,0.25,23819.88,UPI,Completed,2025-02
ORD103420,2025-06-12,CUST10245,West,Marketplace,Beauty,Perfume,3,1446.26,0.0,4338.78,Credit Card,Completed,2025-06
ORD103421,2025-03-30,CUST10718,East,Mobile App,Furniture,Bookshelf,3,2789.03,0.2,6693.67,Credit Card,Completed,2025-03
ORD103422,2025-05-01,CUST10835,East,Marketplace,Electronics,Smartphone,1,1935.96,0.05,1839.16,Cash on Delivery,Completed,2025-05
ORD103423,2025-02-28,CUST10059,South,Marketplace,Electronics,Monitor,2,1701.24,0.15,2892.11,Debit Card,Completed,2025-02
ORD103424,2025-04-29,CUST10002,West,Website,Beauty,Shampoo,1,514.62,0.25,385.97,UPI,Completed,2025-04
ORD103425,2025-11-13,CUST10022,Central,Marketplace,Furniture,Bedside Table,1,24225.8,0.2,19380.64,UPI,Completed,2025-11
ORD103426,2025-11-10,CUST10191,Central,Website,Beauty,Perfume,1,1112.11,0.2,889.69,UPI,Completed,2025-11
ORD103427,2025-03-06,CUST10497,East,Mobile App,Furniture,Office Chair,2,4072.21,0.1,0.0,UPI,Cancelled,2025-03
ORD103428,2025-04-27,CUST10649,South,Marketplace,Home & Kitchen,Vacuum Cleaner,2,1878.55,0.15,3193.53,Net Banking,Completed,2025-04
ORD103429,2025-05-31,CUST10033,South,Mobile App,Beauty,Moisturizer,2,345.43,0.1,621.77,Cash on Delivery,Completed,2025-05
ORD103430,2025-02-19,CUST10704,North,Marketplace,Furniture,Study Table,4,6420.84,0.2,20546.69,Cash on Delivery,Completed,2025-02
ORD103431,2025-07-06,CUST10070,North,Website,Home & Kitchen,Mixer Grinder,2,17035.04,0.1,30663.07,Cash on Delivery,Completed,2025-07
ORD103432,2025-07-01,CUST10283,North,Marketplace,Furniture,Study Table,1,8216.01,0.2,6572.81,Debit Card,Completed,2025-07
ORD103433,2025-01-14,CUST10669,North,Mobile App,Fashion,Jacket,1,1436.05,0.0,1436.05,UPI,Completed,2025-01
ORD103434,2025-12-09,CUST10862,South,Website,Fashion,T-Shirt,2,4729.17,0.2,7566.67,UPI,Completed,2025-12
ORD103435,2025-05-29,CUST10528,West,Mobile App,Fashion,Jeans,2,966.16,0.15,1642.47,Cash on Delivery,Completed,2025-05
ORD103436,2025-03-02,CUST10838,South,Mobile App,Beauty,Perfume,1,2171.65,0.1,1954.49,UPI,Completed,2025-03
ORD103437,2025-02-05,CUST10730,West,Website,Electronics,Monitor,3,1383.97,0.25,3113.93,Net Banking,Completed,2025-02
ORD103438,2025-09-29,CUST10379,East,Marketplace,Beauty,Moisturizer,1,3099.54,0.15,2634.61,Debit Card,Completed,2025-09
ORD103439,2025-08-24,CUST10615,North,Website,Furniture,Office Chair,1,21958.71,0.1,19762.84,Credit Card,Completed,2025-08
ORD103440,2025-11-05,CUST10489,West,Website,Electronics,Headphones,3,1603.6,0.15,4089.18,Credit Card,Completed,2025-11
ORD103441,2025-10-11,CUST10046,South,Mobile App,Electronics,Smartphone,3,2653.52,0.15,6766.48,UPI,Completed,2025-10
ORD103442,2025-01-18,CUST10288,Central,Website,Fashion,Backpack,3,4968.43,0.15,12669.5,Credit Card,Completed,2025-01
ORD103443,2025-10-08,CUST10270,Central,Marketplace,Beauty,Face Wash,3,4089.34,0.0,0.0,Cash on Delivery,Cancelled,2025-10
ORD103444,2025-04-21,CUST10835,South,Website,Home & Kitchen,Mixer Grinder,1,3613.84,0.05,3433.15,Debit Card,Completed,2025-04
ORD103445,2025-05-08,CUST10608,East,Mobile App,Beauty,Face Wash,2,515.0,0.1,927.0,Net Banking,Completed,2025-05
ORD103446,2025-01-22,CUST10811,Central,Website,Electronics,Smartphone,1,22689.42,0.05,0.0,Cash on Delivery,Cancelled,2025-01
ORD103447,2025-10-28,CUST10023,North,Mobile App,Home & Kitchen,Vacuum Cleaner,1,16211.06,0.15,13779.4,Credit Card,Completed,2025-10
ORD103448,2025-08-26,CUST10772,North,Marketplace,Furniture,Bookshelf,1,3647.9,0.25,2735.93,Credit Card,Completed,2025-08
ORD103449,2025-09-20,CUST10431,West,Website,Home & Kitchen,Mixer Grinder,4,1398.35,0.05,0.0,Net Banking,Returned,2025-09
ORD103450,2025-09-10,CUST10165,West,Marketplace,Furniture,Office Chair,1,5341.4,0.15,4540.19,Debit Card,Completed,2025-09
ORD103451,2025-09-26,CUST10494,West,Website,Fashion,Jacket,1,565.23,0.1,0.0,UPI,Cancelled,2025-09
ORD103452,2025-03-04,CUST10804,South,Mobile App,Home & Kitchen,Cookware Set,2,1786.32,0.1,3215.38,UPI,Completed,2025-03
ORD103453,2025-05-13,CUST10152,East,Marketplace,Furniture,Sofa,1,25870.67,0.1,23283.6,Debit Card,Completed,2025-05
ORD103454,2025-06-20,CUST10301,West,Mobile App,Beauty,Shampoo,4,2059.37,0.0,8237.48,UPI,Completed,2025-06
ORD103455,2025-02-04,CUST10470,North,Mobile App,Fashion,Jeans,2,2562.89,0.05,4869.49,UPI,Completed,2025-02
ORD103456,2025-01-13,CUST10364,East,Marketplace,Furniture,Bookshelf,2,27812.79,0.15,47281.74,Debit Card,Completed,2025-01
ORD103457,2025-06-01,CUST10791,South,Website,Home & Kitchen,Cookware Set,1,4633.22,0.25,0.0,UPI,Returned,2025-06
ORD103458,2025-12-27,CUST10338,Central,Marketplace,Fashion,T-Shirt,3,5255.16,0.05,14977.21,Cash on Delivery,Completed,2025-12
ORD103459,2025-01-17,CUST10594,Central,Marketplace,Furniture,Sofa,3,8394.72,0.1,22665.74,Net Banking,Completed,2025-01
ORD103460,2025-03-09,CUST10202,West,Mobile App,Electronics,Laptop,2,12756.0,0.15,21685.2,Credit Card,Completed,2025-03
ORD103461,2025-04-03,CUST10734,North,Website,Beauty,Perfume,3,3717.69,0.0,11153.07,UPI,Completed,2025-04
ORD103462,2025-05-10,CUST10347,Central,Website,Beauty,Moisturizer,2,3716.83,0.1,6690.29,Credit Card,Completed,2025-05
ORD103463,2025-12-30,CUST10411,East,Marketplace,Beauty,Face Wash,1,583.17,0.15,495.69,Debit Card,Completed,2025-12
ORD103464,2025-01-17,CUST10446,South,Mobile App,Electronics,Monitor,2,28678.4,0.25,43017.6,Net Banking,Completed,2025-01
ORD103465,2025-08-23,CUST10008,South,Website,Home & Kitchen,Air Fryer,4,1981.46,0.05,7529.55,UPI,Completed,2025-08
ORD103466,2025-04-03,CUST10448,West,Website,Beauty,Sunscreen,1,1667.46,0.15,1417.34,UPI,Completed,2025-04
ORD103467,2025-03-29,CUST10869,North,Website,Electronics,Monitor,1,7868.39,0.1,7081.55,Net Banking,Completed,2025-03
ORD103468,2025-07-11,CUST10206,West,Website,Electronics,Monitor,3,38391.08,0.2,92138.59,Cash on Delivery,Completed,2025-07
ORD103469,2025-06-20,CUST10826,South,Website,Beauty,Shampoo,1,1780.82,0.25,1335.62,UPI,Completed,2025-06
ORD103470,2025-07-21,CUST10129,North,Website,Home & Kitchen,Air Fryer,2,8900.28,0.15,15130.48,Credit Card,Completed,2025-07
ORD103471,2025-06-08,CUST10156,East,Website,Fashion,Jeans,2,1181.94,0.05,2245.69,Debit Card,Completed,2025-06
ORD103472,2025-07-28,CUST10136,West,Website,Home & Kitchen,Coffee Maker,1,737.19,0.05,0.0,Net Banking,Cancelled,2025-07
ORD103473,2025-07-16,CUST10692,Central,Website,Furniture,Bedside Table,2,21872.76,0.1,0.0,UPI,Returned,2025-07
ORD103474,2025-09-24,CUST10142,West,Website,Fashion,T-Shirt,1,5439.58,0.05,5167.6,UPI,Completed,2025-09
ORD103475,2025-01-23,CUST10181,South,Mobile App,Electronics,Monitor,3,29445.63,0.25,66252.67,Debit Card,Completed,2025-01
ORD103476,2025-01-11,CUST10218,East,Website,Fashion,T-Shirt,3,424.61,0.05,1210.14,UPI,Completed,2025-01
ORD103477,2025-11-06,CUST10277,West,Website,Home & Kitchen,Coffee Maker,4,2716.29,0.15,0.0,UPI,Cancelled,2025-11
ORD103478,2025-06-09,CUST10489,North,Marketplace,Home & Kitchen,Mixer Grinder,4,11677.75,0.15,39704.35,UPI,Completed,2025-06
ORD103479,2025-06-25,CUST10150,South,Marketplace,Beauty,Moisturizer,4,4464.4,0.0,17857.6,Cash on Delivery,Completed,2025-06
ORD103480,2025-05-31,CUST10828,East,Marketplace,Home & Kitchen,Air Fryer,3,2295.22,0.1,6197.09,Net Banking,Completed,2025-05
ORD103481,2025-07-22,CUST10274,West,Mobile App,Electronics,Laptop,3,3388.49,0.15,8640.65,UPI,Completed,2025-07
ORD103482,2025-12-02,CUST10489,North,Mobile App,Beauty,Perfume,1,401.01,0.15,340.86,UPI,Completed,2025-12
ORD103483,2025-09-01,CUST10253,North,Mobile App,Electronics,Headphones,1,2548.68,0.1,2293.81,Credit Card,Completed,2025-09
ORD103484,2025-06-09,CUST10829,East,Website,Beauty,Face Wash,3,528.46,0.05,1506.11,Credit Card,Completed,2025-06
ORD103485,2025-10-10,CUST10665,South,Website,Home & Kitchen,Air Fryer,1,3122.04,0.2,2497.63,Net Banking,Completed,2025-10
ORD103486,2025-08-03,CUST10108,West,Mobile App,Home & Kitchen,Cookware Set,1,2733.25,0.1,2459.93,UPI,Completed,2025-08
ORD103487,2025-04-04,CUST10285,South,Website,Home & Kitchen,Vacuum Cleaner,2,17776.02,0.15,30219.23,UPI,Completed,2025-04
ORD103488,2025-07-23,CUST10062,West,Mobile App,Electronics,Headphones,5,2493.06,0.2,9972.24,Net Banking,Completed,2025-07
ORD103489,2025-09-27,CUST10426,South,Marketplace,Furniture,Bedside Table,2,2240.91,0.05,4257.73,Credit Card,Completed,2025-09
ORD103490,2025-05-31,CUST10873,Central,Mobile App,Fashion,Jacket,4,1862.43,0.15,6332.26,UPI,Completed,2025-05
ORD103491,2025-10-06,CUST10693,East,Mobile App,Electronics,Monitor,2,10074.07,0.05,19140.73,UPI,Completed,2025-10
ORD103492,2025-02-04,CUST10819,North,Mobile App,Furniture,Bookshelf,1,21978.82,0.1,19780.94,Credit Card,Completed,2025-02
ORD103493,2025-01-05,CUST10258,North,Website,Home & Kitchen,Mixer Grinder,2,940.1,0.15,1598.17,Credit Card,Completed,2025-01
ORD103494,2025-06-21,CUST10685,West,Mobile App,Home & Kitchen,Mixer Grinder,2,6217.18,0.1,0.0,Debit Card,Cancelled,2025-06
ORD103495,2025-05-10,CUST10369,West,Mobile App,Electronics,Headphones,3,8699.31,0.15,22183.24,Cash on Delivery,Completed,2025-05
ORD103496,2025-02-11,CUST10312,South,Website,Electronics,Smartwatch,2,56853.39,0.0,113706.78,UPI,Completed,2025-02
ORD103497,2025-05-26,CUST10475,North,Mobile App,Furniture,Bedside Table,1,12403.93,0.05,11783.73,UPI,Completed,2025-05
ORD103498,2025-11-28,CUST10203,North,Website,Beauty,Shampoo,1,822.2,0.1,739.98,Cash on Delivery,Completed,2025-11
ORD103499,2025-08-12,CUST10565,Central,Website,Fashion,Backpack,4,577.24,0.2,0.0,UPI,Cancelled,2025-08
ORD103500,2025-12-21,CUST10784,North,Mobile App,Beauty,Perfume,1,1466.49,0.05,1393.17,Net Banking,Completed,2025-12
ORD103501,2025-11-08,CUST10884,North,Website,Fashion,Sneakers,1,2435.69,0.15,2070.34,UPI,Completed,2025-11
ORD103502,2025-01-25,CUST10061,North,Website,Fashion,Jacket,1,904.55,0.15,768.87,Net Banking,Completed,2025-01
ORD103503,2025-06-25,CUST10754,South,Mobile App,Beauty,Face Wash,2,724.24,0.2,1158.78,Credit Card,Completed,2025-06
ORD103504,2025-04-22,CUST10790,West,Mobile App,Fashion,Backpack,1,1318.48,0.1,1186.63,UPI,Completed,2025-04
ORD103505,2025-06-29,CUST10628,South,Marketplace,Home & Kitchen,Cookware Set,1,2598.66,0.15,2208.86,UPI,Completed,2025-06
ORD103506,2025-08-14,CUST10182,East,Mobile App,Home & Kitchen,Air Fryer,1,1417.95,0.1,1276.15,Debit Card,Completed,2025-08
ORD103507,2025-10-06,CUST10575,South,Marketplace,Furniture,Sofa,1,21092.05,0.15,17928.24,UPI,Completed,2025-10
ORD103508,2025-12-16,CUST10172,West,Website,Home & Kitchen,Air Fryer,3,9446.47,0.15,24088.5,UPI,Completed,2025-12
ORD103509,2025-05-02,CUST10768,West,Marketplace,Furniture,Sofa,4,3551.98,0.1,12787.13,Credit Card,Completed,2025-05
ORD103510,2025-12-17,CUST10299,East,Mobile App,Furniture,Office Chair,1,2406.05,0.15,2045.14,Net Banking,Completed,2025-12
ORD103511,2025-12-03,CUST10360,West,Website,Furniture,Sofa,1,3781.06,0.05,3592.01,Debit Card,Completed,2025-12
ORD103512,2025-03-03,CUST10633,West,Website,Home & Kitchen,Coffee Maker,3,3155.76,0.15,8047.19,Net Banking,Completed,2025-03
ORD103513,2025-01-07,CUST10639,East,Mobile App,Home & Kitchen,Mixer Grinder,2,2787.67,0.0,5575.34,Cash on Delivery,Completed,2025-01
ORD103514,2025-06-26,CUST10335,East,Mobile App,Beauty,Sunscreen,1,3842.09,0.15,3265.78,UPI,Completed,2025-06
ORD103515,2025-09-06,CUST10461,North,Mobile App,Electronics,Smartphone,1,1794.12,0.1,0.0,Credit Card,Cancelled,2025-09
ORD103516,2025-11-10,CUST10223,South,Mobile App,Electronics,Smartphone,2,64304.17,0.15,109317.09,Net Banking,Completed,2025-11
ORD103517,2025-06-04,CUST10272,South,Mobile App,Electronics,Headphones,3,14445.17,0.15,36835.18,UPI,Completed,2025-06
ORD103518,2025-06-25,CUST10623,East,Website,Home & Kitchen,Vacuum Cleaner,1,933.04,0.15,793.08,Cash on Delivery,Completed,2025-06
ORD103519,2025-07-25,CUST10225,North,Mobile App,Fashion,Jacket,2,742.52,0.1,1336.54,UPI,Completed,2025-07
ORD103520,2025-04-07,CUST10118,West,Mobile App,Electronics,Smartphone,3,11252.76,0.0,33758.28,Cash on Delivery,Completed,2025-04
ORD103521,2025-07-20,CUST10752,East,Website,Beauty,Perfume,3,336.72,0.15,858.64,Net Banking,Completed,2025-07
ORD103522,2025-12-08,CUST10385,Central,Website,Furniture,Bedside Table,1,27207.14,0.05,25846.78,Credit Card,Completed,2025-12
ORD103523,2025-10-16,CUST10732,North,Website,Home & Kitchen,Mixer Grinder,2,860.86,0.0,1721.72,Cash on Delivery,Completed,2025-10
ORD103524,2025-04-14,CUST10775,East,Website,Beauty,Shampoo,1,3693.66,0.05,3508.98,UPI,Completed,2025-04
ORD103525,2025-04-24,CUST10058,South,Mobile App,Home & Kitchen,Coffee Maker,2,1401.37,0.1,2522.47,UPI,Completed,2025-04
ORD103526,2025-01-23,CUST10859,North,Marketplace,Furniture,Bedside Table,1,3776.47,0.15,3210.0,Credit Card,Completed,2025-01
ORD103527,2025-01-03,CUST10425,South,Website,Beauty,Perfume,2,360.19,0.05,684.36,UPI,Completed,2025-01
ORD103528,2025-05-24,CUST10358,West,Website,Beauty,Sunscreen,1,781.2,0.2,624.96,Cash on Delivery,Completed,2025-05
ORD103529,2025-07-19,CUST10541,Central,Website,Beauty,Shampoo,1,4775.99,0.0,4775.99,Debit Card,Completed,2025-07
ORD103530,2025-08-05,CUST10015,North,Mobile App,Furniture,Office Chair,3,16598.87,0.1,44816.95,Debit Card,Completed,2025-08
ORD103531,2025-02-06,CUST10523,East,Website,Furniture,Study Table,2,8266.03,0.15,14052.25,Credit Card,Completed,2025-02
ORD103532,2025-09-08,CUST10119,Central,Website,Electronics,Monitor,2,14556.48,0.1,26201.66,Cash on Delivery,Completed,2025-09
ORD103533,2025-11-29,CUST10650,West,Mobile App,Furniture,Study Table,5,1885.04,0.1,8482.68,Credit Card,Completed,2025-11
ORD103534,2025-12-10,CUST10786,West,Mobile App,Fashion,Backpack,1,523.72,0.25,392.79,Credit Card,Completed,2025-12
ORD103535,2025-12-20,CUST10102,West,Mobile App,Furniture,Bookshelf,2,17625.7,0.15,29963.69,Net Banking,Completed,2025-12
ORD103536,2025-06-26,CUST10865,East,Website,Beauty,Perfume,2,3509.32,0.15,5965.84,Debit Card,Completed,2025-06
ORD103537,2025-09-09,CUST10002,South,Marketplace,Beauty,Sunscreen,1,250.78,0.0,250.78,Credit Card,Completed,2025-09
ORD103538,2025-03-06,CUST10001,South,Marketplace,Electronics,Headphones,3,17284.33,0.05,49260.34,Credit Card,Completed,2025-03
ORD103539,2025-03-12,CUST10711,West,Website,Furniture,Sofa,1,11669.56,0.1,11669.56,Credit Card,Completed,2025-03
ORD103540,2025-01-24,CUST10020,West,Website,Fashion,T-Shirt,1,4368.66,0.1,3931.79,UPI,Completed,2025-01
ORD103541,2025-02-15,CUST10626,East,Mobile App,Home & Kitchen,Coffee Maker,3,12086.74,0.1,32634.2,UPI,Completed,2025-02
ORD103542,2025-07-21,CUST10252,West,Marketplace,Beauty,Perfume,4,361.08,0.15,1227.67,UPI,Completed,2025-07
ORD103543,2025-01-01,CUST10174,North,Website,Beauty,Sunscreen,4,3615.21,0.25,10845.63,Cash on Delivery,Completed,2025-01
ORD103544,2025-01-14,CUST10026,North,Website,Beauty,Perfume,1,2141.62,0.1,1927.46,Net Banking,Completed,2025-01
ORD103545,2025-04-14,CUST10674,East,Website,Home & Kitchen,Cookware Set,1,3273.68,0.15,2782.63,UPI,Completed,2025-04
ORD103546,2025-05-14,CUST10078,South,Marketplace,Beauty,Perfume,3,2460.28,0.15,6273.71,Net Banking,Completed,2025-05
ORD103547,2025-07-21,CUST10182,North,Website,Furniture,Office Chair,1,10128.47,0.05,9622.05,UPI,Completed,2025-07
ORD103548,2025-03-30,CUST10446,West,Website,Furniture,Sofa,1,7169.93,0.05,6811.43,Cash on Delivery,Completed,2025-03
ORD103549,2025-01-09,CUST10032,West,Mobile App,Furniture,Sofa,4,13865.45,0.1,49915.62,Credit Card,Completed,2025-01
ORD103550,2025-01-28,CUST10651,West,Mobile App,Home & Kitchen,Coffee Maker,1,1833.69,0.1,1650.32,Credit Card,Completed,2025-01
ORD103551,2025-12-18,CUST10236,South,Website,Beauty,Shampoo,2,4476.22,0.15,7609.57,Debit Card,Completed,2025-12
ORD103552,2025-12-01,CUST10457,West,Website,Beauty,Shampoo,2,2608.61,0.1,4695.5,Cash on Delivery,Completed,2025-12
ORD103553,2025-10-19,CUST10430,Central,Website,Furniture,Bookshelf,2,9836.18,0.1,17705.12,Debit Card,Completed,2025-10
ORD103554,2025-04-18,CUST10186,East,Website,Fashion,Jacket,2,3922.62,0.15,6668.45,UPI,Completed,2025-04
ORD103555,2025-01-07,CUST10151,South,Mobile App,Beauty,Perfume,4,1507.66,0.15,5126.04,Net Banking,Completed,2025-01
ORD103556,2025-04-13,CUST10510,East,Website,Furniture,Office Chair,4,9593.39,0.0,38373.56,UPI,Completed,2025-04
ORD103557,2025-12-14,CUST10091,Central,Marketplace,Home & Kitchen,Cookware Set,1,719.9,0.0,719.9,UPI,Completed,2025-12
ORD103558,2025-05-17,CUST10734,Central,Website,Fashion,Backpack,2,1187.93,0.1,0.0,UPI,Cancelled,2025-05
ORD103559,2025-06-10,CUST10125,West,Website,Home & Kitchen,Air Fryer,4,944.14,0.1,3398.9,Cash on Delivery,Completed,2025-06
ORD103560,2025-12-08,CUST10117,South,Marketplace,Furniture,Study Table,2,2531.88,0.1,4557.38,Debit Card,Completed,2025-12
ORD103561,2025-09-19,CUST10551,North,Marketplace,Fashion,Jacket,2,780.33,0.1,1404.59,Debit Card,Completed,2025-09
ORD103562,2025-08-31,CUST10459,East,Website,Home & Kitchen,Vacuum Cleaner,2,12115.42,0.0,24230.84,UPI,Completed,2025-08
ORD103563,2025-03-10,CUST10107,East,Website,Fashion,Sneakers,1,1717.98,0.15,1460.28,Credit Card,Completed,2025-03
ORD103564,2025-10-08,CUST10717,North,Mobile App,Beauty,Sunscreen,3,438.75,0.25,987.19,Debit Card,Completed,2025-10
ORD103565,2025-07-23,CUST10480,South,Website,Fashion,T-Shirt,3,588.43,0.05,1677.03,Cash on Delivery,Completed,2025-07
ORD103566,2025-11-23,CUST10276,East,Mobile App,Fashion,Backpack,4,642.71,0.1,0.0,Credit Card,Cancelled,2025-11
ORD103567,2025-09-25,CUST10460,West,Website,Electronics,Laptop,1,2900.25,0.15,2465.21,Credit Card,Completed,2025-09
ORD103568,2025-12-22,CUST10094,West,Website,Furniture,Office Chair,1,17499.27,0.1,0.0,Credit Card,Returned,2025-12
ORD103569,2025-11-09,CUST10712,West,Mobile App,Fashion,Sneakers,2,1161.82,0.05,2207.46,Cash on Delivery,Completed,2025-11
ORD103570,2025-05-14,CUST10540,West,Marketplace,Home & Kitchen,Cookware Set,1,1216.07,0.1,1094.46,UPI,Completed,2025-05
ORD103571,2025-04-25,CUST10438,East,Website,Home & Kitchen,Coffee Maker,1,9499.03,0.05,9024.08,Credit Card,Completed,2025-04
ORD103572,2025-12-10,CUST10719,West,Mobile App,Furniture,Office Chair,2,16446.75,0.2,26314.8,UPI,Completed,2025-12
ORD103573,2025-09-10,CUST10089,South,Marketplace,Beauty,Perfume,1,1905.42,0.2,1524.34,Credit Card,Completed,2025-09
ORD103574,2025-02-19,CUST10475,South,Marketplace,Beauty,Moisturizer,3,3979.72,0.25,0.0,Cash on Delivery,Cancelled,2025-02
ORD103575,2025-07-07,CUST10418,North,Website,Fashion,Jeans,1,5935.74,0.05,5638.95,UPI,Completed,2025-07
ORD103576,2025-08-14,CUST10677,North,Website,Home & Kitchen,Air Fryer,1,9437.87,0.1,8494.08,UPI,Completed,2025-08
ORD103577,2025-09-16,CUST10123,North,Marketplace,Fashion,T-Shirt,1,2801.02,0.1,2520.92,UPI,Completed,2025-09
ORD103578,2025-07-29,CUST10383,West,Website,Home & Kitchen,Air Fryer,1,945.73,0.05,898.44,UPI,Completed,2025-07
ORD103579,2025-11-06,CUST10688,North,Website,Home & Kitchen,Cookware Set,3,3737.09,0.2,8969.02,Debit Card,Completed,2025-11
ORD103580,2025-07-25,CUST10731,East,Mobile App,Furniture,Bedside Table,1,6419.51,0.25,4814.63,UPI,Completed,2025-07
ORD103581,2025-09-22,CUST10851,East,Mobile App,Electronics,Monitor,3,50705.09,0.25,114086.45,Credit Card,Completed,2025-09
ORD103582,2025-05-29,CUST10747,South,Mobile App,Beauty,Perfume,1,1596.7,0.1,0.0,Debit Card,Returned,2025-05
ORD103583,2025-04-07,CUST10791,South,Website,Electronics,Smartwatch,3,34838.23,0.0,104514.69,Debit Card,Completed,2025-04
ORD103584,2025-04-28,CUST10110,East,Mobile App,Furniture,Bookshelf,1,2509.14,0.05,0.0,Net Banking,Cancelled,2025-04
ORD103585,2025-07-19,CUST10198,West,Mobile App,Furniture,Bedside Table,1,18370.64,0.15,15615.04,Debit Card,Completed,2025-07
ORD103586,2025-12-09,CUST10381,South,Mobile App,Home & Kitchen,Mixer Grinder,1,2377.92,0.25,1783.44,Debit Card,Completed,2025-12
ORD103587,2025-05-18,CUST10424,West,Marketplace,Home & Kitchen,Vacuum Cleaner,2,3118.75,0.1,5613.75,Cash on Delivery,Completed,2025-05
ORD103588,2025-04-06,CUST10317,South,Mobile App,Fashion,Jeans,2,823.11,0.1,1481.6,Credit Card,Completed,2025-04
ORD103589,2025-03-22,CUST10176,West,Mobile App,Home & Kitchen,Vacuum Cleaner,1,12569.72,0.2,10055.78,UPI,Completed,2025-03
ORD103590,2025-11-04,CUST10780,West,Mobile App,Fashion,Jeans,2,617.82,0.2,988.51,Debit Card,Completed,2025-11
ORD103591,2025-12-24,CUST10123,East,Mobile App,Beauty,Face Wash,3,457.88,0.25,0.0,Net Banking,Returned,2025-12
ORD103592,2025-05-06,CUST10691,East,Marketplace,Beauty,Sunscreen,1,329.33,0.1,0.0,Credit Card,Returned,2025-05
ORD103593,2025-08-25,CUST10416,West,Mobile App,Beauty,Face Wash,2,1158.27,0.15,1969.06,UPI,Completed,2025-08
ORD103594,2025-02-25,CUST10061,South,Mobile App,Furniture,Study Table,1,22276.58,0.15,18935.09,Cash on Delivery,Completed,2025-02
ORD103595,2025-06-23,CUST10190,North,Website,Fashion,Sneakers,2,1859.47,0.1,3347.05,UPI,Completed,2025-06
ORD103596,2025-05-06,CUST10459,Central,Mobile App,Beauty,Shampoo,4,2908.44,0.05,11052.07,Debit Card,Completed,2025-05
ORD103597,2025-04-30,CUST10658,East,Website,Fashion,Jeans,1,2690.73,0.1,2421.66,Debit Card,Completed,2025-04
ORD103598,2025-10-23,CUST10204,Central,Website,Fashion,T-Shirt,1,747.41,0.2,0.0,UPI,Returned,2025-10
ORD103599,2025-05-08,CUST10313,North,Mobile App,Beauty,Moisturizer,2,395.14,0.15,0.0,Credit Card,Cancelled,2025-05
ORD103600,2025-03-25,CUST10200,West,Marketplace,Electronics,Headphones,4,14025.33,0.1,50491.19,Credit Card,Completed,2025-03
ORD103601,2025-04-16,CUST10023,South,Mobile App,Furniture,Bedside Table,1,3936.05,0.05,0.0,Cash on Delivery,Cancelled,2025-04
ORD103602,2025-01-26,CUST10723,Central,Website,Home & Kitchen,Air Fryer,1,3467.51,0.1,0.0,Credit Card,Cancelled,2025-01
ORD103603,2025-07-18,CUST10106,East,Website,Beauty,Perfume,3,4788.2,0.1,12928.14,UPI,Completed,2025-07
ORD103604,2025-02-16,CUST10333,South,Mobile App,Furniture,Office Chair,1,33751.59,0.2,27001.27,Credit Card,Completed,2025-02
ORD103605,2025-12-24,CUST10713,North,Marketplace,Furniture,Study Table,2,18675.29,0.1,33615.52,Cash on Delivery,Completed,2025-12
ORD103606,2025-12-09,CUST10842,East,Website,Fashion,Jacket,3,4377.74,0.05,12476.56,UPI,Completed,2025-12
ORD103607,2025-01-15,CUST10570,South,Marketplace,Beauty,Moisturizer,1,2236.64,0.05,2124.81,UPI,Completed,2025-01
ORD103608,2025-12-14,CUST10520,East,Marketplace,Electronics,Headphones,3,1062.94,0.1,2869.94,Debit Card,Completed,2025-12
ORD103609,2025-10-29,CUST10849,East,Mobile App,Fashion,Backpack,1,5617.24,0.15,4774.65,Credit Card,Completed,2025-10
ORD103610,2025-09-06,CUST10784,North,Mobile App,Home & Kitchen,Mixer Grinder,4,3061.04,0.2,9795.33,UPI,Completed,2025-09
ORD103611,2025-02-25,CUST10246,North,Marketplace,Fashion,Sneakers,1,1771.01,0.1,1593.91,Net Banking,Completed,2025-02
ORD103612,2025-04-05,CUST10242,South,Website,Electronics,Headphones,1,22423.87,0.2,17939.1,Cash on Delivery,Completed,2025-04
ORD103613,2025-02-02,CUST10303,West,Mobile App,Home & Kitchen,Mixer Grinder,1,6785.81,0.15,5767.94,Credit Card,Completed,2025-02
ORD103614,2025-02-12,CUST10521,South,Website,Fashion,Backpack,2,2613.47,0.1,4704.25,Debit Card,Completed,2025-02
ORD103615,2025-06-02,CUST10344,South,Mobile App,Fashion,Jeans,1,917.81,0.05,871.92,UPI,Completed,2025-06
ORD103616,2025-09-14,CUST10637,West,Website,Furniture,Office Chair,1,2365.67,0.15,2010.82,Debit Card,Completed,2025-09
ORD103617,2025-03-05,CUST10331,South,Marketplace,Beauty,Moisturizer,1,456.69,0.1,411.02,Cash on Delivery,Completed,2025-03
ORD103618,2025-02-07,CUST10872,North,Website,Furniture,Study Table,1,10087.63,0.2,8070.1,Credit Card,Completed,2025-02
ORD103619,2025-10-09,CUST10204,North,Mobile App,Electronics,Smartphone,4,55869.14,0.0,223476.56,Credit Card,Completed,2025-10
ORD103620,2025-07-10,CUST10241,Central,Website,Home & Kitchen,Air Fryer,1,4639.09,0.05,4407.14,UPI,Completed,2025-07
ORD103621,2025-09-02,CUST10020,South,Mobile App,Fashion,T-Shirt,3,1210.8,0.2,2905.92,UPI,Completed,2025-09
ORD103622,2025-06-06,CUST10586,Central,Mobile App,Beauty,Moisturizer,1,2031.09,0.0,2031.09,Cash on Delivery,Completed,2025-06
ORD103623,2025-07-26,CUST10789,Central,Mobile App,Electronics,Smartwatch,3,27563.22,0.0,82689.66,Net Banking,Completed,2025-07
ORD103624,2025-11-28,CUST10705,West,Mobile App,Furniture,Bookshelf,4,9335.14,0.15,31739.48,Net Banking,Completed,2025-11
ORD103625,2025-08-17,CUST10429,Central,Marketplace,Electronics,Smartphone,1,7702.59,0.2,0.0,UPI,Cancelled,2025-08
ORD103626,2025-01-11,CUST10767,West,Mobile App,Beauty,Sunscreen,3,706.42,0.2,1695.41,Credit Card,Completed,2025-01
ORD103627,2025-12-08,CUST10436,North,Mobile App,Beauty,Moisturizer,3,2046.75,0.1,5526.23,UPI,Completed,2025-12
ORD103628,2025-04-06,CUST10887,Central,Mobile App,Beauty,Moisturizer,3,560.73,0.25,1261.64,Credit Card,Completed,2025-04
ORD103629,2025-02-03,CUST10164,West,Mobile App,Furniture,Bookshelf,1,24483.07,0.1,22034.76,UPI,Completed,2025-02
ORD103630,2025-11-16,CUST10093,East,Mobile App,Fashion,Backpack,2,442.87,0.1,797.17,UPI,Completed,2025-11
ORD103631,2025-09-30,CUST10240,South,Website,Fashion,Backpack,1,2835.01,0.1,2551.51,UPI,Completed,2025-09
ORD103632,2025-10-20,CUST10493,South,Mobile App,Furniture,Sofa,3,8498.03,0.1,22944.68,UPI,Completed,2025-10
ORD103633,2025-06-09,CUST10786,North,Website,Furniture,Study Table,2,27292.81,0.0,54585.62,UPI,Completed,2025-06
ORD103634,2025-08-30,CUST10107,West,Website,Fashion,Jacket,1,3809.21,0.05,3618.75,Debit Card,Completed,2025-08
ORD103635,2025-04-11,CUST10783,South,Mobile App,Beauty,Face Wash,3,2674.81,0.1,7221.99,UPI,Completed,2025-04
ORD103636,2025-03-03,CUST10706,South,Website,Electronics,Smartwatch,2,5567.66,0.15,9465.02,Debit Card,Completed,2025-03
ORD103637,2025-12-30,CUST10759,South,Website,Home & Kitchen,Mixer Grinder,4,2509.24,0.0,0.0,Cash on Delivery,Returned,2025-12
ORD103638,2025-01-09,CUST10442,West,Website,Fashion,Jeans,2,1536.7,0.15,2612.39,Net Banking,Completed,2025-01
ORD103639,2025-06-06,CUST10588,East,Marketplace,Furniture,Bedside Table,1,4223.99,0.1,3801.59,UPI,Completed,2025-06
ORD103640,2025-09-18,CUST10840,South,Website,Furniture,Bedside Table,2,2012.68,0.15,3421.56,Credit Card,Completed,2025-09
ORD103641,2025-11-27,CUST10474,West,Marketplace,Electronics,Headphones,3,2439.65,0.1,6587.06,Net Banking,Completed,2025-11
ORD103642,2025-12-29,CUST10142,East,Mobile App,Furniture,Sofa,1,11948.49,0.15,10156.22,Credit Card,Completed,2025-12
ORD103643,2025-09-11,CUST10187,North,Website,Beauty,Face Wash,3,1868.79,0.2,4485.1,Debit Card,Completed,2025-09
ORD103644,2025-09-25,CUST10827,East,Website,Home & Kitchen,Coffee Maker,2,2681.35,0.0,5362.7,Credit Card,Completed,2025-09
ORD103645,2025-08-24,CUST10067,West,Website,Beauty,Perfume,2,1114.64,0.15,1894.89,UPI,Completed,2025-08
ORD103646,2025-12-18,CUST10339,South,Website,Home & Kitchen,Air Fryer,1,1346.33,0.1,1211.7,Credit Card,Completed,2025-12
ORD103647,2025-10-13,CUST10768,West,Marketplace,Home & Kitchen,Cookware Set,2,8539.72,0.2,13663.55,UPI,Completed,2025-10
ORD103648,2025-04-27,CUST10523,South,Marketplace,Beauty,Shampoo,1,431.4,0.1,388.26,UPI,Completed,2025-04
ORD103649,2025-02-27,CUST10337,East,Website,Beauty,Perfume,2,2463.11,0.15,4187.29,UPI,Completed,2025-02
ORD103650,2025-10-16,CUST10007,Central,Website,Beauty,Sunscreen,2,3338.7,0.2,0.0,Credit Card,Cancelled,2025-10
ORD103651,2025-12-20,CUST10642,North,Website,Electronics,Laptop,1,1180.76,0.1,1062.68,Credit Card,Completed,2025-12
ORD103652,2025-03-18,CUST10786,West,Marketplace,Electronics,Laptop,1,7499.21,0.2,5999.37,Credit Card,Completed,2025-03
ORD103653,2025-01-13,CUST10606,West,Website,Furniture,Office Chair,2,3313.5,0.2,5301.6,UPI,Completed,2025-01
ORD103654,2025-04-15,CUST10631,West,Website,Beauty,Moisturizer,1,507.38,0.05,0.0,UPI,Cancelled,2025-04
ORD103655,2025-12-01,CUST10244,South,Marketplace,Electronics,Laptop,1,5082.91,0.1,4574.62,UPI,Completed,2025-12
ORD103656,2025-03-19,CUST10208,West,Mobile App,Furniture,Bookshelf,2,8781.82,0.15,14929.09,Debit Card,Completed,2025-03
ORD103657,2025-05-28,CUST10356,South,Mobile App,Furniture,Bedside Table,1,8840.09,0.15,7514.08,UPI,Completed,2025-05
ORD103658,2025-07-16,CUST10702,West,Mobile App,Fashion,Backpack,3,1034.61,0.15,0.0,Credit Card,Returned,2025-07
ORD103659,2025-04-18,CUST10244,North,Marketplace,Electronics,Smartphone,3,1118.98,0.05,3189.09,UPI,Completed,2025-04
ORD103660,2025-03-19,CUST10641,North,Marketplace,Beauty,Face Wash,4,850.9,0.1,3063.24,UPI,Completed,2025-03
ORD103661,2025-06-20,CUST10532,North,Marketplace,Beauty,Sunscreen,1,1580.82,0.1,1422.74,Credit Card,Completed,2025-06
ORD103662,2025-03-07,CUST10621,North,Mobile App,Beauty,Sunscreen,1,1078.14,0.2,862.51,Credit Card,Completed,2025-03
ORD103663,2025-04-18,CUST10016,Central,Website,Fashion,T-Shirt,1,528.31,0.05,501.89,UPI,Completed,2025-04
ORD103664,2025-12-19,CUST10757,South,Marketplace,Furniture,Sofa,1,6415.06,0.05,6094.31,Credit Card,Completed,2025-12
ORD103665,2025-01-04,CUST10017,South,Website,Furniture,Bookshelf,1,6749.69,0.05,6412.21,UPI,Completed,2025-01
ORD103666,2025-08-24,CUST10162,Central,Website,Home & Kitchen,Cookware Set,3,1660.47,0.05,4732.34,Credit Card,Completed,2025-08
ORD103667,2025-07-14,CUST10555,North,Website,Electronics,Smartwatch,3,4952.43,0.1,0.0,Debit Card,Cancelled,2025-07
ORD103668,2025-11-12,CUST10050,North,Mobile App,Beauty,Sunscreen,3,3935.76,0.15,10036.19,UPI,Completed,2025-11
ORD103669,2025-01-20,CUST10491,East,Mobile App,Electronics,Monitor,1,7772.49,0.25,5829.37,UPI,Completed,2025-01
ORD103670,2025-05-17,CUST10118,East,Mobile App,Fashion,Backpack,2,3946.69,0.05,0.0,UPI,Cancelled,2025-05
ORD103671,2025-10-10,CUST10315,North,Website,Fashion,T-Shirt,1,536.81,0.25,402.61,Credit Card,Completed,2025-10
ORD103672,2025-11-27,CUST10293,East,Mobile App,Beauty,Face Wash,1,2002.34,0.2,0.0,Cash on Delivery,Cancelled,2025-11
ORD103673,2025-06-12,CUST10772,East,Website,Electronics,Smartwatch,1,2815.79,0.0,2815.79,Debit Card,Completed,2025-06
ORD103674,2025-09-23,CUST10729,Central,Marketplace,Beauty,Moisturizer,4,1115.0,0.1,4014.0,UPI,Completed,2025-09
ORD103675,2025-04-03,CUST10553,South,Marketplace,Furniture,Bedside Table,1,5102.93,0.05,0.0,Credit Card,Returned,2025-04
ORD103676,2025-07-04,CUST10565,South,Mobile App,Furniture,Sofa,1,5804.0,0.05,5513.8,UPI,Completed,2025-07
ORD103677,2025-10-26,CUST10237,East,Mobile App,Electronics,Laptop,2,4400.12,0.1,7920.22,Debit Card,Completed,2025-10
ORD103678,2025-06-16,CUST10249,South,Mobile App,Home & Kitchen,Coffee Maker,4,1420.72,0.1,5114.59,UPI,Completed,2025-06
ORD103679,2025-07-18,CUST10853,South,Website,Electronics,Headphones,2,29293.68,0.15,49799.26,UPI,Completed,2025-07
ORD103680,2025-03-03,CUST10231,West,Mobile App,Fashion,Backpack,4,3308.99,0.05,12574.16,Debit Card,Completed,2025-03
ORD103681,2025-09-17,CUST10826,South,Marketplace,Electronics,Headphones,1,18698.69,0.0,18698.69,UPI,Completed,2025-09
ORD103682,2025-01-31,CUST10708,South,Website,Fashion,Jacket,1,819.23,0.1,0.0,Credit Card,Cancelled,2025-01
ORD103683,2025-08-24,CUST10624,North,Website,Furniture,Bedside Table,2,19895.14,0.1,35811.25,Cash on Delivery,Completed,2025-08
ORD103684,2025-10-04,CUST10714,North,Marketplace,Furniture,Bookshelf,1,2671.0,0.15,2270.35,Debit Card,Completed,2025-10
ORD103685,2025-05-30,CUST10881,South,Marketplace,Home & Kitchen,Cookware Set,4,7754.28,0.1,27915.41,UPI,Completed,2025-05
ORD103686,2025-12-17,CUST10251,West,Mobile App,Beauty,Face Wash,1,480.89,0.0,480.89,UPI,Completed,2025-12
ORD103687,2025-09-02,CUST10599,East,Website,Fashion,Jacket,1,611.0,0.15,519.35,Debit Card,Completed,2025-09
ORD103688,2025-10-01,CUST10400,North,Marketplace,Beauty,Shampoo,1,2198.96,0.25,1649.22,UPI,Completed,2025-10
ORD103689,2025-08-18,CUST10235,North,Website,Home & Kitchen,Mixer Grinder,2,1124.41,0.15,1911.5,Credit Card,Completed,2025-08
ORD103690,2025-03-21,CUST10458,South,Website,Beauty,Moisturizer,1,765.39,0.1,688.85,UPI,Completed,2025-03
ORD103691,2025-03-21,CUST10205,West,Marketplace,Beauty,Sunscreen,2,1795.2,0.05,0.0,UPI,Cancelled,2025-03
ORD103692,2025-03-04,CUST10097,West,Website,Home & Kitchen,Air Fryer,3,7764.3,0.1,20963.61,UPI,Completed,2025-03
ORD103693,2025-08-07,CUST10649,South,Mobile App,Electronics,Laptop,1,16126.42,0.05,15320.1,UPI,Completed,2025-08
ORD103694,2025-01-23,CUST10257,West,Website,Home & Kitchen,Cookware Set,1,11758.36,0.05,11170.44,UPI,Completed,2025-01
ORD103695,2025-02-08,CUST10718,South,Mobile App,Electronics,Headphones,1,1488.11,0.1,1339.3,Credit Card,Completed,2025-02
ORD103696,2025-10-30,CUST10147,South,Mobile App,Beauty,Sunscreen,1,3153.46,0.15,2680.44,Debit Card,Completed,2025-10
ORD103697,2025-10-02,CUST10158,Central,Mobile App,Furniture,Bedside Table,2,4205.01,0.1,0.0,Net Banking,Returned,2025-10
ORD103698,2025-05-16,CUST10721,South,Mobile App,Electronics,Laptop,1,24679.9,0.2,19743.92,Debit Card,Completed,2025-05
ORD103699,2025-12-13,CUST10092,South,Website,Furniture,Bedside Table,2,3263.17,0.1,5873.71,UPI,Completed,2025-12
ORD103700,2025-05-24,CUST10605,East,Mobile App,Fashion,T-Shirt,2,5374.43,0.25,8061.65,Cash on Delivery,Completed,2025-05
ORD103701,2025-02-04,CUST10477,South,Website,Beauty,Shampoo,1,1428.23,0.2,1142.58,UPI,Completed,2025-02
ORD103702,2025-11-06,CUST10392,West,Marketplace,Beauty,Perfume,4,277.24,0.2,887.17,Credit Card,Completed,2025-11
ORD103703,2025-03-01,CUST10284,West,Marketplace,Home & Kitchen,Cookware Set,2,1793.61,0.25,2690.41,UPI,Completed,2025-03
ORD103704,2025-08-19,CUST10030,West,Website,Beauty,Shampoo,2,4183.32,0.15,7111.64,Debit Card,Completed,2025-08
ORD103705,2025-12-19,CUST10298,East,Mobile App,Beauty,Shampoo,3,547.64,0.15,1396.48,Credit Card,Completed,2025-12
ORD103706,2025-02-16,CUST10049,East,Mobile App,Beauty,Face Wash,3,833.9,0.1,2251.53,Credit Card,Completed,2025-02
ORD103707,2025-06-24,CUST10248,South,Mobile App,Electronics,Headphones,1,2542.5,0.1,2288.25,Debit Card,Completed,2025-06
ORD103708,2025-02-13,CUST10179,East,Mobile App,Furniture,Sofa,4,8216.62,0.2,26293.18,Debit Card,Completed,2025-02
ORD103709,2025-05-16,CUST10665,North,Marketplace,Furniture,Study Table,1,6285.17,0.15,5342.39,UPI,Completed,2025-05
ORD103710,2025-04-26,CUST10498,Central,Website,Home & Kitchen,Mixer Grinder,1,5224.98,0.1,4702.48,Credit Card,Completed,2025-04
ORD103711,2025-12-16,CUST10055,North,Website,Home & Kitchen,Mixer Grinder,1,2649.03,0.2,2119.22,UPI,Completed,2025-12
ORD103712,2025-03-29,CUST10296,Central,Mobile App,Beauty,Shampoo,2,727.89,0.1,1310.2,Net Banking,Completed,2025-03
ORD103713,2025-06-30,CUST10747,East,Website,Beauty,Perfume,5,306.01,0.1,1377.05,UPI,Completed,2025-06
ORD103714,2025-07-14,CUST10545,East,Website,Beauty,Perfume,2,298.62,0.2,477.79,UPI,Completed,2025-07
ORD103715,2025-01-02,CUST10864,North,Website,Beauty,Perfume,1,1379.49,0.1,1241.54,UPI,Completed,2025-01
ORD103716,2025-04-19,CUST10372,South,Website,Beauty,Sunscreen,3,450.78,0.05,0.0,Debit Card,Cancelled,2025-04
ORD103717,2025-03-08,CUST10773,East,Marketplace,Electronics,Smartwatch,4,3388.69,0.0,13554.76,Credit Card,Completed,2025-03
ORD103718,2025-05-01,CUST10069,South,Mobile App,Electronics,Monitor,1,7828.19,0.1,7045.37,Credit Card,Completed,2025-05
ORD103719,2025-09-23,CUST10318,South,Website,Electronics,Smartphone,1,11709.97,0.05,11124.47,Debit Card,Completed,2025-09
ORD103720,2025-08-06,CUST10040,North,Website,Electronics,Smartphone,2,19222.12,0.25,28833.18,UPI,Completed,2025-08
ORD103721,2025-01-22,CUST10776,West,Website,Beauty,Moisturizer,1,695.71,0.15,591.35,Credit Card,Completed,2025-01
ORD103722,2025-12-29,CUST10385,East,Mobile App,Beauty,Perfume,2,3338.6,0.0,6677.2,Credit Card,Completed,2025-12
ORD103723,2025-04-01,CUST10431,West,Mobile App,Fashion,Jeans,1,4334.25,0.15,3684.11,UPI,Completed,2025-04
ORD103724,2025-05-31,CUST10237,North,Website,Beauty,Moisturizer,1,325.83,0.0,0.0,Net Banking,Cancelled,2025-05
ORD103725,2025-01-17,CUST10336,North,Website,Electronics,Headphones,3,26964.14,0.2,64713.94,Debit Card,Completed,2025-01
ORD103726,2025-10-02,CUST10524,North,Mobile App,Home & Kitchen,Vacuum Cleaner,2,794.33,0.15,1350.36,Debit Card,Completed,2025-10
ORD103727,2025-06-18,CUST10881,North,Website,Furniture,Office Chair,1,8838.33,0.25,6628.75,Credit Card,Completed,2025-06
ORD103728,2025-03-04,CUST10481,West,Website,Fashion,Sneakers,2,636.91,0.25,955.37,Cash on Delivery,Completed,2025-03
ORD103729,2025-02-26,CUST10662,South,Website,Home & Kitchen,Air Fryer,2,1810.09,0.0,3620.18,Debit Card,Completed,2025-02
ORD103730,2025-11-18,CUST10263,East,Mobile App,Home & Kitchen,Air Fryer,1,1745.98,0.1,1571.38,Credit Card,Completed,2025-11
ORD103731,2025-03-21,CUST10143,North,Mobile App,Electronics,Smartwatch,2,19049.39,0.0,38098.78,Debit Card,Completed,2025-03
ORD103732,2025-04-05,CUST10078,South,Mobile App,Beauty,Sunscreen,1,2580.93,0.0,2580.93,UPI,Completed,2025-04
ORD103733,2025-08-05,CUST10826,North,Mobile App,Home & Kitchen,Vacuum Cleaner,2,2663.91,0.1,0.0,Credit Card,Returned,2025-08
ORD103734,2025-10-24,CUST10046,North,Marketplace,Fashion,Sneakers,2,2803.45,0.2,4485.52,Debit Card,Completed,2025-10
ORD103735,2025-09-12,CUST10564,South,Marketplace,Furniture,Sofa,1,11687.3,0.05,11102.93,Debit Card,Completed,2025-09
ORD103736,2025-04-16,CUST10776,South,Mobile App,Home & Kitchen,Vacuum Cleaner,2,950.48,0.1,1710.86,Cash on Delivery,Completed,2025-04
ORD103737,2025-11-28,CUST10571,East,Website,Home & Kitchen,Mixer Grinder,1,837.35,0.0,837.35,UPI,Completed,2025-11
ORD103738,2025-06-18,CUST10850,South,Marketplace,Furniture,Bookshelf,2,18677.17,0.2,29883.47,Credit Card,Completed,2025-06
ORD103739,2025-10-17,CUST10413,East,Marketplace,Beauty,Sunscreen,2,403.18,0.1,725.72,UPI,Completed,2025-10
ORD103740,2025-02-08,CUST10138,South,Website,Fashion,Jeans,2,5379.97,0.0,10759.94,Debit Card,Completed,2025-02
ORD103741,2025-09-15,CUST10512,South,Mobile App,Home & Kitchen,Mixer Grinder,1,3388.29,0.0,0.0,Net Banking,Cancelled,2025-09
ORD103742,2025-02-06,CUST10563,East,Marketplace,Beauty,Face Wash,2,2506.64,0.2,4010.62,Debit Card,Completed,2025-02
ORD103743,2025-03-11,CUST10083,North,Marketplace,Home & Kitchen,Coffee Maker,2,760.11,0.1,1368.2,UPI,Completed,2025-03
ORD103744,2025-10-10,CUST10716,South,Website,Furniture,Sofa,4,10801.18,0.15,0.0,Credit Card,Cancelled,2025-10
ORD103745,2025-07-21,CUST10554,East,Website,Fashion,Backpack,3,1424.95,0.05,4061.11,Debit Card,Completed,2025-07
ORD103746,2025-10-02,CUST10122,East,Mobile App,Electronics,Headphones,1,6536.3,0.15,0.0,Debit Card,Cancelled,2025-10
ORD103747,2025-10-25,CUST10099,South,Mobile App,Furniture,Bedside Table,1,2748.03,0.0,2748.03,UPI,Completed,2025-10
ORD103748,2025-11-03,CUST10669,Central,Website,Fashion,Sneakers,1,1250.8,0.0,1250.8,UPI,Completed,2025-11
ORD103749,2025-04-03,CUST10647,East,Mobile App,Home & Kitchen,Mixer Grinder,1,1544.85,0.0,1544.85,UPI,Completed,2025-04
ORD103750,2025-05-17,CUST10319,Central,Marketplace,Home & Kitchen,Air Fryer,2,6140.94,0.15,10439.6,Net Banking,Completed,2025-05
ORD103751,2025-03-22,CUST10880,West,Website,Beauty,Shampoo,3,3831.66,0.1,10345.48,UPI,Completed,2025-03
ORD103752,2025-07-21,CUST10071,South,Website,Home & Kitchen,Coffee Maker,1,3226.23,0.15,2742.3,Credit Card,Completed,2025-07
ORD103753,2025-04-30,CUST10417,West,Mobile App,Fashion,Jeans,1,408.84,0.2,327.07,UPI,Completed,2025-04
ORD103754,2025-10-22,CUST10849,North,Mobile App,Home & Kitchen,Vacuum Cleaner,2,11262.8,0.05,21399.32,UPI,Completed,2025-10
ORD103755,2025-12-19,CUST10411,West,Mobile App,Furniture,Sofa,4,4714.25,0.15,16028.45,Credit Card,Completed,2025-12
ORD103756,2025-03-20,CUST10004,East,Website,Furniture,Bedside Table,1,6702.32,0.0,6702.32,Cash on Delivery,Completed,2025-03
ORD103757,2025-06-18,CUST10505,West,Mobile App,Furniture,Study Table,3,4705.34,0.15,11998.62,Cash on Delivery,Completed,2025-06
ORD103758,2025-10-04,CUST10133,South,Mobile App,Electronics,Smartwatch,1,15353.76,0.25,11515.32,UPI,Completed,2025-10
ORD103759,2025-05-11,CUST10067,North,Marketplace,Electronics,Monitor,1,5935.81,0.05,5639.02,Credit Card,Completed,2025-05
ORD103760,2025-06-02,CUST10045,West,Website,Beauty,Sunscreen,3,496.45,0.15,1265.95,UPI,Completed,2025-06
ORD103761,2025-09-25,CUST10076,West,Mobile App,Furniture,Bedside Table,1,2905.44,0.15,2469.62,UPI,Completed,2025-09
ORD103762,2025-01-27,CUST10737,South,Website,Beauty,Sunscreen,2,1196.72,0.15,2034.42,Net Banking,Completed,2025-01
ORD103763,2025-03-20,CUST10114,South,Mobile App,Electronics,Monitor,3,2716.39,0.15,6926.79,Debit Card,Completed,2025-03
ORD103764,2025-09-22,CUST10476,East,Marketplace,Home & Kitchen,Air Fryer,1,3996.14,0.05,3796.33,Cash on Delivery,Completed,2025-09
ORD103765,2025-04-28,CUST10837,East,Website,Fashion,Jacket,2,588.12,0.15,999.8,Cash on Delivery,Completed,2025-04
ORD103766,2025-05-06,CUST10855,North,Website,Furniture,Office Chair,3,4046.52,0.1,0.0,Credit Card,Returned,2025-05
ORD103767,2025-12-30,CUST10713,West,Marketplace,Furniture,Office Chair,1,2152.79,0.05,2045.15,Net Banking,Completed,2025-12
ORD103768,2025-09-04,CUST10870,South,Website,Home & Kitchen,Mixer Grinder,1,1622.21,0.15,1378.88,UPI,Completed,2025-09
ORD103769,2025-06-23,CUST10222,West,Marketplace,Furniture,Bookshelf,3,22539.14,0.25,50713.07,Credit Card,Completed,2025-06
ORD103770,2025-05-14,CUST10700,North,Website,Furniture,Sofa,1,30664.71,0.05,29131.47,Credit Card,Completed,2025-05
ORD103771,2025-12-31,CUST10013,North,Website,Beauty,Moisturizer,2,880.97,0.15,1497.65,Debit Card,Completed,2025-12
ORD103772,2025-09-02,CUST10368,North,Mobile App,Fashion,Sneakers,3,2407.56,0.05,6861.55,Credit Card,Completed,2025-09
ORD103773,2025-06-09,CUST10744,Central,Website,Electronics,Smartwatch,1,24788.26,0.0,24788.26,UPI,Completed,2025-06
ORD103774,2025-06-20,CUST10646,South,Marketplace,Beauty,Moisturizer,4,2676.97,0.1,9637.09,Credit Card,Completed,2025-06
ORD103775,2025-07-09,CUST10604,North,Marketplace,Fashion,Jacket,4,941.96,0.1,3391.06,Net Banking,Completed,2025-07
ORD103776,2025-08-23,CUST10077,North,Website,Home & Kitchen,Mixer Grinder,1,1079.6,0.1,971.64,UPI,Completed,2025-08
ORD103777,2025-10-11,CUST10523,North,Mobile App,Electronics,Headphones,1,1705.19,0.2,1364.15,UPI,Completed,2025-10
ORD103778,2025-05-29,CUST10060,South,Marketplace,Home & Kitchen,Mixer Grinder,4,10304.61,0.15,35035.67,UPI,Completed,2025-05
ORD103779,2025-05-06,CUST10739,Central,Marketplace,Beauty,Face Wash,2,1061.94,0.1,1911.49,Cash on Delivery,Completed,2025-05
ORD103780,2025-01-01,CUST10220,South,Website,Electronics,Smartwatch,1,17129.69,0.15,14560.24,Credit Card,Completed,2025-01
ORD103781,2025-10-01,CUST10381,South,Mobile App,Furniture,Study Table,2,16679.29,0.05,31690.65,Credit Card,Completed,2025-10
ORD103782,2025-05-09,CUST10614,East,Marketplace,Home & Kitchen,Mixer Grinder,2,5287.59,0.0,10575.18,UPI,Completed,2025-05
ORD103783,2025-08-12,CUST10077,North,Marketplace,Home & Kitchen,Air Fryer,3,1714.24,0.1,4628.45,Credit Card,Completed,2025-08
ORD103784,2025-07-14,CUST10692,South,Website,Fashion,T-Shirt,2,1244.24,0.1,2239.63,UPI,Completed,2025-07
ORD103785,2025-05-01,CUST10269,South,Mobile App,Furniture,Sofa,1,3220.75,0.25,2415.56,Cash on Delivery,Completed,2025-05
ORD103786,2025-10-26,CUST10739,West,Website,Home & Kitchen,Cookware Set,4,4380.68,0.15,14894.31,UPI,Completed,2025-10
ORD103787,2025-04-06,CUST10803,Central,Marketplace,Beauty,Sunscreen,3,264.82,0.15,675.29,Credit Card,Completed,2025-04
ORD103788,2025-09-07,CUST10182,South,Mobile App,Furniture,Office Chair,1,2714.88,0.15,2307.65,Cash on Delivery,Completed,2025-09
ORD103789,2025-03-12,CUST10184,North,Mobile App,Beauty,Face Wash,3,1273.02,0.0,3819.06,Cash on Delivery,Completed,2025-03
ORD103790,2025-07-29,CUST10100,West,Mobile App,Furniture,Study Table,1,21336.19,0.15,18135.76,UPI,Completed,2025-07
ORD103791,2025-12-18,CUST10145,North,Mobile App,Home & Kitchen,Coffee Maker,1,1174.98,0.05,1116.23,UPI,Completed,2025-12
ORD103792,2025-11-21,CUST10264,North,Mobile App,Furniture,Study Table,2,29820.57,0.0,59641.14,UPI,Completed,2025-11
ORD103793,2025-02-20,CUST10304,East,Website,Beauty,Perfume,4,528.34,0.0,2113.36,UPI,Completed,2025-02
ORD103794,2025-09-13,CUST10802,North,Mobile App,Fashion,Backpack,2,3198.72,0.05,6077.57,Debit Card,Completed,2025-09
ORD103795,2025-08-12,CUST10525,Central,Mobile App,Furniture,Bookshelf,2,12978.48,0.05,24659.11,Net Banking,Completed,2025-08
ORD103796,2025-03-02,CUST10352,North,Website,Furniture,Bedside Table,4,13902.6,0.2,0.0,Credit Card,Returned,2025-03
ORD103797,2025-09-13,CUST10464,South,Mobile App,Furniture,Bookshelf,3,7772.81,0.15,19820.67,Net Banking,Completed,2025-09
ORD103798,2025-02-06,CUST10698,South,Website,Home & Kitchen,Cookware Set,2,1222.48,0.2,1955.97,Credit Card,Completed,2025-02
ORD103799,2025-01-19,CUST10433,South,Website,Fashion,T-Shirt,2,840.59,0.1,1513.06,Credit Card,Completed,2025-01
ORD103800,2025-05-25,CUST10464,North,Website,Electronics,Laptop,1,14209.06,0.2,11367.25,Net Banking,Completed,2025-05
ORD103801,2025-11-15,CUST10672,West,Marketplace,Beauty,Shampoo,2,1064.22,0.15,1809.17,Credit Card,Completed,2025-11
ORD103802,2025-07-24,CUST10282,Central,Mobile App,Electronics,Smartwatch,1,12429.03,0.05,11807.58,Debit Card,Completed,2025-07
ORD103803,2025-12-14,CUST10027,North,Mobile App,Furniture,Study Table,1,9386.15,0.15,7978.23,Credit Card,Completed,2025-12
ORD103804,2025-09-27,CUST10029,West,Mobile App,Fashion,Backpack,3,417.58,0.1,1127.47,UPI,Completed,2025-09
ORD103805,2025-03-22,CUST10855,North,Website,Home & Kitchen,Mixer Grinder,2,10855.55,0.1,19539.99,Credit Card,Completed,2025-03
ORD103806,2025-05-07,CUST10227,Central,Marketplace,Furniture,Study Table,3,3187.49,0.1,8606.22,Credit Card,Completed,2025-05
ORD103807,2025-05-22,CUST10888,West,Mobile App,Home & Kitchen,Air Fryer,1,1228.42,0.2,982.74,Cash on Delivery,Completed,2025-05
ORD103808,2025-06-29,CUST10504,North,Website,Beauty,Face Wash,1,518.38,0.0,518.38,Debit Card,Completed,2025-06
ORD103809,2025-10-10,CUST10412,North,Website,Furniture,Bedside Table,1,7078.59,0.0,0.0,Debit Card,Returned,2025-10
ORD103810,2025-02-09,CUST10145,South,Mobile App,Home & Kitchen,Mixer Grinder,1,2377.31,0.1,2139.58,Debit Card,Completed,2025-02
ORD103811,2025-05-15,CUST10801,East,Mobile App,Furniture,Bedside Table,3,3391.27,0.1,9156.43,Credit Card,Completed,2025-05
ORD103812,2025-04-28,CUST10353,South,Website,Beauty,Perfume,3,1824.19,0.1,4925.31,Cash on Delivery,Completed,2025-04
ORD103813,2025-12-13,CUST10063,West,Mobile App,Fashion,Jeans,2,892.86,0.15,0.0,Cash on Delivery,Returned,2025-12
ORD103814,2025-04-18,CUST10246,South,Website,Beauty,Shampoo,2,258.85,0.05,491.81,UPI,Completed,2025-04
ORD103815,2025-03-07,CUST10275,Central,Mobile App,Electronics,Smartwatch,2,6208.63,0.15,0.0,Credit Card,Cancelled,2025-03
ORD103816,2025-05-11,CUST10139,Central,Website,Electronics,Smartphone,4,25012.6,0.05,95047.88,UPI,Completed,2025-05
ORD103817,2025-01-16,CUST10118,North,Website,Electronics,Smartwatch,1,5898.06,0.15,5013.35,UPI,Completed,2025-01
ORD103818,2025-03-15,CUST10842,West,Mobile App,Fashion,T-Shirt,2,1821.96,0.1,3279.53,UPI,Completed,2025-03
ORD103819,2025-11-02,CUST10332,South,Marketplace,Furniture,Bookshelf,2,2249.87,0.0,4499.74,UPI,Completed,2025-11
ORD103820,2025-06-07,CUST10029,South,Marketplace,Beauty,Face Wash,3,3041.19,0.05,8667.39,Net Banking,Completed,2025-06
ORD103821,2025-02-13,CUST10343,North,Mobile App,Beauty,Moisturizer,1,1084.71,0.15,922.0,Net Banking,Completed,2025-02
ORD103822,2025-08-13,CUST10100,North,Website,Beauty,Sunscreen,1,2632.67,0.05,2501.04,Unknown,Completed,2025-08
ORD103823,2025-08-05,CUST10692,North,Marketplace,Furniture,Bookshelf,3,29058.63,0.2,69740.71,Net Banking,Completed,2025-08
ORD103824,2025-10-10,CUST10148,West,Marketplace,Furniture,Bedside Table,1,3755.74,0.15,0.0,UPI,Returned,2025-10
ORD103825,2025-03-18,CUST10874,South,Website,Home & Kitchen,Coffee Maker,4,4411.67,0.25,13235.01,Cash on Delivery,Completed,2025-03
ORD103826,2025-12-01,CUST10202,West,Website,Beauty,Moisturizer,1,312.48,0.05,296.86,Credit Card,Completed,2025-12
ORD103827,2025-04-12,CUST10531,North,Website,Fashion,Jacket,1,2769.98,0.2,2215.98,Debit Card,Completed,2025-04
ORD103828,2025-07-12,CUST10012,Central,Mobile App,Fashion,Sneakers,1,2479.99,0.15,2107.99,Credit Card,Completed,2025-07
ORD103829,2025-02-27,CUST10884,East,Marketplace,Home & Kitchen,Cookware Set,1,2188.24,0.05,2078.83,UPI,Completed,2025-02
ORD103830,2025-09-26,CUST10275,South,Website,Beauty,Shampoo,2,456.35,0.0,912.7,Debit Card,Completed,2025-09
ORD103831,2025-03-29,CUST10843,North,Mobile App,Beauty,Face Wash,1,1834.12,0.1,1650.71,UPI,Completed,2025-03
ORD103832,2025-01-18,CUST10166,Central,Website,Beauty,Moisturizer,1,277.64,0.05,263.76,UPI,Completed,2025-01
ORD103833,2025-09-23,CUST10457,Central,Mobile App,Beauty,Face Wash,1,1490.94,0.1,1341.85,Credit Card,Completed,2025-09
ORD103834,2025-12-13,CUST10570,South,Mobile App,Electronics,Laptop,3,65320.98,0.2,156770.35,UPI,Completed,2025-12
ORD103835,2025-07-15,CUST10195,Central,Mobile App,Home & Kitchen,Air Fryer,2,3412.78,0.25,5119.17,Debit Card,Completed,2025-07
ORD103836,2025-10-25,CUST10092,Central,Mobile App,Home & Kitchen,Vacuum Cleaner,2,6055.5,0.0,12111.0,Debit Card,Completed,2025-10
ORD103837,2025-04-23,CUST10222,South,Website,Furniture,Office Chair,2,6433.04,0.05,12222.78,UPI,Completed,2025-04
ORD103838,2025-02-19,CUST10524,Central,Website,Electronics,Monitor,2,32484.53,0.2,51975.25,Unknown,Completed,2025-02
ORD103839,2025-08-04,CUST10241,West,Website,Beauty,Perfume,3,1423.1,0.05,0.0,Debit Card,Cancelled,2025-08
ORD103840,2025-03-04,CUST10707,Central,Mobile App,Electronics,Laptop,1,60449.58,0.0,0.0,Credit Card,Returned,2025-03
ORD103841,2025-06-03,CUST10319,East,Mobile App,Electronics,Headphones,2,4233.08,0.0,8466.16,UPI,Completed,2025-06
ORD103842,2025-02-17,CUST10781,West,Mobile App,Furniture,Bookshelf,1,28830.95,0.1,0.0,UPI,Cancelled,2025-02
ORD103843,2025-10-22,CUST10649,South,Website,Furniture,Bedside Table,2,4801.94,0.0,9603.88,Debit Card,Completed,2025-10
ORD103844,2025-09-05,CUST10241,South,Mobile App,Electronics,Smartwatch,1,2279.21,0.15,0.0,Credit Card,Cancelled,2025-09
ORD103845,2025-03-29,CUST10648,North,Mobile App,Electronics,Headphones,3,24014.18,0.15,61236.16,Credit Card,Completed,2025-03
ORD103846,2025-10-03,CUST10200,North,Mobile App,Beauty,Face Wash,2,2907.47,0.15,4942.7,Net Banking,Completed,2025-10
ORD103847,2025-04-20,CUST10342,East,Mobile App,Furniture,Bedside Table,2,14821.99,0.05,28161.78,UPI,Completed,2025-04
ORD103848,2025-09-10,CUST10211,North,Website,Beauty,Shampoo,1,984.7,0.15,837.0,UPI,Completed,2025-09
ORD103849,2025-11-26,CUST10791,East,Marketplace,Furniture,Bookshelf,1,13154.71,0.1,11839.24,Debit Card,Completed,2025-11
ORD103850,2025-04-12,CUST10806,South,Website,Home & Kitchen,Cookware Set,4,10530.52,0.1,37909.87,Debit Card,Completed,2025-04
ORD103851,2025-01-12,CUST10417,East,Mobile App,Furniture,Bookshelf,4,21782.57,0.0,0.0,Debit Card,Cancelled,2025-01
ORD103852,2025-03-27,CUST10373,Central,Mobile App,Home & Kitchen,Air Fryer,1,4352.39,0.2,3481.91,UPI,Completed,2025-03
ORD103853,2025-06-01,CUST10765,South,Website,Furniture,Bedside Table,3,11334.64,0.1,30603.53,Debit Card,Completed,2025-06
ORD103854,2025-10-03,CUST10069,North,Website,Beauty,Moisturizer,1,680.1,0.15,578.09,UPI,Completed,2025-10
ORD103855,2025-10-23,CUST10860,South,Website,Furniture,Bookshelf,2,7528.87,0.15,12799.08,Credit Card,Completed,2025-10
ORD103856,2025-01-03,CUST10572,East,Marketplace,Fashion,Backpack,2,446.48,0.15,0.0,Cash on Delivery,Cancelled,2025-01
ORD103857,2025-07-23,CUST10631,South,Mobile App,Electronics,Monitor,3,1498.14,0.0,4494.42,Net Banking,Completed,2025-07
ORD103858,2025-08-31,CUST10344,West,Website,Home & Kitchen,Cookware Set,2,6747.67,0.1,12145.81,Net Banking,Completed,2025-08
ORD103859,2025-06-09,CUST10312,East,Mobile App,Furniture,Office Chair,4,15396.58,0.05,58507.0,Debit Card,Completed,2025-06
ORD103860,2025-06-03,CUST10300,South,Website,Home & Kitchen,Mixer Grinder,1,4244.82,0.1,3820.34,Credit Card,Completed,2025-06
ORD103861,2025-04-02,CUST10222,East,Website,Beauty,Perfume,1,555.24,0.15,471.95,UPI,Completed,2025-04
ORD103862,2025-12-29,CUST10320,South,Website,Fashion,Sneakers,4,1385.13,0.15,4709.44,UPI,Completed,2025-12
ORD103863,2025-12-07,CUST10239,South,Mobile App,Beauty,Moisturizer,2,2290.74,0.15,3894.26,UPI,Completed,2025-12
ORD103864,2025-11-22,CUST10806,West,Website,Electronics,Smartwatch,1,8027.58,0.1,7224.82,Credit Card,Completed,2025-11
ORD103865,2025-08-12,CUST10097,South,Marketplace,Electronics,Smartphone,3,991.92,0.1,2380.61,Net Banking,Completed,2025-08
ORD103866,2025-08-11,CUST10111,West,Website,Furniture,Study Table,3,7559.22,0.0,22677.66,UPI,Completed,2025-08
ORD103867,2025-09-22,CUST10634,South,Marketplace,Electronics,Headphones,1,2821.26,0.2,2257.01,Credit Card,Completed,2025-09
ORD103868,2025-09-16,CUST10299,West,Mobile App,Fashion,Backpack,2,1292.84,0.1,2327.11,Debit Card,Completed,2025-09
ORD103869,2025-05-25,CUST10426,North,Marketplace,Fashion,Jacket,4,503.21,0.2,1610.27,Credit Card,Completed,2025-05
ORD103870,2025-04-28,CUST10418,South,Website,Electronics,Monitor,1,2627.39,0.15,2233.28,Net Banking,Completed,2025-04
ORD103871,2025-06-03,CUST10055,East,Website,Beauty,Moisturizer,1,4713.9,0.15,4006.81,UPI,Completed,2025-06
ORD103872,2025-05-24,CUST10323,Central,Mobile App,Beauty,Face Wash,3,430.23,0.15,1097.09,UPI,Completed,2025-05
ORD103873,2025-07-25,CUST10781,West,Mobile App,Beauty,Shampoo,2,537.35,0.05,1020.97,Cash on Delivery,Completed,2025-07
ORD103874,2025-06-20,CUST10825,West,Marketplace,Home & Kitchen,Air Fryer,4,7913.39,0.25,23740.17,Debit Card,Completed,2025-06
ORD103875,2025-06-18,CUST10577,West,Marketplace,Electronics,Monitor,1,5830.86,0.15,4956.23,Cash on Delivery,Completed,2025-06
ORD103876,2025-01-02,CUST10138,West,Marketplace,Beauty,Perfume,1,885.41,0.15,752.6,Cash on Delivery,Completed,2025-01
ORD103877,2025-09-27,CUST10110,East,Website,Beauty,Face Wash,5,400.2,0.0,2001.0,UPI,Completed,2025-09
ORD103878,2025-09-04,CUST10543,North,Website,Beauty,Moisturizer,2,397.37,0.2,635.79,UPI,Completed,2025-09
ORD103879,2025-07-10,CUST10028,East,Website,Furniture,Study Table,3,2115.47,0.0,6346.41,UPI,Completed,2025-07
ORD103880,2025-08-29,CUST10306,South,Website,Electronics,Smartphone,1,4250.41,0.2,3400.33,Net Banking,Completed,2025-08
ORD103881,2025-10-29,CUST10436,North,Website,Electronics,Monitor,3,7117.14,0.1,19216.28,UPI,Completed,2025-10
ORD103882,2025-02-15,CUST10263,North,Marketplace,Electronics,Laptop,1,19095.26,0.1,0.0,Credit Card,Returned,2025-02
ORD103883,2025-01-12,CUST10788,North,Website,Fashion,T-Shirt,3,1308.51,0.05,3729.25,UPI,Completed,2025-01
ORD103884,2025-03-03,CUST10401,West,Marketplace,Electronics,Headphones,1,13611.78,0.1,12250.6,UPI,Completed,2025-03
ORD103885,2025-05-24,CUST10592,West,Website,Fashion,Jacket,3,5717.79,0.25,12865.03,Net Banking,Completed,2025-05
ORD103886,2025-04-07,CUST10551,West,Marketplace,Furniture,Office Chair,2,25893.7,0.05,49198.03,Credit Card,Completed,2025-04
ORD103887,2025-05-25,CUST10356,East,Website,Fashion,Jacket,1,4102.44,0.0,4102.44,Net Banking,Completed,2025-05
ORD103888,2025-02-12,CUST10064,East,Website,Home & Kitchen,Vacuum Cleaner,1,708.98,0.15,602.63,UPI,Completed,2025-02
ORD103889,2025-12-09,CUST10490,North,Marketplace,Furniture,Bedside Table,3,4782.38,0.1,12912.43,Credit Card,Completed,2025-12
ORD103890,2025-09-24,CUST10833,West,Website,Electronics,Smartphone,1,991.73,0.05,942.14,UPI,Completed,2025-09
ORD103891,2025-12-26,CUST10874,West,Marketplace,Electronics,Headphones,2,2473.7,0.15,4205.29,Net Banking,Completed,2025-12
ORD103892,2025-06-05,CUST10124,South,Website,Beauty,Face Wash,1,4636.8,0.25,3477.6,Net Banking,Completed,2025-06
ORD103893,2025-09-17,CUST10034,South,Marketplace,Furniture,Bedside Table,1,5144.0,0.15,4372.4,Credit Card,Completed,2025-09
ORD103894,2025-01-21,CUST10878,North,Marketplace,Electronics,Smartphone,1,1844.52,0.15,1567.84,Credit Card,Completed,2025-01
ORD103895,2025-04-21,CUST10480,North,Marketplace,Beauty,Sunscreen,2,931.67,0.05,1770.17,Net Banking,Completed,2025-04
ORD103896,2025-05-12,CUST10045,East,Website,Home & Kitchen,Air Fryer,1,3572.56,0.05,3393.93,UPI,Completed,2025-05
ORD103897,2025-06-14,CUST10413,Central,Website,Furniture,Bookshelf,2,4677.78,0.2,7484.45,Credit Card,Completed,2025-06
ORD103898,2025-09-07,CUST10330,West,Website,Beauty,Moisturizer,2,1193.48,0.1,2148.26,UPI,Completed,2025-09
ORD103899,2025-09-19,CUST10456,East,Marketplace,Electronics,Headphones,1,2692.32,0.05,2557.7,UPI,Completed,2025-09
ORD103900,2025-01-05,CUST10900,West,Website,Furniture,Office Chair,1,2880.09,0.1,2592.08,UPI,Completed,2025-01
ORD103901,2025-03-08,CUST10101,East,Website,Fashion,Backpack,1,1157.54,0.05,1099.66,UPI,Completed,2025-03
ORD103902,2025-11-13,CUST10770,East,Marketplace,Furniture,Sofa,1,3559.52,0.2,2847.62,Net Banking,Completed,2025-11
ORD103903,2025-06-24,CUST10608,East,Website,Fashion,Backpack,1,646.32,0.05,614.0,Credit Card,Completed,2025-06
ORD103904,2025-08-31,CUST10477,North,Website,Furniture,Office Chair,1,3823.14,0.1,3440.83,Cash on Delivery,Completed,2025-08
ORD103905,2025-03-14,CUST10066,Central,Mobile App,Fashion,Sneakers,3,2192.57,0.05,6248.82,UPI,Completed,2025-03
ORD103906,2025-01-13,CUST10821,South,Mobile App,Furniture,Study Table,1,5431.97,0.0,0.0,Credit Card,Returned,2025-01
ORD103907,2025-06-30,CUST10046,East,Mobile App,Fashion,Jeans,2,2971.2,0.05,5645.28,UPI,Completed,2025-06
ORD103908,2025-03-14,CUST10319,West,Marketplace,Fashion,T-Shirt,1,4137.25,0.15,3516.66,Cash on Delivery,Completed,2025-03
ORD103909,2025-12-03,CUST10775,West,Website,Electronics,Headphones,4,69333.1,0.05,263465.78,Credit Card,Completed,2025-12
ORD103910,2025-12-05,CUST10090,North,Mobile App,Fashion,T-Shirt,1,3352.13,0.1,3016.92,Cash on Delivery,Completed,2025-12
ORD103911,2025-05-31,CUST10496,West,Mobile App,Home & Kitchen,Air Fryer,1,15689.85,0.1,14120.86,Cash on Delivery,Completed,2025-05
ORD103912,2025-09-14,CUST10439,South,Mobile App,Electronics,Smartphone,3,1168.58,0.1,3155.17,Cash on Delivery,Completed,2025-09
ORD103913,2025-11-07,CUST10699,North,Website,Beauty,Moisturizer,2,327.25,0.05,621.77,Credit Card,Completed,2025-11
ORD103914,2025-06-18,CUST10394,Central,Mobile App,Furniture,Office Chair,1,8604.69,0.15,7313.99,Debit Card,Completed,2025-06
ORD103915,2025-11-27,CUST10692,East,Website,Fashion,Backpack,2,818.67,0.2,1309.87,Debit Card,Completed,2025-11
ORD103916,2025-02-25,CUST10542,West,Mobile App,Home & Kitchen,Air Fryer,2,6675.66,0.1,12016.19,Credit Card,Completed,2025-02
ORD103917,2025-09-09,CUST10619,North,Website,Home & Kitchen,Air Fryer,1,15944.44,0.05,15147.22,UPI,Completed,2025-09
ORD103918,2025-04-19,CUST10575,South,Mobile App,Beauty,Sunscreen,2,4816.56,0.25,7224.84,Credit Card,Completed,2025-04
ORD103919,2025-10-27,CUST10744,South,Marketplace,Beauty,Perfume,5,3328.52,0.1,14978.34,Credit Card,Completed,2025-10
ORD103920,2025-11-19,CUST10426,North,Mobile App,Beauty,Perfume,1,350.33,0.05,0.0,UPI,Returned,2025-11
ORD103921,2025-10-22,CUST10755,East,Mobile App,Home & Kitchen,Vacuum Cleaner,2,11554.18,0.05,0.0,UPI,Returned,2025-10
ORD103922,2025-02-13,CUST10092,South,Marketplace,Beauty,Shampoo,1,283.62,0.15,241.08,Cash on Delivery,Completed,2025-02
ORD103923,2025-04-01,CUST10449,East,Mobile App,Electronics,Monitor,1,33019.46,0.0,33019.46,Credit Card,Completed,2025-04
ORD103924,2025-05-04,CUST10094,Central,Marketplace,Fashion,T-Shirt,2,450.81,0.05,856.54,Cash on Delivery,Completed,2025-05
ORD103925,2025-01-15,CUST10034,South,Website,Electronics,Laptop,4,5077.18,0.0,20308.72,UPI,Completed,2025-01
ORD103926,2025-05-26,CUST10447,Central,Mobile App,Home & Kitchen,Vacuum Cleaner,2,3472.73,0.1,6250.91,Debit Card,Completed,2025-05
ORD103927,2025-05-17,CUST10042,West,Website,Electronics,Headphones,2,11674.06,0.1,0.0,Credit Card,Returned,2025-05
ORD103928,2025-11-04,CUST10001,Central,Website,Fashion,T-Shirt,1,1305.53,0.0,1305.53,UPI,Completed,2025-11
ORD103929,2025-11-14,CUST10765,North,Website,Fashion,T-Shirt,2,794.64,0.15,1350.89,Credit Card,Completed,2025-11
ORD103930,2025-02-11,CUST10828,Central,Website,Fashion,Sneakers,4,1854.09,0.05,7045.54,Net Banking,Completed,2025-02
ORD103931,2025-04-24,CUST10840,East,Mobile App,Furniture,Bookshelf,1,7940.31,0.2,6352.25,UPI,Completed,2025-04
ORD103932,2025-05-28,CUST10878,Central,Website,Home & Kitchen,Vacuum Cleaner,1,9153.1,0.15,7780.14,Net Banking,Completed,2025-05
ORD103933,2025-01-24,CUST10269,East,Website,Electronics,Headphones,2,60803.36,0.05,115526.38,Debit Card,Completed,2025-01
ORD103934,2025-03-14,CUST10243,East,Marketplace,Beauty,Shampoo,2,2675.59,0.05,5083.62,UPI,Completed,2025-03
ORD103935,2025-08-13,CUST10109,South,Mobile App,Beauty,Perfume,1,386.83,0.05,367.49,Credit Card,Completed,2025-08
ORD103936,2025-10-07,CUST10601,South,Website,Electronics,Laptop,3,2294.89,0.0,6884.67,Cash on Delivery,Completed,2025-10
ORD103937,2025-01-11,CUST10662,East,Mobile App,Beauty,Perfume,3,850.96,0.15,2169.95,Net Banking,Completed,2025-01
ORD103938,2025-07-23,CUST10712,North,Website,Fashion,T-Shirt,1,1307.6,0.15,1111.46,Debit Card,Completed,2025-07
ORD103939,2025-12-25,CUST10272,Central,Website,Beauty,Moisturizer,1,509.88,0.05,484.39,Debit Card,Completed,2025-12
ORD103940,2025-06-08,CUST10221,North,Website,Home & Kitchen,Air Fryer,1,1162.27,0.0,1162.27,UPI,Completed,2025-06
ORD103941,2025-09-15,CUST10416,East,Website,Electronics,Headphones,2,27303.41,0.1,49146.14,UPI,Completed,2025-09
ORD103942,2025-03-17,CUST10266,West,Mobile App,Furniture,Bookshelf,1,4681.9,0.05,4447.8,UPI,Completed,2025-03
ORD103943,2025-06-19,CUST10601,East,Mobile App,Electronics,Monitor,1,2446.81,0.05,2324.47,UPI,Completed,2025-06
ORD103944,2025-08-09,CUST10584,South,Website,Electronics,Headphones,4,43839.3,0.0,175357.2,UPI,Completed,2025-08
ORD103945,2025-01-14,CUST10714,South,Website,Electronics,Headphones,1,58320.49,0.0,0.0,UPI,Cancelled,2025-01
ORD103946,2025-05-28,CUST10322,North,Mobile App,Home & Kitchen,Air Fryer,3,4076.72,0.1,11007.14,UPI,Completed,2025-05
ORD103947,2025-12-13,CUST10599,East,Mobile App,Home & Kitchen,Mixer Grinder,3,3555.22,0.2,8532.53,Credit Card,Completed,2025-12
ORD103948,2025-12-06,CUST10745,West,Mobile App,Furniture,Study Table,2,8146.99,0.2,13035.18,Credit Card,Completed,2025-12
ORD103949,2025-03-04,CUST10020,North,Mobile App,Beauty,Moisturizer,2,2921.12,0.15,4965.9,Net Banking,Completed,2025-03
ORD103950,2025-08-08,CUST10156,North,Mobile App,Beauty,Sunscreen,1,1533.96,0.05,1457.26,Debit Card,Completed,2025-08
ORD103951,2025-02-19,CUST10351,North,Marketplace,Beauty,Shampoo,3,1071.23,0.0,3213.69,UPI,Completed,2025-02
ORD103952,2025-09-01,CUST10827,South,Mobile App,Electronics,Smartphone,3,2226.65,0.15,5677.96,Net Banking,Completed,2025-09
ORD103953,2025-10-08,CUST10846,East,Website,Fashion,T-Shirt,2,4997.65,0.1,0.0,Net Banking,Cancelled,2025-10
ORD103954,2025-03-29,CUST10569,West,Website,Electronics,Laptop,4,16228.84,0.15,55178.06,UPI,Completed,2025-03
ORD103955,2025-03-04,CUST10517,South,Website,Furniture,Study Table,2,2362.08,0.0,4724.16,UPI,Completed,2025-03
ORD103956,2025-03-08,CUST10125,Central,Mobile App,Fashion,T-Shirt,3,571.89,0.15,1458.32,Credit Card,Completed,2025-03
ORD103957,2025-11-28,CUST10635,North,Website,Electronics,Headphones,1,5254.9,0.1,4729.41,Credit Card,Completed,2025-11
ORD103958,2025-12-24,CUST10730,South,Marketplace,Electronics,Headphones,2,28171.08,0.15,47890.84,UPI,Completed,2025-12
ORD103959,2025-12-19,CUST10033,North,Mobile App,Electronics,Monitor,1,1747.93,0.15,1485.74,Credit Card,Completed,2025-12
ORD103960,2025-03-23,CUST10754,South,Mobile App,Beauty,Face Wash,1,1968.99,0.05,1870.54,Credit Card,Completed,2025-03
ORD103961,2025-09-10,CUST10602,East,Marketplace,Electronics,Smartwatch,4,1204.92,0.1,0.0,Credit Card,Cancelled,2025-09
ORD103962,2025-08-28,CUST10157,West,Mobile App,Home & Kitchen,Mixer Grinder,1,4256.69,0.05,4043.86,Net Banking,Completed,2025-08
ORD103963,2025-09-09,CUST10675,West,Mobile App,Home & Kitchen,Mixer Grinder,1,2163.92,0.15,1839.33,Net Banking,Completed,2025-09
ORD103964,2025-02-16,CUST10169,South,Website,Home & Kitchen,Air Fryer,1,5286.98,0.15,0.0,Net Banking,Returned,2025-02
ORD103965,2025-06-08,CUST10786,West,Website,Home & Kitchen,Vacuum Cleaner,1,1032.26,0.1,929.03,UPI,Completed,2025-06
ORD103966,2025-04-26,CUST10123,South,Website,Beauty,Face Wash,3,4114.42,0.2,0.0,UPI,Cancelled,2025-04
ORD103967,2025-05-08,CUST10455,South,Marketplace,Beauty,Perfume,2,523.81,0.2,838.1,Credit Card,Completed,2025-05
ORD103968,2025-05-23,CUST10205,Central,Website,Beauty,Moisturizer,1,836.79,0.05,794.95,UPI,Completed,2025-05
ORD103969,2025-05-06,CUST10667,West,Website,Home & Kitchen,Air Fryer,1,1703.03,0.25,1277.27,Credit Card,Completed,2025-05
ORD103970,2025-09-24,CUST10296,Central,Website,Fashion,Jacket,3,2324.22,0.0,6972.66,UPI,Completed,2025-09
ORD103971,2025-11-26,CUST10692,West,Mobile App,Beauty,Perfume,1,3827.97,0.05,3636.57,UPI,Completed,2025-11
ORD103972,2025-07-06,CUST10240,West,Marketplace,Home & Kitchen,Vacuum Cleaner,1,5088.61,0.05,4834.18,Net Banking,Completed,2025-07
ORD103973,2025-07-07,CUST10889,Central,Mobile App,Furniture,Sofa,1,3502.91,0.15,2977.47,Net Banking,Completed,2025-07
ORD103974,2025-09-21,CUST10766,North,Website,Fashion,Jacket,3,976.28,0.1,2635.96,Credit Card,Completed,2025-09
ORD103975,2025-01-01,CUST10319,West,Website,Home & Kitchen,Coffee Maker,5,1027.35,0.05,4879.91,UPI,Completed,2025-01
ORD103976,2025-04-23,CUST10271,Central,Website,Furniture,Bedside Table,2,3529.38,0.1,6352.88,Net Banking,Completed,2025-04
ORD103977,2025-03-07,CUST10198,South,Mobile App,Home & Kitchen,Coffee Maker,1,2055.5,0.15,0.0,Credit Card,Returned,2025-03
ORD103978,2025-11-20,CUST10705,Central,Mobile App,Electronics,Laptop,2,6973.73,0.15,11855.34,Cash on Delivery,Completed,2025-11
ORD103979,2025-11-24,CUST10804,East,Mobile App,Fashion,Jeans,2,2820.04,0.15,4794.07,UPI,Completed,2025-11
ORD103980,2025-01-13,CUST10555,South,Website,Beauty,Sunscreen,1,983.02,0.0,983.02,Credit Card,Completed,2025-01
ORD103981,2025-01-02,CUST10158,Central,Mobile App,Beauty,Shampoo,2,1512.12,0.1,2721.82,Credit Card,Completed,2025-01
ORD103982,2025-12-13,CUST10666,North,Website,Fashion,Jeans,1,610.62,0.05,580.09,Cash on Delivery,Completed,2025-12
ORD103983,2025-02-12,CUST10319,South,Website,Home & Kitchen,Coffee Maker,1,3082.74,0.0,0.0,UPI,Returned,2025-02
ORD103984,2025-07-06,CUST10185,North,Website,Fashion,T-Shirt,2,1136.97,0.05,2160.24,UPI,Completed,2025-07
ORD103985,2025-04-11,CUST10088,South,Mobile App,Furniture,Study Table,1,2573.0,0.15,2187.05,Debit Card,Completed,2025-04
ORD103986,2025-09-10,CUST10802,East,Mobile App,Fashion,Jeans,4,4719.76,0.1,16991.14,UPI,Completed,2025-09
ORD103987,2025-01-08,CUST10019,South,Mobile App,Electronics,Headphones,2,20468.62,0.0,0.0,Cash on Delivery,Cancelled,2025-01
ORD103988,2025-01-18,CUST10033,Central,Website,Electronics,Headphones,2,1487.79,0.0,2975.58,Credit Card,Completed,2025-01
ORD103989,2025-09-27,CUST10264,East,Mobile App,Beauty,Sunscreen,1,1685.22,0.2,1348.18,Credit Card,Completed,2025-09
ORD103990,2025-05-21,CUST10216,East,Mobile App,Fashion,Sneakers,2,476.45,0.2,762.32,Net Banking,Completed,2025-05
ORD103991,2025-08-08,CUST10459,North,Mobile App,Home & Kitchen,Coffee Maker,1,1135.95,0.15,965.56,UPI,Completed,2025-08
ORD103992,2025-10-02,CUST10470,North,Mobile App,Fashion,Sneakers,2,2109.68,0.1,0.0,Credit Card,Returned,2025-10
ORD103993,2025-04-29,CUST10381,West,Mobile App,Fashion,Jeans,5,2929.63,0.05,13915.74,UPI,Completed,2025-04
ORD103994,2025-10-15,CUST10152,North,Mobile App,Beauty,Moisturizer,3,353.53,0.15,901.5,Cash on Delivery,Completed,2025-10
ORD103995,2025-11-25,CUST10516,East,Website,Electronics,Headphones,1,22118.62,0.1,19906.76,Debit Card,Completed,2025-11
ORD103996,2025-02-07,CUST10080,South,Mobile App,Electronics,Laptop,2,5252.5,0.0,10505.0,UPI,Completed,2025-02
ORD103997,2025-11-26,CUST10728,West,Mobile App,Fashion,Jeans,3,408.03,0.1,1101.68,Net Banking,Completed,2025-11
ORD103998,2025-06-10,CUST10068,West,Website,Beauty,Moisturizer,1,489.21,0.1,440.29,Net Banking,Completed,2025-06
ORD103999,2025-05-09,CUST10544,West,Website,Fashion,T-Shirt,2,5684.19,0.2,9094.7,Debit Card,Completed,2025-05
ORD104000,2025-08-03,CUST10067,West,Website,Furniture,Bedside Table,1,12864.64,0.0,12864.64,UPI,Completed,2025-08
ORD104001,2025-04-23,CUST10377,North,Mobile App,Beauty,Perfume,1,615.8,0.05,0.0,UPI,Returned,2025-04
ORD104002,2025-04-01,CUST10285,East,Website,Electronics,Smartwatch,3,16975.93,0.15,43288.62,Debit Card,Completed,2025-04
ORD104003,2025-04-05,CUST10249,South,Marketplace,Home & Kitchen,Vacuum Cleaner,1,881.32,0.1,793.19,UPI,Completed,2025-04
ORD104004,2025-02-03,CUST10216,Central,Mobile App,Home & Kitchen,Cookware Set,1,4471.45,0.0,0.0,Credit Card,Cancelled,2025-02
ORD104005,2025-07-31,CUST10444,West,Website,Furniture,Office Chair,2,2893.9,0.0,0.0,Credit Card,Cancelled,2025-07
ORD104006,2025-01-04,CUST10872,North,Marketplace,Fashion,Backpack,3,1309.98,0.1,3536.95,Credit Card,Completed,2025-01
ORD104007,2025-02-06,CUST10817,North,Marketplace,Beauty,Perfume,1,297.04,0.1,267.34,Credit Card,Completed,2025-02
ORD104008,2025-10-24,CUST10535,West,Mobile App,Fashion,T-Shirt,1,2578.75,0.2,2063.0,UPI,Completed,2025-10
ORD104009,2025-05-11,CUST10309,South,Mobile App,Home & Kitchen,Air Fryer,3,1094.85,0.05,3120.32,Credit Card,Completed,2025-05
ORD104010,2025-07-03,CUST10739,West,Marketplace,Home & Kitchen,Cookware Set,1,7385.8,0.15,6277.93,UPI,Completed,2025-07
ORD104011,2025-06-11,CUST10509,North,Website,Fashion,Jeans,1,948.33,0.05,900.91,Cash on Delivery,Completed,2025-06
ORD104012,2025-05-21,CUST10697,North,Mobile App,Beauty,Perfume,1,346.05,0.1,311.44,Net Banking,Completed,2025-05
ORD104013,2025-03-08,CUST10533,North,Mobile App,Electronics,Laptop,1,2301.46,0.0,2301.46,Cash on Delivery,Completed,2025-03
ORD104014,2025-01-15,CUST10039,South,Website,Home & Kitchen,Cookware Set,1,6394.04,0.1,5754.64,Debit Card,Completed,2025-01
ORD104015,2025-07-20,CUST10340,East,Website,Fashion,Jacket,1,1739.62,0.1,1565.66,UPI,Completed,2025-07
ORD104016,2025-02-17,CUST10725,North,Mobile App,Fashion,Sneakers,1,687.58,0.15,584.44,Credit Card,Completed,2025-02
ORD104017,2025-10-31,CUST10470,West,Marketplace,Fashion,Jacket,2,1022.58,0.05,0.0,Credit Card,Returned,2025-10
ORD104018,2025-03-01,CUST10152,Central,Marketplace,Home & Kitchen,Air Fryer,2,4673.42,0.1,8412.16,Net Banking,Completed,2025-03
ORD104019,2025-11-07,CUST10349,South,Marketplace,Furniture,Office Chair,3,4097.54,0.0,12292.62,Debit Card,Completed,2025-11
ORD104020,2025-04-04,CUST10735,West,Website,Furniture,Study Table,3,7498.34,0.1,20245.52,Credit Card,Completed,2025-04
ORD104021,2025-12-04,CUST10823,East,Website,Electronics,Smartwatch,3,9031.89,0.15,23031.32,Cash on Delivery,Completed,2025-12
ORD104022,2025-09-25,CUST10095,West,Mobile App,Home & Kitchen,Air Fryer,3,3035.75,0.2,7285.8,UPI,Completed,2025-09
ORD104023,2025-12-18,CUST10185,North,Mobile App,Electronics,Monitor,1,22624.85,0.1,20362.36,Credit Card,Completed,2025-12
ORD104024,2025-11-05,CUST10165,South,Website,Electronics,Smartwatch,1,4979.52,0.1,4481.57,UPI,Completed,2025-11
ORD104025,2025-08-14,CUST10427,South,Website,Electronics,Headphones,1,52865.4,0.05,0.0,Cash on Delivery,Returned,2025-08
ORD104026,2025-11-21,CUST10016,East,Website,Furniture,Office Chair,1,15716.88,0.0,15716.88,Cash on Delivery,Completed,2025-11
ORD104027,2025-09-28,CUST10424,East,Mobile App,Furniture,Sofa,1,5842.93,0.15,4966.49,UPI,Completed,2025-09
ORD104028,2025-03-05,CUST10777,North,Marketplace,Fashion,T-Shirt,1,4081.45,0.15,3469.23,UPI,Completed,2025-03
ORD104029,2025-04-23,CUST10413,South,Website,Home & Kitchen,Vacuum Cleaner,1,1031.57,0.05,979.99,Debit Card,Completed,2025-04
ORD104030,2025-06-05,CUST10236,North,Website,Furniture,Bookshelf,2,25886.59,0.25,38829.89,Net Banking,Completed,2025-06
ORD104031,2025-10-18,CUST10144,West,Mobile App,Fashion,Sneakers,1,5825.24,0.1,5242.72,UPI,Completed,2025-10
ORD104032,2025-09-08,CUST10094,West,Website,Beauty,Sunscreen,2,1252.92,0.1,2255.26,UPI,Completed,2025-09
ORD104033,2025-11-28,CUST10279,North,Mobile App,Fashion,Jacket,4,3351.3,0.1,12064.68,UPI,Completed,2025-11
ORD104034,2025-11-22,CUST10354,South,Website,Beauty,Moisturizer,1,4146.0,0.05,3938.7,UPI,Completed,2025-11
ORD104035,2025-12-12,CUST10072,North,Website,Furniture,Sofa,5,5635.63,0.15,23951.43,Cash on Delivery,Completed,2025-12
ORD104036,2025-06-24,CUST10109,South,Marketplace,Electronics,Headphones,2,2649.81,0.1,4769.66,Credit Card,Completed,2025-06
ORD104037,2025-03-20,CUST10043,Central,Website,Fashion,T-Shirt,1,953.85,0.15,810.77,UPI,Completed,2025-03
ORD104038,2025-08-02,CUST10807,East,Marketplace,Fashion,T-Shirt,1,3423.56,0.15,0.0,Net Banking,Cancelled,2025-08
ORD104039,2025-12-18,CUST10664,South,Website,Home & Kitchen,Air Fryer,4,960.9,0.1,3459.24,Net Banking,Completed,2025-12
ORD104040,2025-04-04,CUST10562,South,Website,Home & Kitchen,Mixer Grinder,1,5136.01,0.15,4365.61,UPI,Completed,2025-04
ORD104041,2025-02-05,CUST10300,West,Mobile App,Fashion,Jacket,1,6332.0,0.1,5698.8,UPI,Completed,2025-02
ORD104042,2025-05-23,CUST10858,West,Website,Beauty,Perfume,1,2981.77,0.15,2534.5,Net Banking,Completed,2025-05
ORD104043,2025-12-05,CUST10729,North,Mobile App,Furniture,Office Chair,2,4083.84,0.05,0.0,Net Banking,Returned,2025-12
ORD104044,2025-10-06,CUST10858,East,Mobile App,Furniture,Office Chair,1,3240.64,0.0,0.0,Credit Card,Cancelled,2025-10
ORD104045,2025-02-24,CUST10204,East,Marketplace,Fashion,Jeans,1,3117.12,0.1,2805.41,Credit Card,Completed,2025-02
ORD104046,2025-11-24,CUST10553,West,Mobile App,Electronics,Laptop,4,22939.93,0.0,91759.72,Net Banking,Completed,2025-11
ORD104047,2025-07-25,CUST10094,South,Website,Beauty,Face Wash,3,2040.67,0.15,5203.71,Cash on Delivery,Completed,2025-07
ORD104048,2025-10-31,CUST10171,South,Website,Beauty,Moisturizer,3,3057.21,0.25,6878.72,UPI,Completed,2025-10
ORD104049,2025-03-26,CUST10208,South,Mobile App,Furniture,Sofa,1,7522.19,0.2,6017.75,UPI,Completed,2025-03
ORD104050,2025-10-02,CUST10742,South,Mobile App,Fashion,T-Shirt,1,3321.58,0.15,2823.34,UPI,Completed,2025-10
ORD104051,2025-11-23,CUST10703,East,Website,Beauty,Shampoo,1,548.77,0.15,0.0,UPI,Cancelled,2025-11
ORD104052,2025-10-24,CUST10206,West,Mobile App,Electronics,Smartwatch,3,4736.11,0.1,12787.5,UPI,Completed,2025-10
ORD104053,2025-04-14,CUST10462,North,Website,Furniture,Sofa,1,5636.12,0.0,5636.12,Credit Card,Completed,2025-04
ORD104054,2025-09-07,CUST10639,East,Marketplace,Fashion,Jeans,3,2890.3,0.05,8237.36,Cash on Delivery,Completed,2025-09
ORD104055,2025-12-13,CUST10864,East,Mobile App,Home & Kitchen,Coffee Maker,1,4121.4,0.05,3915.33,Credit Card,Completed,2025-12
ORD104056,2025-10-12,CUST10096,West,Marketplace,Fashion,Backpack,1,2405.76,0.15,0.0,Debit Card,Returned,2025-10
ORD104057,2025-04-11,CUST10065,South,Mobile App,Furniture,Office Chair,1,3862.13,0.1,3475.92,UPI,Completed,2025-04
ORD104058,2025-07-11,CUST10704,West,Mobile App,Electronics,Smartwatch,1,1129.51,0.0,1129.51,Credit Card,Completed,2025-07
ORD104059,2025-12-10,CUST10120,South,Marketplace,Beauty,Sunscreen,1,1031.88,0.0,1031.88,UPI,Completed,2025-12
ORD104060,2025-10-18,CUST10786,East,Website,Beauty,Sunscreen,1,381.25,0.25,285.94,Cash on Delivery,Completed,2025-10
ORD104061,2025-10-02,CUST10021,South,Marketplace,Furniture,Study Table,3,17711.21,0.1,0.0,Credit Card,Cancelled,2025-10
ORD104062,2025-12-29,CUST10334,West,Website,Beauty,Perfume,1,368.99,0.2,0.0,UPI,Returned,2025-12
ORD104063,2025-01-22,CUST10619,Central,Mobile App,Electronics,Headphones,1,8366.27,0.2,6693.02,Credit Card,Completed,2025-01
ORD104064,2025-08-24,CUST10027,West,Marketplace,Home & Kitchen,Vacuum Cleaner,3,4815.38,0.2,11556.91,Cash on Delivery,Completed,2025-08
ORD104065,2025-08-08,CUST10014,South,Website,Furniture,Office Chair,1,4476.46,0.25,3357.35,Cash on Delivery,Completed,2025-08
ORD104066,2025-02-20,CUST10579,West,Website,Fashion,Jacket,3,5191.17,0.1,14016.16,Debit Card,Completed,2025-02
ORD104067,2025-03-28,CUST10494,South,Website,Home & Kitchen,Air Fryer,2,5488.98,0.1,9880.16,UPI,Completed,2025-03
ORD104068,2025-01-03,CUST10519,East,Website,Home & Kitchen,Coffee Maker,1,9129.68,0.1,8216.71,Cash on Delivery,Completed,2025-01
ORD104069,2025-09-13,CUST10157,South,Website,Beauty,Perfume,4,1491.63,0.15,5071.54,UPI,Completed,2025-09
ORD104070,2025-11-30,CUST10481,West,Website,Furniture,Study Table,1,3634.62,0.25,2725.97,Credit Card,Completed,2025-11
ORD104071,2025-02-08,CUST10124,North,Website,Fashion,Sneakers,1,591.4,0.15,502.69,Credit Card,Completed,2025-02
ORD104072,2025-09-05,CUST10491,North,Website,Fashion,Jacket,1,1403.93,0.05,1333.73,Cash on Delivery,Completed,2025-09
ORD104073,2025-07-21,CUST10496,South,Mobile App,Fashion,Backpack,1,4531.24,0.15,3851.55,UPI,Completed,2025-07
ORD104074,2025-06-23,CUST10814,West,Website,Home & Kitchen,Air Fryer,3,1589.26,0.2,3814.22,Cash on Delivery,Completed,2025-06
ORD104075,2025-01-10,CUST10866,West,Mobile App,Home & Kitchen,Cookware Set,1,7730.0,0.25,5797.5,Net Banking,Completed,2025-01
ORD104076,2025-10-03,CUST10438,South,Marketplace,Furniture,Office Chair,4,4650.43,0.05,17671.63,Debit Card,Completed,2025-10
ORD104077,2025-07-09,CUST10118,South,Marketplace,Home & Kitchen,Cookware Set,2,2597.03,0.15,4414.95,Credit Card,Completed,2025-07
ORD104078,2025-09-10,CUST10245,South,Mobile App,Beauty,Moisturizer,2,352.54,0.15,599.32,Credit Card,Completed,2025-09
ORD104079,2025-10-13,CUST10377,East,Website,Home & Kitchen,Vacuum Cleaner,4,2996.02,0.0,11984.08,UPI,Completed,2025-10
ORD104080,2025-05-03,CUST10690,South,Website,Electronics,Smartwatch,3,1637.93,0.1,4422.41,UPI,Completed,2025-05
ORD104081,2025-04-06,CUST10579,West,Marketplace,Electronics,Monitor,1,6364.82,0.15,5410.1,Debit Card,Completed,2025-04
ORD104082,2025-08-10,CUST10337,West,Website,Fashion,Jacket,4,442.84,0.1,1594.22,Cash on Delivery,Completed,2025-08
ORD104083,2025-06-24,CUST10005,South,Mobile App,Electronics,Laptop,3,59149.43,0.1,159703.46,Net Banking,Completed,2025-06
ORD104084,2025-04-15,CUST10686,East,Marketplace,Electronics,Headphones,2,1741.15,0.05,3308.18,Net Banking,Completed,2025-04
ORD104085,2025-04-29,CUST10297,West,Website,Fashion,Sneakers,1,432.26,0.05,410.65,UPI,Completed,2025-04
ORD104086,2025-09-18,CUST10765,South,Mobile App,Furniture,Bookshelf,2,11989.99,0.15,20382.98,Net Banking,Completed,2025-09
ORD104087,2025-04-22,CUST10813,South,Mobile App,Furniture,Sofa,3,8796.09,0.1,23749.44,UPI,Completed,2025-04
ORD104088,2025-06-30,CUST10590,South,Marketplace,Fashion,Backpack,1,991.75,0.2,793.4,Net Banking,Completed,2025-06
ORD104089,2025-04-26,CUST10196,North,Mobile App,Furniture,Office Chair,2,1953.78,0.1,3516.8,UPI,Completed,2025-04
ORD104090,2025-07-16,CUST10298,South,Marketplace,Fashion,Jeans,2,1750.06,0.15,2975.1,Net Banking,Completed,2025-07
ORD104091,2025-10-18,CUST10818,Central,Mobile App,Home & Kitchen,Vacuum Cleaner,1,719.53,0.15,0.0,UPI,Cancelled,2025-10
ORD104092,2025-07-11,CUST10627,West,Website,Beauty,Moisturizer,2,1263.9,0.05,2401.41,UPI,Completed,2025-07
ORD104093,2025-04-19,CUST10634,Central,Mobile App,Electronics,Monitor,1,10945.79,0.15,9303.92,Debit Card,Completed,2025-04
ORD104094,2025-12-15,CUST10758,West,Website,Furniture,Sofa,3,19091.9,0.2,45820.56,UPI,Completed,2025-12
ORD104095,2025-07-09,CUST10430,North,Website,Home & Kitchen,Vacuum Cleaner,1,1897.39,0.2,1517.91,UPI,Completed,2025-07
ORD104096,2025-10-25,CUST10218,West,Website,Home & Kitchen,Coffee Maker,1,8301.7,0.15,7056.45,UPI,Completed,2025-10
ORD104097,2025-03-22,CUST10653,South,Mobile App,Home & Kitchen,Cookware Set,1,1314.19,0.05,1248.48,Credit Card,Completed,2025-03
ORD104098,2025-02-20,CUST10052,West,Mobile App,Electronics,Headphones,1,1150.33,0.25,862.75,UPI,Completed,2025-02
ORD104099,2025-10-28,CUST10599,South,Mobile App,Home & Kitchen,Air Fryer,3,4107.12,0.05,11705.29,Net Banking,Completed,2025-10
ORD104100,2025-02-07,CUST10262,South,Mobile App,Electronics,Headphones,3,67462.31,0.0,202386.93,Debit Card,Completed,2025-02
ORD104101,2025-06-22,CUST10035,North,Marketplace,Fashion,Jeans,1,1344.78,0.0,1344.78,Credit Card,Completed,2025-06
ORD104102,2025-05-31,CUST10386,South,Website,Beauty,Face Wash,2,1200.88,0.1,2161.58,Cash on Delivery,Completed,2025-05
ORD104103,2025-04-02,CUST10405,West,Website,Fashion,Jeans,2,3459.02,0.1,6226.24,UPI,Completed,2025-04
ORD104104,2025-02-19,CUST10230,West,Website,Fashion,Sneakers,4,2708.34,0.0,10833.36,Cash on Delivery,Completed,2025-02
ORD104105,2025-05-10,CUST10274,North,Mobile App,Fashion,Jacket,1,1216.79,0.1,1095.11,UPI,Completed,2025-05
ORD104106,2025-01-19,CUST10553,North,Website,Furniture,Study Table,3,8478.76,0.15,21620.84,Credit Card,Completed,2025-01
ORD104107,2025-02-25,CUST10270,South,Mobile App,Fashion,Jeans,1,1257.19,0.0,1257.19,Net Banking,Completed,2025-02
ORD104108,2025-12-14,CUST10391,North,Website,Furniture,Bedside Table,1,5106.61,0.15,4340.62,UPI,Completed,2025-12
ORD104109,2025-11-10,CUST10698,South,Mobile App,Fashion,Jeans,3,434.61,0.15,1108.26,UPI,Completed,2025-11
ORD104110,2025-12-18,CUST10502,Central,Website,Fashion,Backpack,2,1936.58,0.05,3679.5,UPI,Completed,2025-12
ORD104111,2025-09-22,CUST10850,West,Mobile App,Home & Kitchen,Vacuum Cleaner,1,5490.61,0.15,4667.02,Debit Card,Completed,2025-09
ORD104112,2025-08-21,CUST10743,North,Website,Furniture,Study Table,1,3073.26,0.0,3073.26,UPI,Completed,2025-08
ORD104113,2025-05-04,CUST10869,West,Website,Furniture,Bedside Table,2,28107.63,0.15,47782.97,UPI,Completed,2025-05
ORD104114,2025-08-07,CUST10772,Central,Marketplace,Electronics,Monitor,2,10118.55,0.15,17201.53,UPI,Completed,2025-08
ORD104115,2025-02-14,CUST10292,East,Website,Fashion,Jacket,4,799.6,0.2,2558.72,Net Banking,Completed,2025-02
ORD104116,2025-09-09,CUST10439,North,Website,Furniture,Bedside Table,2,10419.13,0.0,20838.26,Cash on Delivery,Completed,2025-09
ORD104117,2025-06-28,CUST10578,West,Mobile App,Furniture,Study Table,1,2709.46,0.05,2573.99,Debit Card,Completed,2025-06
ORD104118,2025-10-26,CUST10600,South,Marketplace,Fashion,Backpack,1,3059.43,0.0,3059.43,Cash on Delivery,Completed,2025-10
ORD104119,2025-04-11,CUST10092,West,Mobile App,Beauty,Perfume,2,2596.3,0.15,4413.71,UPI,Completed,2025-04
ORD104120,2025-04-29,CUST10887,South,Mobile App,Fashion,Sneakers,1,4084.02,0.2,0.0,UPI,Returned,2025-04
ORD104121,2025-04-01,CUST10087,North,Marketplace,Furniture,Study Table,3,26417.13,0.05,75288.82,UPI,Completed,2025-04
ORD104122,2025-09-03,CUST10567,South,Mobile App,Fashion,Backpack,2,6767.59,0.0,13535.18,UPI,Completed,2025-09
ORD104123,2025-12-17,CUST10314,West,Marketplace,Furniture,Study Table,1,2253.33,0.0,2253.33,Debit Card,Completed,2025-12
ORD104124,2025-03-20,CUST10595,South,Mobile App,Electronics,Smartwatch,1,1580.87,0.15,1343.74,Debit Card,Completed,2025-03
ORD104125,2025-02-19,CUST10860,West,Mobile App,Electronics,Headphones,1,3367.31,0.1,3030.58,UPI,Completed,2025-02
ORD104126,2025-08-20,CUST10538,East,Website,Beauty,Sunscreen,2,524.68,0.1,944.42,UPI,Completed,2025-08
ORD104127,2025-05-27,CUST10687,South,Mobile App,Beauty,Perfume,1,2304.13,0.15,1958.51,Debit Card,Completed,2025-05
ORD104128,2025-03-26,CUST10623,West,Website,Fashion,Jeans,1,3388.41,0.15,2880.15,UPI,Completed,2025-03
ORD104129,2025-07-14,CUST10670,South,Mobile App,Home & Kitchen,Air Fryer,1,4573.1,0.2,3658.48,Net Banking,Completed,2025-07
ORD104130,2025-07-02,CUST10222,East,Mobile App,Home & Kitchen,Mixer Grinder,2,4540.88,0.1,8173.58,Net Banking,Completed,2025-07
ORD104131,2025-08-04,CUST10141,Central,Website,Electronics,Smartphone,3,1407.87,0.1,0.0,Credit Card,Cancelled,2025-08
ORD104132,2025-05-02,CUST10305,South,Website,Fashion,Backpack,2,558.7,0.05,1061.53,UPI,Completed,2025-05
ORD104133,2025-05-06,CUST10720,North,Mobile App,Beauty,Shampoo,1,1547.81,0.05,1470.42,UPI,Completed,2025-05
ORD104134,2025-07-14,CUST10785,South,Mobile App,Fashion,Jacket,1,1131.64,0.15,961.89,Cash on Delivery,Completed,2025-07
ORD104135,2025-09-08,CUST10195,West,Mobile App,Home & Kitchen,Air Fryer,3,4128.71,0.1,11147.52,Credit Card,Completed,2025-09
ORD104136,2025-04-14,CUST10214,North,Mobile App,Furniture,Bookshelf,1,23302.78,0.15,19807.36,Cash on Delivery,Completed,2025-04
ORD104137,2025-09-24,CUST10398,West,Mobile App,Furniture,Bedside Table,1,5122.66,0.1,0.0,Credit Card,Cancelled,2025-09
ORD104138,2025-03-07,CUST10647,West,Mobile App,Beauty,Face Wash,2,324.0,0.0,648.0,Credit Card,Completed,2025-03
ORD104139,2025-12-03,CUST10675,North,Marketplace,Beauty,Moisturizer,2,365.7,0.1,658.26,Net Banking,Completed,2025-12
ORD104140,2025-06-18,CUST10285,East,Website,Fashion,Jeans,2,4497.1,0.05,8544.49,Debit Card,Completed,2025-06
ORD104141,2025-12-30,CUST10675,South,Mobile App,Fashion,Jeans,3,414.88,0.05,1182.41,Net Banking,Completed,2025-12
ORD104142,2025-07-20,CUST10410,West,Website,Electronics,Laptop,2,9120.21,0.0,18240.42,UPI,Completed,2025-07
ORD104143,2025-01-10,CUST10820,South,Website,Fashion,Jacket,2,2365.64,0.25,3548.46,Credit Card,Completed,2025-01
ORD104144,2025-08-24,CUST10347,West,Website,Electronics,Smartphone,4,11466.33,0.1,0.0,Debit Card,Returned,2025-08
ORD104145,2025-04-07,CUST10020,South,Website,Electronics,Laptop,3,67202.55,0.15,0.0,UPI,Cancelled,2025-04
ORD104146,2025-12-20,CUST10089,South,Website,Furniture,Office Chair,1,2476.66,0.2,1981.33,UPI,Completed,2025-12
ORD104147,2025-09-28,CUST10062,East,Mobile App,Electronics,Smartwatch,1,12416.19,0.15,10553.76,Debit Card,Completed,2025-09
ORD104148,2025-01-21,CUST10128,North,Website,Home & Kitchen,Cookware Set,1,3199.87,0.15,2719.89,Cash on Delivery,Completed,2025-01
ORD104149,2025-01-30,CUST10533,East,Website,Furniture,Bedside Table,3,6644.04,0.0,19932.12,Credit Card,Completed,2025-01
ORD104150,2025-07-12,CUST10823,North,Website,Home & Kitchen,Cookware Set,2,2593.4,0.0,5186.8,Debit Card,Completed,2025-07
ORD104151,2025-09-24,CUST10457,North,Website,Beauty,Sunscreen,1,628.06,0.15,533.85,Cash on Delivery,Completed,2025-09
ORD104152,2025-08-31,CUST10419,South,Marketplace,Beauty,Shampoo,3,564.88,0.2,1355.71,Credit Card,Completed,2025-08
ORD104153,2025-10-06,CUST10544,North,Mobile App,Home & Kitchen,Mixer Grinder,2,1019.78,0.05,1937.58,Credit Card,Completed,2025-10
ORD104154,2025-09-10,CUST10819,South,Mobile App,Fashion,Backpack,1,1731.29,0.05,1644.73,Credit Card,Completed,2025-09
ORD104155,2025-06-13,CUST10886,South,Website,Fashion,T-Shirt,3,1599.2,0.05,4557.72,Cash on Delivery,Completed,2025-06
ORD104156,2025-08-01,CUST10106,South,Website,Furniture,Bedside Table,1,24119.54,0.0,0.0,UPI,Returned,2025-08
ORD104157,2025-07-16,CUST10886,West,Website,Home & Kitchen,Coffee Maker,1,7468.54,0.05,7095.11,Debit Card,Completed,2025-07
ORD104158,2025-03-20,CUST10332,South,Mobile App,Beauty,Moisturizer,3,369.88,0.05,1054.16,Cash on Delivery,Completed,2025-03
ORD104159,2025-04-07,CUST10456,Central,Mobile App,Electronics,Smartwatch,1,48426.99,0.05,46005.64,Debit Card,Completed,2025-04
ORD104160,2025-09-02,CUST10517,South,Website,Furniture,Sofa,2,2205.11,0.1,3969.2,UPI,Completed,2025-09
ORD104161,2025-05-20,CUST10898,South,Mobile App,Fashion,T-Shirt,2,447.33,0.1,0.0,UPI,Returned,2025-05
ORD104162,2025-08-29,CUST10447,North,Website,Furniture,Office Chair,1,21430.31,0.25,0.0,UPI,Cancelled,2025-08
ORD104163,2025-05-17,CUST10410,South,Website,Fashion,Backpack,1,474.14,0.2,379.31,UPI,Completed,2025-05
ORD104164,2025-05-24,CUST10702,South,Marketplace,Beauty,Perfume,1,985.38,0.1,886.84,UPI,Completed,2025-05
ORD104165,2025-10-14,CUST10317,Central,Website,Home & Kitchen,Coffee Maker,4,4218.45,0.2,13499.04,UPI,Completed,2025-10
ORD104166,2025-09-26,CUST10754,West,Mobile App,Electronics,Laptop,1,1068.49,0.05,0.0,Credit Card,Returned,2025-09
ORD104167,2025-12-10,CUST10617,South,Website,Beauty,Perfume,1,2620.88,0.1,2358.79,Credit Card,Completed,2025-12
ORD104168,2025-12-16,CUST10024,Central,Website,Electronics,Headphones,1,3851.95,0.15,3274.16,UPI,Completed,2025-12
ORD104169,2025-08-07,CUST10062,Central,Mobile App,Furniture,Office Chair,1,28613.38,0.15,24321.37,Cash on Delivery,Completed,2025-08
ORD104170,2025-02-24,CUST10227,South,Marketplace,Electronics,Laptop,2,22801.5,0.15,38762.55,Debit Card,Completed,2025-02
ORD104171,2025-11-29,CUST10263,West,Mobile App,Electronics,Monitor,1,30907.15,0.15,26271.08,Debit Card,Completed,2025-11
ORD104172,2025-05-03,CUST10280,West,Website,Electronics,Smartwatch,2,3749.75,0.0,7499.5,Credit Card,Completed,2025-05
ORD104173,2025-07-27,CUST10542,North,Mobile App,Electronics,Laptop,1,1082.27,0.05,1028.16,Debit Card,Completed,2025-07
ORD104174,2025-06-21,CUST10476,Central,Marketplace,Electronics,Smartwatch,2,14949.35,0.05,28403.76,Debit Card,Completed,2025-06
ORD104175,2025-12-24,CUST10115,East,Mobile App,Home & Kitchen,Coffee Maker,2,13768.28,0.0,27536.56,Credit Card,Completed,2025-12
ORD104176,2025-05-07,CUST10760,West,Mobile App,Home & Kitchen,Mixer Grinder,3,16773.57,0.05,47804.67,UPI,Completed,2025-05
ORD104177,2025-05-16,CUST10132,South,Website,Furniture,Sofa,1,11142.52,0.0,11142.52,Cash on Delivery,Completed,2025-05
ORD104178,2025-08-11,CUST10235,West,Mobile App,Beauty,Perfume,1,4644.06,0.0,4644.06,Credit Card,Completed,2025-08
ORD104179,2025-09-07,CUST10845,North,Mobile App,Home & Kitchen,Cookware Set,2,958.0,0.2,1532.8,Debit Card,Completed,2025-09
ORD104180,2025-06-12,CUST10201,East,Marketplace,Beauty,Perfume,2,331.92,0.2,531.07,UPI,Completed,2025-06
ORD104181,2025-08-08,CUST10586,West,Mobile App,Home & Kitchen,Mixer Grinder,2,5138.98,0.1,9250.16,UPI,Completed,2025-08
ORD104182,2025-02-23,CUST10868,East,Website,Beauty,Face Wash,3,3896.35,0.05,0.0,Debit Card,Cancelled,2025-02
ORD104183,2025-04-12,CUST10827,Central,Mobile App,Fashion,Jeans,2,1183.14,0.2,1893.02,Cash on Delivery,Completed,2025-04
ORD104184,2025-01-27,CUST10180,North,Mobile App,Home & Kitchen,Air Fryer,3,13003.5,0.2,31208.4,UPI,Completed,2025-01
ORD104185,2025-11-30,CUST10248,West,Website,Electronics,Headphones,1,1417.31,0.25,1062.98,Credit Card,Completed,2025-11
ORD104186,2025-05-24,CUST10188,South,Mobile App,Beauty,Shampoo,4,277.55,0.15,0.0,Debit Card,Returned,2025-05
ORD104187,2025-10-15,CUST10745,South,Mobile App,Fashion,Backpack,1,409.77,0.15,0.0,Credit Card,Returned,2025-10
ORD104188,2025-09-22,CUST10443,West,Mobile App,Fashion,Sneakers,2,942.07,0.1,0.0,Credit Card,Cancelled,2025-09
ORD104189,2025-05-17,CUST10261,North,Mobile App,Fashion,Backpack,2,1142.25,0.15,0.0,Credit Card,Cancelled,2025-05
ORD104190,2025-03-28,CUST10247,West,Website,Home & Kitchen,Air Fryer,1,2007.77,0.25,1505.83,Credit Card,Completed,2025-03
ORD104191,2025-11-21,CUST10123,West,Mobile App,Furniture,Bedside Table,3,22678.94,0.2,0.0,Credit Card,Cancelled,2025-11
ORD104192,2025-08-15,CUST10128,Central,Marketplace,Electronics,Headphones,1,5298.82,0.0,5298.82,UPI,Completed,2025-08
ORD104193,2025-12-02,CUST10876,Central,Website,Fashion,Jacket,2,1654.5,0.1,0.0,UPI,Cancelled,2025-12
ORD104194,2025-11-08,CUST10575,West,Website,Fashion,Backpack,2,2635.58,0.2,4216.93,UPI,Completed,2025-11
ORD104195,2025-02-02,CUST10804,East,Mobile App,Fashion,Backpack,2,3239.03,0.05,6154.16,Cash on Delivery,Completed,2025-02
ORD104196,2025-02-14,CUST10484,East,Mobile App,Furniture,Study Table,1,7003.05,0.1,6302.74,Credit Card,Completed,2025-02
ORD104197,2025-11-24,CUST10301,South,Mobile App,Fashion,Sneakers,1,578.83,0.05,549.89,UPI,Completed,2025-11
ORD104198,2025-02-17,CUST10306,East,Mobile App,Home & Kitchen,Mixer Grinder,2,860.86,0.2,1377.38,Credit Card,Completed,2025-02
ORD104199,2025-08-04,CUST10258,East,Mobile App,Electronics,Laptop,1,6845.27,0.15,5818.48,Cash on Delivery,Completed,2025-08
ORD104200,2025-11-20,CUST10808,Central,Website,Furniture,Bedside Table,4,1985.55,0.15,6750.87,Credit Card,Completed,2025-11
ORD104201,2025-01-08,CUST10320,West,Website,Electronics,Laptop,1,1368.83,0.0,0.0,Debit Card,Cancelled,2025-01
ORD104202,2025-02-24,CUST10898,South,Website,Fashion,Sneakers,1,947.07,0.2,757.66,Credit Card,Completed,2025-02
ORD104203,2025-05-28,CUST10614,South,Mobile App,Home & Kitchen,Coffee Maker,1,11271.16,0.1,10144.04,UPI,Completed,2025-05
ORD104204,2025-03-21,CUST10690,West,Website,Fashion,Sneakers,3,2717.67,0.1,7337.71,Debit Card,Completed,2025-03
ORD104205,2025-08-11,CUST10588,North,Website,Home & Kitchen,Vacuum Cleaner,2,7808.0,0.15,13273.6,UPI,Completed,2025-08
ORD104206,2025-09-06,CUST10142,West,Marketplace,Home & Kitchen,Cookware Set,3,13386.86,0.05,38152.55,Net Banking,Completed,2025-09
ORD104207,2025-07-15,CUST10437,West,Website,Beauty,Face Wash,1,383.84,0.1,345.46,Credit Card,Completed,2025-07
ORD104208,2025-05-18,CUST10579,South,Mobile App,Electronics,Headphones,1,66139.65,0.05,62832.67,UPI,Completed,2025-05
ORD104209,2025-11-21,CUST10797,East,Website,Furniture,Office Chair,2,18826.51,0.1,0.0,Net Banking,Cancelled,2025-11
ORD104210,2025-06-24,CUST10837,West,Marketplace,Beauty,Perfume,1,1783.57,0.15,1516.03,UPI,Completed,2025-06
ORD104211,2025-04-06,CUST10562,North,Mobile App,Furniture,Study Table,1,20532.15,0.05,19505.54,Cash on Delivery,Completed,2025-04
ORD104212,2025-05-20,CUST10600,North,Website,Beauty,Perfume,1,696.55,0.1,626.89,Cash on Delivery,Completed,2025-05
ORD104213,2025-03-10,CUST10746,East,Website,Fashion,Sneakers,1,1403.4,0.25,1052.55,UPI,Completed,2025-03
ORD104214,2025-06-03,CUST10341,East,Marketplace,Furniture,Sofa,1,6219.0,0.05,0.0,UPI,Returned,2025-06
ORD104215,2025-08-27,CUST10359,South,Marketplace,Home & Kitchen,Coffee Maker,3,10548.6,0.2,25316.64,Debit Card,Completed,2025-08
ORD104216,2025-06-13,CUST10330,South,Marketplace,Fashion,Backpack,2,1721.67,0.2,2754.67,Credit Card,Completed,2025-06
ORD104217,2025-02-01,CUST10762,South,Website,Electronics,Smartwatch,4,14792.44,0.15,0.0,Credit Card,Cancelled,2025-02
ORD104218,2025-04-10,CUST10599,South,Website,Beauty,Moisturizer,2,287.87,0.2,460.59,UPI,Completed,2025-04
ORD104219,2025-06-06,CUST10463,Central,Website,Electronics,Smartwatch,2,72360.27,0.1,130248.49,Debit Card,Completed,2025-06
ORD104220,2025-06-21,CUST10076,West,Website,Beauty,Perfume,2,1012.96,0.0,2025.92,Credit Card,Completed,2025-06
ORD104221,2025-12-09,CUST10673,East,Website,Furniture,Office Chair,5,12725.0,0.05,60443.75,Debit Card,Completed,2025-12
ORD104222,2025-04-29,CUST10717,South,Website,Electronics,Headphones,2,8125.49,0.1,14625.88,Cash on Delivery,Completed,2025-04
ORD104223,2025-03-13,CUST10068,West,Marketplace,Beauty,Perfume,1,2169.61,0.05,2061.13,Debit Card,Completed,2025-03
ORD104224,2025-11-29,CUST10715,East,Mobile App,Fashion,Sneakers,4,3014.97,0.1,0.0,Net Banking,Returned,2025-11
ORD104225,2025-06-14,CUST10105,North,Website,Beauty,Sunscreen,3,260.79,0.1,704.13,Credit Card,Completed,2025-06
ORD104226,2025-06-05,CUST10129,East,Marketplace,Electronics,Headphones,1,1063.12,0.15,903.65,Credit Card,Completed,2025-06
ORD104227,2025-12-12,CUST10623,East,Marketplace,Beauty,Sunscreen,3,2225.55,0.15,5675.15,Credit Card,Completed,2025-12
ORD104228,2025-04-30,CUST10759,West,Mobile App,Electronics,Smartwatch,3,9911.62,0.25,22301.15,Net Banking,Completed,2025-04
ORD104229,2025-01-02,CUST10297,North,Mobile App,Home & Kitchen,Mixer Grinder,2,15072.18,0.15,25622.71,Debit Card,Completed,2025-01
ORD104230,2025-11-02,CUST10858,West,Marketplace,Beauty,Sunscreen,2,308.91,0.05,586.93,Credit Card,Completed,2025-11
ORD104231,2025-09-15,CUST10019,South,Mobile App,Beauty,Shampoo,1,3368.53,0.2,2694.82,Debit Card,Completed,2025-09
ORD104232,2025-01-01,CUST10454,South,Website,Fashion,Jacket,4,758.09,0.05,2880.74,UPI,Completed,2025-01
ORD104233,2025-08-05,CUST10364,West,Mobile App,Home & Kitchen,Cookware Set,1,2960.21,0.0,2960.21,Cash on Delivery,Completed,2025-08
ORD104234,2025-05-27,CUST10838,North,Website,Electronics,Monitor,1,1458.08,0.1,1312.27,UPI,Completed,2025-05
ORD104235,2025-02-01,CUST10865,South,Marketplace,Fashion,Jacket,1,517.42,0.1,465.68,Credit Card,Completed,2025-02
ORD104236,2025-04-16,CUST10293,East,Website,Beauty,Shampoo,2,1023.4,0.1,1842.12,UPI,Completed,2025-04
ORD104237,2025-05-04,CUST10468,North,Mobile App,Home & Kitchen,Mixer Grinder,1,2004.41,0.15,1703.75,UPI,Completed,2025-05
ORD104238,2025-09-16,CUST10719,South,Website,Electronics,Headphones,2,5073.86,0.1,9132.95,Debit Card,Completed,2025-09
ORD104239,2025-05-20,CUST10063,Central,Mobile App,Furniture,Sofa,1,27883.83,0.1,25095.45,UPI,Completed,2025-05
ORD104240,2025-10-30,CUST10603,South,Marketplace,Fashion,Sneakers,3,6361.96,0.1,17177.29,Credit Card,Completed,2025-10
ORD104241,2025-01-27,CUST10559,South,Website,Beauty,Sunscreen,2,1582.68,0.05,3007.09,UPI,Completed,2025-01
ORD104242,2025-01-26,CUST10204,East,Website,Home & Kitchen,Mixer Grinder,5,17355.93,0.1,78101.68,UPI,Completed,2025-01
ORD104243,2025-08-01,CUST10440,North,Marketplace,Fashion,Sneakers,1,1739.55,0.2,1391.64,Debit Card,Completed,2025-08
ORD104244,2025-06-16,CUST10183,West,Marketplace,Home & Kitchen,Air Fryer,1,4027.53,0.2,3222.02,UPI,Completed,2025-06
ORD104245,2025-07-16,CUST10603,East,Website,Beauty,Perfume,2,467.25,0.1,841.05,Debit Card,Completed,2025-07
ORD104246,2025-01-13,CUST10380,East,Marketplace,Electronics,Laptop,1,2755.5,0.1,2479.95,UPI,Completed,2025-01
ORD104247,2025-11-11,CUST10576,South,Website,Home & Kitchen,Cookware Set,1,2763.02,0.05,2624.87,UPI,Completed,2025-11
ORD104248,2025-10-24,CUST10125,West,Website,Furniture,Sofa,2,15560.1,0.15,26452.17,Cash on Delivery,Completed,2025-10
ORD104249,2025-08-31,CUST10010,South,Marketplace,Electronics,Monitor,3,42010.4,0.1,113428.08,UPI,Completed,2025-08
ORD104250,2025-08-26,CUST10863,North,Mobile App,Home & Kitchen,Cookware Set,1,1229.24,0.15,1044.85,Net Banking,Completed,2025-08
ORD104251,2025-08-28,CUST10321,South,Mobile App,Furniture,Bookshelf,3,2438.6,0.1,6584.22,Credit Card,Completed,2025-08
ORD104252,2025-03-04,CUST10292,West,Website,Furniture,Sofa,2,25127.46,0.15,42716.68,UPI,Completed,2025-03
ORD104253,2025-02-23,CUST10758,East,Website,Electronics,Headphones,1,1433.04,0.2,1146.43,UPI,Completed,2025-02
ORD104254,2025-09-25,CUST10725,Central,Marketplace,Home & Kitchen,Mixer Grinder,2,15914.03,0.05,30236.66,Cash on Delivery,Completed,2025-09
ORD104255,2025-05-11,CUST10030,North,Website,Home & Kitchen,Mixer Grinder,3,1060.59,0.2,2545.42,Net Banking,Completed,2025-05
ORD104256,2025-02-15,CUST10227,West,Website,Electronics,Smartphone,2,50206.98,0.0,100413.96,Debit Card,Completed,2025-02
ORD104257,2025-07-30,CUST10667,Central,Mobile App,Home & Kitchen,Vacuum Cleaner,2,1357.84,0.1,2444.11,Net Banking,Completed,2025-07
ORD104258,2025-09-05,CUST10739,South,Website,Fashion,Sneakers,4,1457.46,0.15,0.0,Cash on Delivery,Returned,2025-09
ORD104259,2025-02-02,CUST10546,South,Marketplace,Beauty,Moisturizer,3,455.97,0.1,1231.12,Credit Card,Completed,2025-02
ORD104260,2025-02-04,CUST10396,Central,Website,Electronics,Smartphone,2,1554.03,0.15,2641.85,UPI,Completed,2025-02
ORD104261,2025-08-02,CUST10597,South,Website,Electronics,Laptop,4,5311.44,0.05,20183.47,Credit Card,Completed,2025-08
ORD104262,2025-07-09,CUST10282,East,Website,Fashion,Jacket,4,4974.78,0.1,17909.21,Cash on Delivery,Completed,2025-07
ORD104263,2025-03-01,CUST10340,East,Website,Electronics,Smartphone,2,22866.28,0.0,45732.56,UPI,Completed,2025-03
ORD104264,2025-05-13,CUST10758,East,Marketplace,Furniture,Study Table,3,19589.3,0.25,44075.92,Credit Card,Completed,2025-05
ORD104265,2025-02-16,CUST10013,West,Website,Electronics,Laptop,5,6359.56,0.05,30207.91,Debit Card,Completed,2025-02
ORD104266,2025-01-03,CUST10457,East,Website,Home & Kitchen,Mixer Grinder,1,8615.82,0.1,7754.24,UPI,Completed,2025-01
ORD104267,2025-12-29,CUST10747,East,Marketplace,Electronics,Monitor,2,54801.58,0.1,98642.84,Credit Card,Completed,2025-12
ORD104268,2025-01-09,CUST10586,North,Website,Beauty,Face Wash,1,290.95,0.1,261.86,UPI,Completed,2025-01
ORD104269,2025-06-21,CUST10667,East,Mobile App,Furniture,Office Chair,1,31679.14,0.1,28511.23,Credit Card,Completed,2025-06
ORD104270,2025-01-04,CUST10363,South,Mobile App,Beauty,Sunscreen,2,465.11,0.15,790.69,Debit Card,Completed,2025-01
ORD104271,2025-08-27,CUST10082,North,Marketplace,Home & Kitchen,Cookware Set,1,2368.99,0.15,2013.64,Cash on Delivery,Completed,2025-08
ORD104272,2025-04-29,CUST10871,West,Website,Beauty,Shampoo,3,716.14,0.1,1933.58,Net Banking,Completed,2025-04
ORD104273,2025-04-22,CUST10783,North,Mobile App,Beauty,Sunscreen,1,1431.12,0.0,1431.12,Credit Card,Completed,2025-04
ORD104274,2025-05-19,CUST10177,West,Marketplace,Home & Kitchen,Coffee Maker,1,11020.04,0.05,10469.04,UPI,Completed,2025-05
ORD104275,2025-11-17,CUST10210,East,Website,Furniture,Sofa,2,8156.17,0.1,14681.11,UPI,Completed,2025-11
ORD104276,2025-06-16,CUST10780,West,Marketplace,Electronics,Laptop,2,7256.43,0.15,12335.93,Net Banking,Completed,2025-06
ORD104277,2025-01-10,CUST10382,South,Website,Fashion,T-Shirt,1,3317.29,0.25,0.0,UPI,Cancelled,2025-01
ORD104278,2025-08-20,CUST10458,West,Website,Beauty,Face Wash,2,4750.2,0.1,8550.36,UPI,Completed,2025-08
ORD104279,2025-11-02,CUST10675,North,Mobile App,Beauty,Perfume,2,4196.21,0.15,7133.56,UPI,Completed,2025-11
ORD104280,2025-05-03,CUST10046,North,Website,Home & Kitchen,Vacuum Cleaner,3,5446.47,0.1,14705.47,UPI,Completed,2025-05
ORD104281,2025-12-30,CUST10128,North,Mobile App,Electronics,Headphones,1,1037.44,0.1,933.7,UPI,Completed,2025-12
ORD104282,2025-01-19,CUST10527,South,Website,Electronics,Smartphone,3,1108.18,0.1,2992.09,UPI,Completed,2025-01
ORD104283,2025-01-01,CUST10665,North,Marketplace,Beauty,Sunscreen,1,3997.22,0.1,3597.5,UPI,Completed,2025-01
ORD104284,2025-02-17,CUST10443,East,Mobile App,Home & Kitchen,Cookware Set,4,15612.28,0.05,0.0,UPI,Cancelled,2025-02
ORD104285,2025-02-08,CUST10862,South,Website,Fashion,T-Shirt,1,4275.09,0.05,4061.34,UPI,Completed,2025-02
ORD104286,2025-08-06,CUST10869,East,Mobile App,Beauty,Shampoo,1,651.63,0.05,619.05,Cash on Delivery,Completed,2025-08
ORD104287,2025-03-20,CUST10565,South,Mobile App,Electronics,Smartphone,1,9647.84,0.05,9165.45,UPI,Completed,2025-03
ORD104288,2025-11-09,CUST10630,West,Mobile App,Furniture,Office Chair,1,5425.1,0.1,4882.59,UPI,Completed,2025-11
ORD104289,2025-07-04,CUST10724,North,Marketplace,Home & Kitchen,Cookware Set,1,970.98,0.1,873.88,Cash on Delivery,Completed,2025-07
ORD104290,2025-06-16,CUST10729,East,Mobile App,Home & Kitchen,Air Fryer,4,1261.23,0.05,4792.67,Credit Card,Completed,2025-06
ORD104291,2025-12-06,CUST10791,North,Mobile App,Furniture,Bedside Table,1,2255.52,0.2,1804.42,Credit Card,Completed,2025-12
ORD104292,2025-07-12,CUST10227,North,Marketplace,Furniture,Sofa,1,12629.51,0.15,0.0,Cash on Delivery,Returned,2025-07
ORD104293,2025-06-26,CUST10215,South,Mobile App,Fashion,Sneakers,1,4033.17,0.2,3226.54,UPI,Completed,2025-06
ORD104294,2025-01-17,CUST10315,South,Mobile App,Furniture,Sofa,1,6799.74,0.25,5099.81,Credit Card,Completed,2025-01
ORD104295,2025-04-24,CUST10447,West,Mobile App,Electronics,Smartphone,2,3347.94,0.1,6026.29,Debit Card,Completed,2025-04
ORD104296,2025-04-16,CUST10314,East,Website,Furniture,Sofa,4,7742.87,0.2,24777.18,UPI,Completed,2025-04
ORD104297,2025-09-14,CUST10279,Central,Website,Furniture,Bookshelf,1,8969.26,0.15,7623.87,Credit Card,Completed,2025-09
ORD104298,2025-06-11,CUST10075,East,Website,Electronics,Monitor,1,5819.91,0.1,5237.92,UPI,Completed,2025-06
ORD104299,2025-09-21,CUST10898,East,Website,Fashion,Jeans,2,1455.12,0.15,2473.7,Debit Card,Completed,2025-09
ORD104300,2025-02-01,CUST10345,Central,Website,Furniture,Office Chair,1,2582.37,0.0,2582.37,UPI,Completed,2025-02
ORD104301,2025-02-23,CUST10771,South,Website,Fashion,T-Shirt,1,408.14,0.1,367.33,UPI,Completed,2025-02
ORD104302,2025-09-05,CUST10155,South,Mobile App,Furniture,Study Table,1,18773.34,0.0,18773.34,Net Banking,Completed,2025-09
ORD104303,2025-05-18,CUST10420,North,Website,Fashion,Backpack,1,1204.34,0.1,1083.91,Debit Card,Completed,2025-05
ORD104304,2025-08-04,CUST10589,South,Website,Fashion,T-Shirt,2,2272.12,0.15,3862.6,Debit Card,Completed,2025-08
ORD104305,2025-07-25,CUST10429,West,Mobile App,Furniture,Bookshelf,4,5165.01,0.25,15495.03,Credit Card,Completed,2025-07
ORD104306,2025-04-15,CUST10102,East,Website,Furniture,Study Table,1,2929.85,0.05,0.0,UPI,Returned,2025-04
ORD104307,2025-12-22,CUST10441,East,Website,Beauty,Moisturizer,5,2671.68,0.15,11354.64,UPI,Completed,2025-12
ORD104308,2025-09-28,CUST10501,Central,Marketplace,Fashion,Backpack,1,6315.91,0.1,5684.32,UPI,Completed,2025-09
ORD104309,2025-01-30,CUST10520,West,Marketplace,Electronics,Smartwatch,2,69079.9,0.05,131251.81,Cash on Delivery,Completed,2025-01
ORD104310,2025-05-20,CUST10004,West,Marketplace,Electronics,Laptop,4,10162.05,0.15,34550.97,Net Banking,Completed,2025-05
ORD104311,2025-10-07,CUST10678,South,Website,Electronics,Smartphone,3,12085.8,0.1,0.0,Debit Card,Cancelled,2025-10
ORD104312,2025-05-28,CUST10387,South,Mobile App,Home & Kitchen,Cookware Set,1,7309.54,0.1,6578.59,Debit Card,Completed,2025-05
ORD104313,2025-01-06,CUST10775,East,Marketplace,Fashion,Backpack,1,1131.05,0.1,1017.94,UPI,Completed,2025-01
ORD104314,2025-02-25,CUST10848,East,Mobile App,Furniture,Sofa,3,6909.61,0.15,17619.51,Debit Card,Completed,2025-02
ORD104315,2025-03-27,CUST10662,South,Marketplace,Electronics,Headphones,2,4838.01,0.2,0.0,UPI,Cancelled,2025-03
ORD104316,2025-07-17,CUST10817,East,Marketplace,Home & Kitchen,Mixer Grinder,1,15524.08,0.1,0.0,Credit Card,Returned,2025-07
ORD104317,2025-05-19,CUST10475,South,Mobile App,Electronics,Smartwatch,2,58995.82,0.1,0.0,Cash on Delivery,Returned,2025-05
ORD104318,2025-10-25,CUST10522,North,Website,Fashion,Sneakers,1,5721.76,0.25,4291.32,Debit Card,Completed,2025-10
ORD104319,2025-02-20,CUST10251,West,Mobile App,Beauty,Face Wash,2,4312.03,0.05,8192.86,UPI,Completed,2025-02
ORD104320,2025-04-14,CUST10585,Central,Mobile App,Fashion,T-Shirt,3,749.21,0.15,1910.49,Cash on Delivery,Completed,2025-04
ORD104321,2025-02-06,CUST10587,South,Marketplace,Furniture,Office Chair,1,13410.82,0.1,12069.74,Debit Card,Completed,2025-02
ORD104322,2025-07-11,CUST10663,Central,Marketplace,Home & Kitchen,Air Fryer,1,7823.89,0.15,6650.31,UPI,Completed,2025-07
ORD104323,2025-03-25,CUST10150,North,Mobile App,Home & Kitchen,Mixer Grinder,2,3852.42,0.15,6549.11,Debit Card,Completed,2025-03
ORD104324,2025-10-24,CUST10642,North,Website,Furniture,Bookshelf,1,6078.99,0.1,5471.09,UPI,Completed,2025-10
ORD104325,2025-03-07,CUST10596,East,Mobile App,Home & Kitchen,Vacuum Cleaner,3,2347.39,0.15,5985.84,Credit Card,Completed,2025-03
ORD104326,2025-06-11,CUST10656,West,Website,Furniture,Study Table,1,34515.24,0.2,27612.19,Credit Card,Completed,2025-06
ORD104327,2025-06-13,CUST10077,West,Website,Fashion,Jacket,3,835.48,0.2,2005.15,Debit Card,Completed,2025-06
ORD104328,2025-05-16,CUST10760,West,Website,Beauty,Face Wash,3,2360.25,0.2,0.0,UPI,Returned,2025-05
ORD104329,2025-09-09,CUST10836,South,Marketplace,Fashion,Jacket,1,2167.75,0.1,1950.98,Cash on Delivery,Completed,2025-09
ORD104330,2025-05-31,CUST10827,East,Mobile App,Electronics,Smartwatch,5,9786.18,0.1,44037.81,UPI,Completed,2025-05
ORD104331,2025-02-20,CUST10259,South,Marketplace,Home & Kitchen,Coffee Maker,2,1976.2,0.1,3557.16,Cash on Delivery,Completed,2025-02
ORD104332,2025-06-12,CUST10143,South,Website,Furniture,Sofa,2,2768.64,0.25,4152.96,Cash on Delivery,Completed,2025-06
ORD104333,2025-09-25,CUST10160,Central,Website,Electronics,Laptop,2,2458.88,0.05,4671.87,Cash on Delivery,Completed,2025-09
ORD104334,2025-05-19,CUST10637,North,Mobile App,Electronics,Laptop,2,11399.71,0.0,22799.42,Credit Card,Completed,2025-05
ORD104335,2025-01-11,CUST10871,North,Mobile App,Beauty,Shampoo,3,682.67,0.05,1945.61,UPI,Completed,2025-01
ORD104336,2025-09-30,CUST10506,West,Website,Fashion,Sneakers,1,1795.62,0.1,1616.06,UPI,Completed,2025-09
ORD104337,2025-12-18,CUST10575,South,Website,Beauty,Perfume,3,327.98,0.05,934.74,Net Banking,Completed,2025-12
ORD104338,2025-11-30,CUST10695,South,Mobile App,Furniture,Office Chair,1,5693.86,0.0,5693.86,UPI,Completed,2025-11
ORD104339,2025-12-22,CUST10050,North,Marketplace,Electronics,Monitor,3,1668.37,0.15,4254.34,Cash on Delivery,Completed,2025-12
ORD104340,2025-07-19,CUST10034,North,Website,Fashion,Backpack,2,1069.47,0.1,1925.05,Debit Card,Completed,2025-07
ORD104341,2025-11-13,CUST10829,West,Website,Furniture,Bedside Table,1,2107.76,0.1,1896.98,Cash on Delivery,Completed,2025-11
ORD104342,2025-05-12,CUST10561,South,Website,Electronics,Smartwatch,2,8963.27,0.1,16133.89,UPI,Completed,2025-05
ORD104343,2025-06-03,CUST10398,East,Mobile App,Beauty,Shampoo,1,3201.25,0.1,0.0,Net Banking,Cancelled,2025-06
ORD104344,2025-06-09,CUST10388,South,Website,Furniture,Sofa,2,25590.11,0.2,40944.18,UPI,Completed,2025-06
ORD104345,2025-11-13,CUST10769,Central,Website,Fashion,Jeans,4,2133.36,0.1,7680.1,Credit Card,Completed,2025-11
ORD104346,2025-06-24,CUST10876,North,Website,Electronics,Headphones,2,9930.94,0.0,19861.88,UPI,Completed,2025-06
ORD104347,2025-06-19,CUST10175,Central,Mobile App,Beauty,Face Wash,2,1643.5,0.0,3287.0,Debit Card,Completed,2025-06
ORD104348,2025-03-07,CUST10511,South,Website,Electronics,Smartwatch,2,31079.18,0.1,55942.52,UPI,Completed,2025-03
ORD104349,2025-09-12,CUST10431,East,Mobile App,Home & Kitchen,Cookware Set,2,3838.69,0.2,6141.9,UPI,Completed,2025-09
ORD104350,2025-10-25,CUST10635,North,Website,Furniture,Study Table,1,2555.62,0.15,2172.28,Credit Card,Completed,2025-10
ORD104351,2025-01-12,CUST10394,West,Website,Fashion,Jeans,3,5100.25,0.15,13005.64,Cash on Delivery,Completed,2025-01
ORD104352,2025-11-11,CUST10485,West,Website,Home & Kitchen,Cookware Set,4,4159.35,0.0,16637.4,Credit Card,Completed,2025-11
ORD104353,2025-06-18,CUST10762,Central,Website,Beauty,Sunscreen,1,1868.29,0.1,1681.46,Credit Card,Completed,2025-06
ORD104354,2025-06-05,CUST10722,North,Website,Furniture,Bedside Table,2,10580.17,0.2,16928.27,Debit Card,Completed,2025-06
ORD104355,2025-12-09,CUST10199,South,Website,Home & Kitchen,Coffee Maker,1,1417.29,0.1,1275.56,Debit Card,Completed,2025-12
ORD104356,2025-01-07,CUST10781,West,Mobile App,Fashion,Jacket,1,6761.65,0.1,6085.48,Cash on Delivery,Completed,2025-01
ORD104357,2025-07-30,CUST10008,North,Mobile App,Fashion,Jeans,3,610.52,0.05,1739.98,Net Banking,Completed,2025-07
ORD104358,2025-05-24,CUST10233,South,Website,Home & Kitchen,Cookware Set,1,855.85,0.0,855.85,UPI,Completed,2025-05
ORD104359,2025-04-02,CUST10506,Central,Website,Fashion,T-Shirt,1,6636.19,0.1,5972.57,Credit Card,Completed,2025-04
ORD104360,2025-06-12,CUST10577,Central,Marketplace,Beauty,Moisturizer,2,4471.86,0.15,7602.16,Debit Card,Completed,2025-06
ORD104361,2025-11-27,CUST10553,West,Mobile App,Beauty,Shampoo,1,1667.97,0.25,0.0,Debit Card,Cancelled,2025-11
ORD104362,2025-11-03,CUST10509,West,Website,Home & Kitchen,Air Fryer,4,15773.51,0.15,53629.93,UPI,Completed,2025-11
ORD104363,2025-05-23,CUST10652,South,Website,Electronics,Smartphone,1,17022.59,0.1,15320.33,Net Banking,Completed,2025-05
ORD104364,2025-11-29,CUST10038,North,Website,Electronics,Smartwatch,2,6107.09,0.2,9771.34,UPI,Completed,2025-11
ORD104365,2025-09-07,CUST10539,West,Website,Home & Kitchen,Cookware Set,1,7764.72,0.1,0.0,Debit Card,Returned,2025-09
ORD104366,2025-12-04,CUST10361,South,Website,Electronics,Smartphone,1,13969.56,0.15,11874.13,Net Banking,Completed,2025-12
ORD104367,2025-10-14,CUST10740,East,Website,Electronics,Headphones,2,50940.64,0.0,0.0,UPI,Cancelled,2025-10
ORD104368,2025-01-09,CUST10348,South,Mobile App,Beauty,Shampoo,1,1708.43,0.0,1708.43,Debit Card,Completed,2025-01
ORD104369,2025-08-29,CUST10857,North,Website,Fashion,Jacket,1,5701.48,0.1,5131.33,Credit Card,Completed,2025-08
ORD104370,2025-12-08,CUST10247,Central,Mobile App,Furniture,Office Chair,2,29971.83,0.1,53949.29,Cash on Delivery,Completed,2025-12
ORD104371,2025-05-02,CUST10596,East,Mobile App,Electronics,Laptop,1,49494.44,0.1,44545.0,UPI,Completed,2025-05
ORD104372,2025-05-09,CUST10055,West,Website,Fashion,Sneakers,2,4200.67,0.1,7561.21,Debit Card,Completed,2025-05
ORD104373,2025-09-26,CUST10198,Central,Mobile App,Electronics,Headphones,1,1873.23,0.15,1592.25,Cash on Delivery,Completed,2025-09
ORD104374,2025-10-04,CUST10296,South,Mobile App,Home & Kitchen,Mixer Grinder,1,1559.65,0.15,1325.7,Debit Card,Completed,2025-10
ORD104375,2025-09-11,CUST10669,West,Marketplace,Beauty,Moisturizer,1,653.18,0.15,555.2,Cash on Delivery,Completed,2025-09
ORD104376,2025-03-30,CUST10749,Central,Marketplace,Electronics,Smartphone,1,8249.34,0.1,7424.41,Cash on Delivery,Completed,2025-03
ORD104377,2025-03-24,CUST10126,West,Mobile App,Home & Kitchen,Coffee Maker,1,14577.6,0.2,11662.08,UPI,Completed,2025-03
ORD104378,2025-04-02,CUST10820,South,Mobile App,Home & Kitchen,Vacuum Cleaner,4,873.49,0.1,3144.56,Net Banking,Completed,2025-04
ORD104379,2025-05-15,CUST10601,East,Marketplace,Fashion,Sneakers,1,1882.53,0.2,1506.02,Debit Card,Completed,2025-05
ORD104380,2025-09-06,CUST10282,East,Website,Beauty,Moisturizer,4,587.66,0.05,2233.11,UPI,Completed,2025-09
ORD104381,2025-09-01,CUST10491,North,Website,Fashion,Sneakers,1,779.79,0.15,662.82,UPI,Completed,2025-09
ORD104382,2025-02-23,CUST10402,South,Website,Electronics,Laptop,1,1890.43,0.15,1606.87,Credit Card,Completed,2025-02
ORD104383,2025-03-08,CUST10592,South,Marketplace,Fashion,Jeans,1,1405.84,0.05,1335.55,Debit Card,Completed,2025-03
ORD104384,2025-11-02,CUST10088,West,Website,Home & Kitchen,Vacuum Cleaner,3,1702.79,0.05,4852.95,Debit Card,Completed,2025-11
ORD104385,2025-01-13,CUST10724,South,Website,Beauty,Sunscreen,3,2258.64,0.05,6437.12,Net Banking,Completed,2025-01
ORD104386,2025-10-17,CUST10651,South,Marketplace,Beauty,Sunscreen,3,444.9,0.2,1067.76,UPI,Completed,2025-10
ORD104387,2025-10-14,CUST10848,West,Mobile App,Beauty,Moisturizer,3,2358.4,0.15,6013.92,UPI,Completed,2025-10
ORD104388,2025-04-13,CUST10102,North,Mobile App,Beauty,Shampoo,3,462.61,0.1,1249.05,UPI,Completed,2025-04
ORD104389,2025-08-29,CUST10688,East,Mobile App,Home & Kitchen,Vacuum Cleaner,2,12988.46,0.15,22080.38,Debit Card,Completed,2025-08
ORD104390,2025-07-25,CUST10160,West,Mobile App,Furniture,Bookshelf,4,24077.72,0.0,96310.88,UPI,Completed,2025-07
ORD104391,2025-08-16,CUST10767,South,Website,Furniture,Study Table,1,3867.25,0.2,3093.8,UPI,Completed,2025-08
ORD104392,2025-04-21,CUST10387,North,Website,Electronics,Smartphone,1,1284.7,0.1,1156.23,Credit Card,Completed,2025-04
ORD104393,2025-08-07,CUST10891,Central,Website,Electronics,Smartphone,2,4576.03,0.15,7779.25,Debit Card,Completed,2025-08
ORD104394,2025-05-25,CUST10279,South,Marketplace,Electronics,Monitor,2,20784.38,0.1,37411.88,UPI,Completed,2025-05
ORD104395,2025-08-06,CUST10102,East,Website,Furniture,Office Chair,2,3081.88,0.15,5239.2,Cash on Delivery,Completed,2025-08
ORD104396,2025-04-22,CUST10103,South,Mobile App,Fashion,Jacket,1,1989.1,0.05,1889.64,UPI,Completed,2025-04
ORD104397,2025-12-17,CUST10295,South,Website,Home & Kitchen,Vacuum Cleaner,1,9367.6,0.2,7494.08,Net Banking,Completed,2025-12
ORD104398,2025-01-29,CUST10440,South,Website,Fashion,Backpack,1,468.5,0.15,398.22,Cash on Delivery,Completed,2025-01
ORD104399,2025-08-20,CUST10325,West,Website,Beauty,Sunscreen,1,1569.64,0.2,1255.71,UPI,Completed,2025-08
ORD104400,2025-09-11,CUST10145,West,Website,Electronics,Laptop,2,7747.78,0.05,14720.78,Debit Card,Completed,2025-09
ORD104401,2025-03-06,CUST10744,West,Website,Beauty,Moisturizer,2,4734.97,0.15,8049.45,UPI,Completed,2025-03
ORD104402,2025-10-06,CUST10646,West,Mobile App,Fashion,T-Shirt,3,909.37,0.25,2046.08,UPI,Completed,2025-10
ORD104403,2025-01-14,CUST10181,Central,Mobile App,Fashion,Sneakers,4,810.28,0.05,3079.06,UPI,Completed,2025-01
ORD104404,2025-12-29,CUST10602,East,Website,Furniture,Study Table,1,3589.8,0.1,3230.82,Credit Card,Completed,2025-12
ORD104405,2025-03-01,CUST10012,East,Mobile App,Home & Kitchen,Cookware Set,2,15895.67,0.15,27022.64,UPI,Completed,2025-03
ORD104406,2025-12-22,CUST10429,East,Mobile App,Beauty,Moisturizer,1,3498.26,0.05,3323.35,UPI,Completed,2025-12
ORD104407,2025-01-24,CUST10635,South,Mobile App,Electronics,Monitor,1,909.01,0.1,818.11,Cash on Delivery,Completed,2025-01
ORD104408,2025-07-25,CUST10486,South,Website,Electronics,Smartphone,3,3464.27,0.1,9353.53,Debit Card,Completed,2025-07
ORD104409,2025-12-13,CUST10697,South,Mobile App,Electronics,Smartphone,1,6042.24,0.1,5438.02,Debit Card,Completed,2025-12
ORD104410,2025-05-29,CUST10635,West,Marketplace,Furniture,Office Chair,2,11656.2,0.1,20981.16,Cash on Delivery,Completed,2025-05
ORD104411,2025-09-27,CUST10101,Central,Website,Furniture,Study Table,1,20017.49,0.05,19016.62,Credit Card,Completed,2025-09
ORD104412,2025-10-09,CUST10746,East,Mobile App,Home & Kitchen,Vacuum Cleaner,1,2179.65,0.05,2070.67,Cash on Delivery,Completed,2025-10
ORD104413,2025-11-02,CUST10190,Central,Website,Furniture,Sofa,2,26421.6,0.1,47558.88,Net Banking,Completed,2025-11
ORD104414,2025-01-26,CUST10627,South,Mobile App,Electronics,Smartphone,3,3518.68,0.1,9500.44,Credit Card,Completed,2025-01
ORD104415,2025-01-29,CUST10563,Central,Website,Home & Kitchen,Mixer Grinder,1,3763.17,0.15,0.0,Debit Card,Cancelled,2025-01
ORD104416,2025-05-27,CUST10115,North,Website,Home & Kitchen,Cookware Set,2,13042.04,0.05,24779.88,Debit Card,Completed,2025-05
ORD104417,2025-06-25,CUST10781,West,Marketplace,Furniture,Sofa,1,3329.85,0.05,3163.36,UPI,Completed,2025-06
ORD104418,2025-10-24,CUST10289,East,Website,Beauty,Sunscreen,2,470.31,0.0,940.62,Debit Card,Completed,2025-10
ORD104419,2025-11-07,CUST10345,Central,Mobile App,Beauty,Moisturizer,3,3433.02,0.05,9784.11,UPI,Completed,2025-11
ORD104420,2025-08-18,CUST10564,South,Website,Electronics,Smartwatch,1,63980.73,0.2,51184.58,UPI,Completed,2025-08
ORD104421,2025-09-09,CUST10036,North,Mobile App,Fashion,Backpack,1,1331.4,0.15,1131.69,Cash on Delivery,Completed,2025-09
ORD104422,2025-05-25,CUST10724,Central,Website,Beauty,Perfume,1,936.93,0.2,749.54,UPI,Completed,2025-05
ORD104423,2025-12-09,CUST10896,West,Website,Fashion,T-Shirt,1,669.25,0.0,669.25,Debit Card,Completed,2025-12
ORD104424,2025-05-03,CUST10392,North,Website,Fashion,Jeans,1,1035.36,0.0,1035.36,UPI,Completed,2025-05
ORD104425,2025-03-24,CUST10114,South,Website,Beauty,Sunscreen,2,1772.65,0.1,0.0,Debit Card,Cancelled,2025-03
ORD104426,2025-07-19,CUST10184,East,Mobile App,Fashion,Backpack,1,1904.79,0.25,0.0,Credit Card,Returned,2025-07
ORD104427,2025-02-10,CUST10882,West,Mobile App,Electronics,Monitor,1,5262.97,0.2,4210.38,Cash on Delivery,Completed,2025-02
ORD104428,2025-06-12,CUST10265,West,Marketplace,Fashion,Sneakers,2,511.22,0.2,817.95,Credit Card,Completed,2025-06
ORD104429,2025-08-16,CUST10767,East,Mobile App,Furniture,Study Table,2,15127.09,0.2,24203.34,UPI,Completed,2025-08
ORD104430,2025-03-06,CUST10070,South,Website,Home & Kitchen,Vacuum Cleaner,2,704.29,0.15,1197.29,UPI,Completed,2025-03
ORD104431,2025-09-23,CUST10162,North,Website,Fashion,Jacket,2,2252.93,0.0,4505.86,UPI,Completed,2025-09
ORD104432,2025-02-27,CUST10521,West,Website,Furniture,Bookshelf,2,11433.54,0.1,20580.37,UPI,Completed,2025-02
ORD104433,2025-03-10,CUST10760,East,Mobile App,Beauty,Shampoo,1,708.38,0.15,602.12,UPI,Completed,2025-03
ORD104434,2025-05-07,CUST10517,North,Mobile App,Beauty,Perfume,3,2976.32,0.1,8036.06,Debit Card,Completed,2025-05
ORD104435,2025-12-17,CUST10548,North,Mobile App,Electronics,Laptop,1,35697.22,0.25,26772.92,Debit Card,Completed,2025-12
ORD104436,2025-03-04,CUST10814,South,Marketplace,Home & Kitchen,Cookware Set,4,804.0,0.0,3216.0,Net Banking,Completed,2025-03
ORD104437,2025-03-02,CUST10102,South,Mobile App,Furniture,Sofa,3,2168.44,0.15,5529.52,UPI,Completed,2025-03
ORD104438,2025-10-18,CUST10879,East,Mobile App,Home & Kitchen,Coffee Maker,3,4447.41,0.15,11340.9,Credit Card,Completed,2025-10
ORD104439,2025-09-17,CUST10526,South,Mobile App,Fashion,T-Shirt,5,3483.26,0.15,14803.86,Net Banking,Completed,2025-09
ORD104440,2025-01-06,CUST10317,Unknown,Mobile App,Fashion,Backpack,2,2210.48,0.25,3315.72,UPI,Completed,2025-01
ORD104441,2025-10-30,CUST10748,West,Mobile App,Furniture,Bedside Table,3,4128.46,0.15,10527.57,Debit Card,Completed,2025-10
ORD104442,2025-05-27,CUST10269,South,Mobile App,Furniture,Sofa,1,2527.03,0.2,2021.62,Net Banking,Completed,2025-05
ORD104443,2025-09-24,CUST10732,West,Website,Fashion,Jacket,4,1149.43,0.15,3908.06,UPI,Completed,2025-09
ORD104444,2025-12-01,CUST10075,North,Website,Beauty,Sunscreen,4,1384.79,0.05,5262.2,Credit Card,Completed,2025-12
ORD104445,2025-11-16,CUST10057,East,Mobile App,Furniture,Study Table,2,21543.58,0.0,43087.16,Net Banking,Completed,2025-11
ORD104446,2025-08-30,CUST10413,South,Mobile App,Electronics,Headphones,4,53052.23,0.1,190988.03,UPI,Completed,2025-08
ORD104447,2025-09-18,CUST10862,North,Mobile App,Home & Kitchen,Mixer Grinder,1,5198.43,0.05,4938.51,UPI,Completed,2025-09
ORD104448,2025-02-01,CUST10459,North,Website,Fashion,Backpack,2,2693.1,0.25,4039.65,UPI,Completed,2025-02
ORD104449,2025-02-20,CUST10125,East,Website,Fashion,T-Shirt,2,1458.33,0.2,2333.33,Cash on Delivery,Completed,2025-02
ORD104450,2025-01-11,CUST10125,East,Website,Fashion,Sneakers,1,1859.25,0.2,1487.4,UPI,Completed,2025-01
ORD104451,2025-01-25,CUST10029,West,Website,Electronics,Monitor,3,2758.13,0.15,7033.23,UPI,Completed,2025-01
ORD104452,2025-10-10,CUST10357,North,Website,Fashion,Jacket,3,1846.88,0.2,4432.51,Debit Card,Completed,2025-10
ORD104453,2025-10-22,CUST10497,South,Mobile App,Fashion,Jeans,4,5381.56,0.0,0.0,Debit Card,Cancelled,2025-10
ORD104454,2025-11-18,CUST10870,West,Marketplace,Electronics,Monitor,1,25510.84,0.1,22959.76,Debit Card,Completed,2025-11
ORD104455,2025-10-06,CUST10229,North,Marketplace,Fashion,Backpack,2,1037.34,0.25,1556.01,UPI,Completed,2025-10
ORD104456,2025-01-18,CUST10092,South,Mobile App,Electronics,Monitor,1,9366.14,0.15,7961.22,Debit Card,Completed,2025-01
ORD104457,2025-08-27,CUST10343,South,Website,Electronics,Laptop,2,1399.9,0.1,2519.82,Cash on Delivery,Completed,2025-08
ORD104458,2025-01-22,CUST10680,West,Website,Furniture,Sofa,1,3613.04,0.05,3432.39,Cash on Delivery,Completed,2025-01
ORD104459,2025-11-07,CUST10433,West,Website,Home & Kitchen,Coffee Maker,1,3062.3,0.0,3062.3,Debit Card,Completed,2025-11
ORD104460,2025-10-28,CUST10712,West,Website,Beauty,Sunscreen,1,2717.43,0.2,2173.94,Net Banking,Completed,2025-10
ORD104461,2025-12-18,CUST10150,South,Mobile App,Furniture,Bookshelf,1,2701.55,0.05,2566.47,UPI,Completed,2025-12
ORD104462,2025-02-06,CUST10811,North,Marketplace,Home & Kitchen,Coffee Maker,5,980.11,0.0,4900.55,Net Banking,Completed,2025-02
ORD104463,2025-08-13,CUST10572,North,Marketplace,Home & Kitchen,Cookware Set,1,3601.17,0.0,3601.17,UPI,Completed,2025-08
ORD104464,2025-02-12,CUST10721,East,Website,Beauty,Sunscreen,1,3990.28,0.2,3192.22,Debit Card,Completed,2025-02
ORD104465,2025-12-14,CUST10336,West,Mobile App,Fashion,T-Shirt,4,1505.02,0.05,5719.08,Net Banking,Completed,2025-12
ORD104466,2025-01-26,CUST10483,South,Website,Home & Kitchen,Coffee Maker,1,13423.13,0.0,13423.13,UPI,Completed,2025-01
ORD104467,2025-01-04,CUST10888,South,Website,Fashion,Jacket,1,6533.41,0.1,5880.07,Credit Card,Completed,2025-01
ORD104468,2025-03-17,CUST10526,North,Mobile App,Home & Kitchen,Cookware Set,2,1305.5,0.05,2480.45,UPI,Completed,2025-03
ORD104469,2025-09-28,CUST10448,West,Marketplace,Furniture,Study Table,1,26350.48,0.15,22397.91,Cash on Delivery,Completed,2025-09
ORD104470,2025-01-10,CUST10762,North,Mobile App,Furniture,Sofa,5,6508.32,0.25,24406.2,Net Banking,Completed,2025-01
ORD104471,2025-12-16,CUST10531,West,Mobile App,Home & Kitchen,Air Fryer,1,2654.15,0.2,2123.32,Cash on Delivery,Completed,2025-12
ORD104472,2025-01-16,CUST10573,East,Marketplace,Furniture,Bedside Table,1,14079.7,0.1,12671.73,Cash on Delivery,Completed,2025-01
ORD104473,2025-03-15,CUST10246,East,Website,Electronics,Headphones,1,55348.34,0.2,44278.67,UPI,Completed,2025-03
ORD104474,2025-11-02,CUST10236,Central,Mobile App,Beauty,Shampoo,1,2860.28,0.15,2431.24,UPI,Completed,2025-11
ORD104475,2025-07-02,CUST10207,West,Marketplace,Electronics,Monitor,1,72148.4,0.05,68540.98,Credit Card,Completed,2025-07
ORD104476,2025-11-14,CUST10117,East,Website,Furniture,Bookshelf,2,5520.27,0.15,0.0,Credit Card,Returned,2025-11
ORD104477,2025-10-24,CUST10366,South,Website,Furniture,Office Chair,1,22922.65,0.15,19484.25,UPI,Completed,2025-10
ORD104478,2025-02-27,CUST10897,West,Marketplace,Furniture,Office Chair,2,3012.99,0.2,4820.78,Debit Card,Completed,2025-02
ORD104479,2025-10-08,CUST10358,Central,Mobile App,Fashion,Backpack,2,870.68,0.2,1393.09,Credit Card,Completed,2025-10
ORD104480,2025-02-25,CUST10324,South,Marketplace,Furniture,Bookshelf,2,15124.12,0.05,28735.83,Net Banking,Completed,2025-02
ORD104481,2025-12-11,CUST10663,North,Mobile App,Home & Kitchen,Coffee Maker,1,17706.78,0.05,16821.44,UPI,Completed,2025-12
ORD104482,2025-06-04,CUST10623,North,Website,Beauty,Moisturizer,1,850.8,0.1,0.0,UPI,Returned,2025-06
ORD104483,2025-11-14,CUST10101,East,Mobile App,Electronics,Monitor,1,12658.42,0.1,0.0,Debit Card,Cancelled,2025-11
ORD104484,2025-05-06,CUST10480,North,Marketplace,Electronics,Monitor,1,25253.81,0.2,20203.05,Cash on Delivery,Completed,2025-05
ORD104485,2025-08-27,CUST10664,South,Marketplace,Fashion,Backpack,2,497.2,0.2,795.52,Cash on Delivery,Completed,2025-08
ORD104486,2025-07-13,CUST10619,West,Mobile App,Electronics,Smartwatch,1,41146.4,0.25,30859.8,Credit Card,Completed,2025-07
ORD104487,2025-02-19,CUST10317,East,Website,Beauty,Moisturizer,1,2885.36,0.2,2308.29,UPI,Completed,2025-02
ORD104488,2025-05-21,CUST10748,East,Website,Home & Kitchen,Coffee Maker,2,10830.23,0.2,17328.37,UPI,Completed,2025-05
ORD104489,2025-08-29,CUST10241,East,Website,Electronics,Smartphone,4,3245.22,0.2,10384.7,Net Banking,Completed,2025-08
ORD104490,2025-10-19,CUST10102,East,Website,Furniture,Bedside Table,1,14909.86,0.05,14164.37,Credit Card,Completed,2025-10
ORD104491,2025-11-21,CUST10604,North,Mobile App,Furniture,Study Table,3,2266.88,0.05,0.0,Credit Card,Cancelled,2025-11
ORD104492,2025-02-06,CUST10777,North,Website,Home & Kitchen,Coffee Maker,3,1148.63,0.0,3445.89,Debit Card,Completed,2025-02
ORD104493,2025-04-20,CUST10070,North,Marketplace,Beauty,Moisturizer,2,1582.88,0.1,2849.18,UPI,Completed,2025-04
ORD104494,2025-11-28,CUST10082,East,Marketplace,Beauty,Shampoo,2,1526.95,0.05,2901.2,Credit Card,Completed,2025-11
ORD104495,2025-02-19,CUST10257,West,Website,Furniture,Sofa,1,10466.01,0.05,9942.71,UPI,Completed,2025-02
ORD104496,2025-06-13,CUST10667,South,Website,Furniture,Study Table,4,11259.47,0.1,40534.09,UPI,Completed,2025-06
ORD104497,2025-06-22,CUST10507,East,Mobile App,Beauty,Face Wash,1,346.07,0.15,294.16,Net Banking,Completed,2025-06
ORD104498,2025-08-31,CUST10158,South,Mobile App,Fashion,Backpack,1,1785.93,0.1,1607.34,Cash on Delivery,Completed,2025-08
ORD104499,2025-04-29,CUST10661,North,Website,Beauty,Moisturizer,1,3185.54,0.05,3026.26,Credit Card,Completed,2025-04
ORD104500,2025-02-24,CUST10094,South,Mobile App,Beauty,Moisturizer,4,1133.01,0.0,4532.04,Credit Card,Completed,2025-02
ORD104501,2025-05-14,CUST10319,South,Mobile App,Home & Kitchen,Mixer Grinder,1,8107.48,0.0,8107.48,UPI,Completed,2025-05
ORD104502,2025-06-04,CUST10644,South,Mobile App,Electronics,Monitor,3,8825.97,0.2,0.0,UPI,Returned,2025-06
ORD104503,2025-12-23,CUST10288,North,Mobile App,Home & Kitchen,Air Fryer,3,711.46,0.15,1814.22,Debit Card,Completed,2025-12
ORD104504,2025-08-18,CUST10261,East,Website,Beauty,Moisturizer,2,3480.13,0.1,6264.23,UPI,Completed,2025-08
ORD104505,2025-04-27,CUST10656,North,Marketplace,Electronics,Smartwatch,3,28479.37,0.05,81166.2,UPI,Completed,2025-04
ORD104506,2025-11-01,CUST10420,South,Website,Home & Kitchen,Mixer Grinder,2,4772.77,0.1,8590.99,Net Banking,Completed,2025-11
ORD104507,2025-06-09,CUST10265,Central,Mobile App,Beauty,Shampoo,2,1292.36,0.0,2584.72,Credit Card,Completed,2025-06
ORD104508,2025-04-28,CUST10302,West,Marketplace,Electronics,Smartwatch,1,3659.11,0.1,3293.2,UPI,Completed,2025-04
ORD104509,2025-08-01,CUST10056,North,Mobile App,Beauty,Face Wash,2,2568.1,0.15,0.0,Debit Card,Returned,2025-08
ORD104510,2025-10-05,CUST10562,West,Mobile App,Fashion,Jeans,1,1386.7,0.1,1248.03,Net Banking,Completed,2025-10
ORD104511,2025-05-17,CUST10890,East,Website,Fashion,T-Shirt,3,4018.78,0.15,10247.89,UPI,Completed,2025-05
ORD104512,2025-09-19,CUST10380,Central,Marketplace,Beauty,Moisturizer,1,4314.53,0.0,4314.53,UPI,Completed,2025-09
ORD104513,2025-08-18,CUST10416,West,Mobile App,Electronics,Smartphone,2,40061.52,0.2,64098.43,Credit Card,Completed,2025-08
ORD104514,2025-07-13,CUST10820,North,Mobile App,Home & Kitchen,Vacuum Cleaner,2,1852.72,0.15,3149.62,UPI,Completed,2025-07
ORD104515,2025-06-29,CUST10112,South,Marketplace,Beauty,Face Wash,3,604.38,0.1,1631.83,UPI,Completed,2025-06
ORD104516,2025-11-28,CUST10233,North,Mobile App,Home & Kitchen,Vacuum Cleaner,3,2425.56,0.05,6912.85,UPI,Completed,2025-11
ORD104517,2025-04-03,CUST10628,East,Mobile App,Furniture,Office Chair,1,7278.27,0.05,6914.36,Net Banking,Completed,2025-04
ORD104518,2025-09-25,CUST10820,West,Marketplace,Home & Kitchen,Cookware Set,1,12498.4,0.15,10623.64,Debit Card,Completed,2025-09
ORD104519,2025-05-29,CUST10307,West,Website,Beauty,Sunscreen,1,1617.79,0.1,1456.01,UPI,Completed,2025-05
ORD104520,2025-09-29,CUST10852,North,Mobile App,Furniture,Office Chair,1,1963.63,0.2,1570.9,Cash on Delivery,Completed,2025-09
ORD104521,2025-10-18,CUST10321,North,Marketplace,Fashion,Sneakers,1,3699.66,0.15,3144.71,UPI,Completed,2025-10
ORD104522,2025-10-03,CUST10730,East,Website,Beauty,Perfume,2,1481.85,0.0,2963.7,Credit Card,Completed,2025-10
ORD104523,2025-06-07,CUST10394,Central,Website,Fashion,T-Shirt,1,668.63,0.05,0.0,Cash on Delivery,Cancelled,2025-06
ORD104524,2025-12-16,CUST10050,North,Website,Electronics,Laptop,1,985.04,0.1,0.0,Unknown,Cancelled,2025-12
ORD104525,2025-11-20,CUST10893,South,Website,Home & Kitchen,Air Fryer,3,7947.12,0.15,20265.16,Credit Card,Completed,2025-11
ORD104526,2025-10-04,CUST10606,South,Website,Furniture,Study Table,1,2553.0,0.05,0.0,UPI,Returned,2025-10
ORD104527,2025-12-28,CUST10677,West,Website,Beauty,Moisturizer,1,302.11,0.15,256.79,Credit Card,Completed,2025-12
ORD104528,2025-11-23,CUST10272,East,Website,Beauty,Perfume,3,1353.87,0.0,4061.61,Net Banking,Completed,2025-11
ORD104529,2025-07-20,CUST10670,South,Marketplace,Fashion,Backpack,5,556.0,0.2,2224.0,Debit Card,Completed,2025-07
ORD104530,2025-09-26,CUST10577,West,Website,Fashion,Jacket,5,6443.4,0.15,27384.45,Credit Card,Completed,2025-09
ORD104531,2025-02-19,CUST10377,West,Website,Furniture,Office Chair,4,14368.66,0.15,0.0,Credit Card,Cancelled,2025-02
ORD104532,2025-11-18,CUST10868,South,Marketplace,Furniture,Sofa,1,4802.22,0.1,4322.0,Cash on Delivery,Completed,2025-11
ORD104533,2025-03-22,CUST10023,West,Website,Home & Kitchen,Vacuum Cleaner,2,2225.07,0.2,3560.11,Cash on Delivery,Completed,2025-03
ORD104534,2025-05-24,CUST10002,West,Marketplace,Fashion,Jacket,2,1178.4,0.15,2003.28,Net Banking,Completed,2025-05
ORD104535,2025-12-18,CUST10451,South,Mobile App,Furniture,Sofa,1,10094.9,0.2,8075.92,UPI,Completed,2025-12
ORD104536,2025-09-10,CUST10562,West,Website,Beauty,Sunscreen,4,2757.47,0.05,10478.39,Debit Card,Completed,2025-09
ORD104537,2025-04-12,CUST10567,North,Website,Electronics,Smartwatch,2,2593.74,0.15,4409.36,UPI,Completed,2025-04
ORD104538,2025-02-04,CUST10015,Central,Mobile App,Fashion,T-Shirt,1,2645.0,0.15,0.0,Credit Card,Returned,2025-02
ORD104539,2025-01-02,CUST10214,West,Marketplace,Electronics,Monitor,2,39254.6,0.1,70658.28,UPI,Completed,2025-01
ORD104540,2025-08-21,CUST10447,South,Website,Beauty,Perfume,1,262.06,0.1,235.85,Cash on Delivery,Completed,2025-08
ORD104541,2025-03-31,CUST10655,South,Website,Furniture,Bedside Table,2,22814.37,0.1,41065.87,Debit Card,Completed,2025-03
ORD104542,2025-03-27,CUST10547,South,Mobile App,Electronics,Smartphone,2,28983.82,0.1,0.0,Net Banking,Cancelled,2025-03
ORD104543,2025-10-24,CUST10824,South,Website,Fashion,Backpack,2,3718.17,0.0,7436.34,UPI,Completed,2025-10
ORD104544,2025-02-08,CUST10711,East,Website,Electronics,Monitor,1,11451.45,0.0,11451.45,Cash on Delivery,Completed,2025-02
ORD104545,2025-07-02,CUST10037,East,Website,Fashion,Sneakers,3,3507.21,0.0,10521.63,UPI,Completed,2025-07
ORD104546,2025-04-20,CUST10513,South,Marketplace,Electronics,Headphones,1,34828.42,0.1,31345.58,Credit Card,Completed,2025-04
ORD104547,2025-12-13,CUST10141,West,Website,Electronics,Laptop,3,3056.41,0.25,6876.92,Cash on Delivery,Completed,2025-12
ORD104548,2025-01-26,CUST10889,West,Website,Beauty,Moisturizer,1,1391.86,0.15,1183.08,UPI,Completed,2025-01
ORD104549,2025-10-28,CUST10838,East,Mobile App,Home & Kitchen,Vacuum Cleaner,5,11347.74,0.2,45390.96,Credit Card,Completed,2025-10
ORD104550,2025-10-16,CUST10631,South,Mobile App,Home & Kitchen,Vacuum Cleaner,2,2326.75,0.15,3955.47,Credit Card,Completed,2025-10
ORD104551,2025-03-31,CUST10661,South,Website,Beauty,Moisturizer,1,662.19,0.05,629.08,UPI,Completed,2025-03
ORD104552,2025-12-09,CUST10512,South,Marketplace,Home & Kitchen,Coffee Maker,1,770.05,0.0,770.05,Credit Card,Completed,2025-12
ORD104553,2025-07-02,CUST10674,West,Marketplace,Fashion,Jacket,1,551.25,0.1,496.12,Cash on Delivery,Completed,2025-07
ORD104554,2025-11-06,CUST10735,South,Marketplace,Furniture,Bedside Table,4,33794.74,0.1,121661.06,UPI,Completed,2025-11
ORD104555,2025-04-29,CUST10323,Central,Marketplace,Furniture,Office Chair,1,21175.19,0.1,19057.67,Credit Card,Completed,2025-04
ORD104556,2025-08-05,CUST10883,North,Website,Home & Kitchen,Vacuum Cleaner,1,966.11,0.1,869.5,Credit Card,Completed,2025-08
ORD104557,2025-01-18,CUST10808,North,Mobile App,Beauty,Perfume,3,257.87,0.1,0.0,Debit Card,Returned,2025-01
ORD104558,2025-04-10,CUST10278,West,Mobile App,Electronics,Headphones,1,35848.23,0.2,28678.58,Debit Card,Completed,2025-04
ORD104559,2025-11-06,CUST10750,East,Mobile App,Fashion,Sneakers,2,6368.95,0.15,10827.22,Credit Card,Completed,2025-11
ORD104560,2025-03-05,CUST10458,North,Website,Fashion,T-Shirt,1,1669.93,0.1,1502.94,Credit Card,Completed,2025-03
ORD104561,2025-11-23,CUST10439,North,Marketplace,Home & Kitchen,Vacuum Cleaner,2,1428.37,0.2,2285.39,Credit Card,Completed,2025-11
ORD104562,2025-02-01,CUST10800,Central,Marketplace,Beauty,Perfume,2,4340.34,0.05,8246.65,Net Banking,Completed,2025-02
ORD104563,2025-02-11,CUST10326,South,Marketplace,Electronics,Laptop,2,14827.34,0.15,25206.48,Debit Card,Completed,2025-02
ORD104564,2025-11-20,CUST10728,East,Marketplace,Furniture,Sofa,1,3361.93,0.15,2857.64,Cash on Delivery,Completed,2025-11
ORD104565,2025-09-29,CUST10764,North,Marketplace,Home & Kitchen,Mixer Grinder,4,2830.37,0.2,9057.18,Debit Card,Completed,2025-09
ORD104566,2025-11-23,CUST10349,North,Mobile App,Furniture,Sofa,3,13555.28,0.0,0.0,Cash on Delivery,Returned,2025-11
ORD104567,2025-05-06,CUST10570,South,Marketplace,Furniture,Bedside Table,1,1824.09,0.1,1641.68,Debit Card,Completed,2025-05
ORD104568,2025-04-12,CUST10399,West,Marketplace,Beauty,Perfume,2,967.72,0.2,1548.35,UPI,Completed,2025-04
ORD104569,2025-04-30,CUST10330,South,Marketplace,Furniture,Office Chair,2,4462.61,0.0,0.0,Credit Card,Returned,2025-04
ORD104570,2025-10-12,CUST10362,Central,Website,Fashion,Backpack,2,2352.46,0.0,4704.92,UPI,Completed,2025-10
ORD104571,2025-03-13,CUST10675,West,Mobile App,Electronics,Laptop,3,1486.6,0.2,3567.84,Credit Card,Completed,2025-03
ORD104572,2025-02-16,CUST10846,North,Website,Fashion,Jacket,2,528.3,0.1,950.94,UPI,Completed,2025-02
ORD104573,2025-12-04,CUST10380,South,Mobile App,Electronics,Monitor,1,20162.11,0.2,16129.69,Net Banking,Completed,2025-12
ORD104574,2025-01-27,CUST10193,South,Marketplace,Electronics,Laptop,1,56475.49,0.2,45180.39,Credit Card,Completed,2025-01
ORD104575,2025-01-02,CUST10526,West,Website,Electronics,Monitor,4,26871.37,0.1,0.0,Credit Card,Cancelled,2025-01
ORD104576,2025-07-02,CUST10152,Central,Website,Fashion,T-Shirt,2,1285.56,0.1,2314.01,UPI,Completed,2025-07
ORD104577,2025-08-10,CUST10255,South,Mobile App,Furniture,Bedside Table,1,3893.73,0.0,3893.73,UPI,Completed,2025-08
ORD104578,2025-07-10,CUST10726,East,Mobile App,Beauty,Face Wash,1,1065.28,0.1,958.75,Credit Card,Completed,2025-07
ORD104579,2025-02-15,CUST10839,East,Marketplace,Beauty,Face Wash,3,477.48,0.0,1432.44,UPI,Completed,2025-02
ORD104580,2025-05-16,CUST10494,North,Mobile App,Furniture,Sofa,1,33498.91,0.1,30149.02,Credit Card,Completed,2025-05
ORD104581,2025-02-05,CUST10826,Central,Website,Fashion,Sneakers,2,549.83,0.1,989.69,UPI,Completed,2025-02
ORD104582,2025-09-18,CUST10526,East,Website,Home & Kitchen,Air Fryer,1,3410.56,0.2,2728.45,UPI,Completed,2025-09
ORD104583,2025-07-02,CUST10444,West,Mobile App,Electronics,Laptop,1,11594.72,0.15,9855.51,Credit Card,Completed,2025-07
ORD104584,2025-12-09,CUST10663,East,Website,Furniture,Bookshelf,1,11434.48,0.15,0.0,UPI,Returned,2025-12
ORD104585,2025-08-22,CUST10317,West,Marketplace,Home & Kitchen,Mixer Grinder,1,1148.43,0.15,976.17,UPI,Completed,2025-08
ORD104586,2025-07-13,CUST10191,East,Marketplace,Electronics,Smartwatch,2,56466.89,0.25,84700.33,Credit Card,Completed,2025-07
ORD104587,2025-03-04,CUST10379,South,Mobile App,Beauty,Face Wash,3,1671.08,0.2,4010.59,UPI,Completed,2025-03
ORD104588,2025-08-26,CUST10031,North,Marketplace,Furniture,Bookshelf,1,3582.76,0.15,3045.35,UPI,Completed,2025-08
ORD104589,2025-10-15,CUST10205,East,Website,Home & Kitchen,Coffee Maker,3,1777.7,0.0,5333.1,UPI,Completed,2025-10
ORD104590,2025-07-29,CUST10730,South,Website,Electronics,Smartphone,2,44087.02,0.05,83765.34,UPI,Completed,2025-07
ORD104591,2025-12-24,CUST10564,West,Mobile App,Beauty,Shampoo,4,4243.85,0.1,15277.86,Credit Card,Completed,2025-12
ORD104592,2025-11-13,CUST10466,South,Marketplace,Electronics,Smartphone,2,36241.46,0.1,65234.63,Credit Card,Completed,2025-11
ORD104593,2025-06-11,CUST10059,East,Website,Electronics,Headphones,1,31311.6,0.15,0.0,UPI,Cancelled,2025-06
ORD104594,2025-01-23,CUST10791,West,Website,Fashion,Jacket,2,3158.96,0.15,5370.23,UPI,Completed,2025-01
ORD104595,2025-01-07,CUST10061,North,Mobile App,Furniture,Bookshelf,2,2320.56,0.15,3944.95,UPI,Completed,2025-01
ORD104596,2025-03-18,CUST10765,West,Mobile App,Home & Kitchen,Air Fryer,1,2620.17,0.15,2227.14,Credit Card,Completed,2025-03
ORD104597,2025-08-02,CUST10324,East,Mobile App,Fashion,Jeans,1,510.35,0.0,510.35,Net Banking,Completed,2025-08
ORD104598,2025-06-12,CUST10261,North,Marketplace,Home & Kitchen,Vacuum Cleaner,2,2227.41,0.15,3786.6,Net Banking,Completed,2025-06
ORD104599,2025-08-30,CUST10080,West,Website,Electronics,Smartphone,1,2686.94,0.25,2015.2,Debit Card,Completed,2025-08
ORD104600,2025-08-09,CUST10766,Central,Mobile App,Beauty,Shampoo,4,391.84,0.05,1488.99,Net Banking,Completed,2025-08
ORD104601,2025-08-16,CUST10692,South,Marketplace,Fashion,T-Shirt,1,2806.81,0.2,2245.45,UPI,Completed,2025-08
ORD104602,2025-09-23,CUST10406,West,Mobile App,Home & Kitchen,Cookware Set,3,1346.82,0.05,3838.44,Credit Card,Completed,2025-09
ORD104603,2025-08-23,CUST10389,South,Website,Home & Kitchen,Cookware Set,4,809.42,0.0,3237.68,Credit Card,Completed,2025-08
ORD104604,2025-04-23,CUST10108,West,Website,Beauty,Shampoo,4,2035.96,0.2,6515.07,Debit Card,Completed,2025-04
ORD104605,2025-10-11,CUST10883,South,Website,Beauty,Shampoo,2,514.11,0.05,976.81,Credit Card,Completed,2025-10
ORD104606,2025-09-10,CUST10259,South,Marketplace,Fashion,Jacket,2,2341.12,0.15,3979.9,Credit Card,Completed,2025-09
ORD104607,2025-08-20,CUST10713,West,Marketplace,Electronics,Smartphone,2,20428.66,0.1,36771.59,Cash on Delivery,Completed,2025-08
ORD104608,2025-06-01,CUST10413,South,Marketplace,Electronics,Laptop,1,9082.99,0.1,8174.69,UPI,Completed,2025-06
ORD104609,2025-02-11,CUST10544,West,Mobile App,Beauty,Shampoo,3,2694.2,0.1,7274.34,Debit Card,Completed,2025-02
ORD104610,2025-07-12,CUST10073,South,Website,Fashion,Jeans,1,4298.45,0.25,3223.84,UPI,Completed,2025-07
ORD104611,2025-02-02,CUST10305,North,Mobile App,Beauty,Moisturizer,5,955.89,0.0,4779.45,UPI,Completed,2025-02
ORD104612,2025-07-13,CUST10584,North,Website,Home & Kitchen,Cookware Set,1,3366.01,0.2,0.0,Debit Card,Cancelled,2025-07
ORD104613,2025-04-06,CUST10404,West,Marketplace,Fashion,Jeans,2,4826.94,0.15,8205.8,Net Banking,Completed,2025-04
ORD104614,2025-02-15,CUST10583,Central,Marketplace,Electronics,Headphones,2,3464.92,0.15,5890.36,UPI,Completed,2025-02
ORD104615,2025-05-08,CUST10397,South,Marketplace,Beauty,Sunscreen,1,575.75,0.05,546.96,Cash on Delivery,Completed,2025-05
ORD104616,2025-05-18,CUST10789,South,Website,Furniture,Sofa,3,3099.09,0.15,7902.68,Cash on Delivery,Completed,2025-05
ORD104617,2025-08-19,CUST10424,North,Mobile App,Home & Kitchen,Coffee Maker,2,5354.12,0.2,8566.59,Cash on Delivery,Completed,2025-08
ORD104618,2025-03-28,CUST10072,North,Website,Beauty,Shampoo,5,1348.42,0.25,5056.58,Net Banking,Completed,2025-03
ORD104619,2025-02-01,CUST10834,West,Mobile App,Beauty,Face Wash,1,1581.57,0.1,1423.41,UPI,Completed,2025-02
ORD104620,2025-04-09,CUST10359,North,Website,Fashion,T-Shirt,2,1304.13,0.1,2347.43,Credit Card,Completed,2025-04
ORD104621,2025-01-15,CUST10717,West,Mobile App,Fashion,Backpack,2,1675.51,0.15,2848.37,Credit Card,Completed,2025-01
ORD104622,2025-07-04,CUST10480,Central,Marketplace,Fashion,Jacket,1,1821.49,0.05,1730.42,Cash on Delivery,Completed,2025-07
ORD104623,2025-09-15,CUST10673,Central,Marketplace,Fashion,Jeans,4,5022.54,0.15,17076.64,Debit Card,Completed,2025-09
ORD104624,2025-05-27,CUST10298,South,Website,Electronics,Monitor,1,9156.44,0.15,7782.97,Debit Card,Completed,2025-05
ORD104625,2025-11-15,CUST10088,South,Mobile App,Home & Kitchen,Air Fryer,1,7090.4,0.1,6381.36,UPI,Completed,2025-11
ORD104626,2025-05-31,CUST10729,North,Marketplace,Furniture,Study Table,1,19109.16,0.15,16242.79,UPI,Completed,2025-05
ORD104627,2025-12-26,CUST10451,North,Mobile App,Fashion,Backpack,1,407.77,0.15,346.6,Cash on Delivery,Completed,2025-12
ORD104628,2025-08-25,CUST10789,Central,Website,Home & Kitchen,Mixer Grinder,3,1219.2,0.1,3291.84,Net Banking,Completed,2025-08
ORD104629,2025-08-23,CUST10492,West,Mobile App,Fashion,Sneakers,1,462.96,0.1,0.0,Debit Card,Cancelled,2025-08
ORD104630,2025-01-12,CUST10312,South,Marketplace,Fashion,Backpack,5,772.91,0.05,3671.32,Credit Card,Completed,2025-01
ORD104631,2025-06-21,CUST10803,West,Website,Beauty,Shampoo,1,1344.39,0.1,1209.95,Credit Card,Completed,2025-06
ORD104632,2025-11-17,CUST10808,East,Website,Home & Kitchen,Air Fryer,1,11922.59,0.15,10134.2,UPI,Completed,2025-11
ORD104633,2025-10-08,CUST10444,East,Website,Fashion,Jacket,3,609.59,0.15,1554.45,UPI,Completed,2025-10
ORD104634,2025-11-09,CUST10809,East,Website,Furniture,Study Table,2,6065.03,0.2,9704.05,Credit Card,Completed,2025-11
ORD104635,2025-11-24,CUST10836,North,Marketplace,Fashion,Jacket,1,2469.54,0.1,2222.59,Cash on Delivery,Completed,2025-11
ORD104636,2025-11-21,CUST10437,Unknown,Mobile App,Home & Kitchen,Mixer Grinder,1,1471.76,0.0,0.0,UPI,Returned,2025-11
ORD104637,2025-10-21,CUST10028,West,Marketplace,Electronics,Monitor,3,7145.03,0.05,20363.34,Net Banking,Completed,2025-10
ORD104638,2025-05-13,CUST10679,South,Mobile App,Beauty,Face Wash,2,1547.97,0.0,3095.94,UPI,Completed,2025-05
ORD104639,2025-04-13,CUST10003,East,Website,Fashion,Backpack,1,1700.46,0.05,1615.44,UPI,Completed,2025-04
ORD104640,2025-06-14,CUST10336,East,Mobile App,Fashion,Backpack,1,568.85,0.1,511.97,UPI,Completed,2025-06
ORD104641,2025-08-11,CUST10713,Central,Website,Home & Kitchen,Air Fryer,2,4324.07,0.1,7783.33,Cash on Delivery,Completed,2025-08
ORD104642,2025-12-24,CUST10206,North,Website,Electronics,Smartphone,1,1002.73,0.25,752.05,Credit Card,Completed,2025-12
ORD104643,2025-12-26,CUST10491,North,Website,Fashion,T-Shirt,1,719.24,0.2,575.39,Credit Card,Completed,2025-12
ORD104644,2025-05-22,CUST10467,East,Mobile App,Furniture,Sofa,1,4689.24,0.25,0.0,Cash on Delivery,Returned,2025-05
ORD104645,2025-10-13,CUST10718,South,Mobile App,Electronics,Headphones,2,34700.73,0.1,62461.31,Debit Card,Completed,2025-10
ORD104646,2025-10-18,CUST10570,North,Mobile App,Fashion,Backpack,1,826.86,0.0,826.86,Net Banking,Completed,2025-10
ORD104647,2025-06-24,CUST10631,South,Mobile App,Furniture,Sofa,3,5279.32,0.15,13462.27,Credit Card,Completed,2025-06
ORD104648,2025-03-17,CUST10342,East,Marketplace,Beauty,Face Wash,3,859.2,0.0,2577.6,UPI,Completed,2025-03
ORD104649,2025-03-08,CUST10720,South,Mobile App,Beauty,Moisturizer,2,2257.97,0.15,3838.55,UPI,Completed,2025-03
ORD104650,2025-10-05,CUST10816,East,Marketplace,Fashion,Jeans,1,3280.14,0.1,0.0,Debit Card,Cancelled,2025-10
ORD104651,2025-12-19,CUST10781,East,Mobile App,Beauty,Moisturizer,1,2590.33,0.15,2201.78,Debit Card,Completed,2025-12
ORD104652,2025-04-19,CUST10546,Central,Website,Beauty,Moisturizer,3,308.81,0.05,880.11,Credit Card,Completed,2025-04
ORD104653,2025-10-26,CUST10704,West,Marketplace,Electronics,Headphones,2,1889.56,0.1,3401.21,UPI,Completed,2025-10
ORD104654,2025-06-08,CUST10134,South,Website,Electronics,Laptop,2,2567.43,0.05,4878.12,Credit Card,Completed,2025-06
ORD104655,2025-10-23,CUST10595,North,Mobile App,Beauty,Perfume,1,372.31,0.1,335.08,UPI,Completed,2025-10
ORD104656,2025-10-31,CUST10129,North,Mobile App,Electronics,Smartwatch,2,69270.93,0.0,138541.86,UPI,Completed,2025-10
ORD104657,2025-05-09,CUST10678,West,Mobile App,Home & Kitchen,Vacuum Cleaner,2,7931.35,0.05,15069.57,UPI,Completed,2025-05
ORD104658,2025-11-20,CUST10379,East,Website,Beauty,Moisturizer,5,1161.31,0.1,5225.89,Cash on Delivery,Completed,2025-11
ORD104659,2025-07-08,CUST10872,South,Website,Furniture,Study Table,1,32259.78,0.1,29033.8,Cash on Delivery,Completed,2025-07
ORD104660,2025-04-26,CUST10069,South,Mobile App,Beauty,Perfume,2,483.34,0.2,0.0,Credit Card,Returned,2025-04
ORD104661,2025-01-17,CUST10332,West,Marketplace,Fashion,Sneakers,5,5245.43,0.15,22293.08,Debit Card,Completed,2025-01
ORD104662,2025-10-03,CUST10507,West,Mobile App,Furniture,Sofa,2,21451.06,0.1,38611.91,Debit Card,Completed,2025-10
ORD104663,2025-04-30,CUST10145,North,Website,Fashion,Backpack,3,508.79,0.1,1373.73,UPI,Completed,2025-04
ORD104664,2025-09-13,CUST10139,Central,Mobile App,Electronics,Headphones,2,63925.92,0.15,108674.06,Cash on Delivery,Completed,2025-09
ORD104665,2025-10-20,CUST10204,East,Website,Home & Kitchen,Vacuum Cleaner,3,11570.17,0.05,0.0,Net Banking,Returned,2025-10
ORD104666,2025-05-26,CUST10098,South,Website,Beauty,Face Wash,1,1579.64,0.0,1579.64,Debit Card,Completed,2025-05
ORD104667,2025-09-01,CUST10408,Central,Website,Beauty,Face Wash,4,720.22,0.1,0.0,UPI,Cancelled,2025-09
ORD104668,2025-09-25,CUST10321,West,Marketplace,Furniture,Bookshelf,3,12526.48,0.25,28184.58,Debit Card,Completed,2025-09
ORD104669,2025-10-17,CUST10312,East,Mobile App,Beauty,Perfume,1,316.65,0.25,237.49,Cash on Delivery,Completed,2025-10
ORD104670,2025-01-11,CUST10180,East,Marketplace,Electronics,Laptop,1,28585.66,0.1,25727.09,Cash on Delivery,Completed,2025-01
ORD104671,2025-10-04,CUST10243,South,Website,Beauty,Face Wash,1,4425.12,0.1,3982.61,Credit Card,Completed,2025-10
ORD104672,2025-03-07,CUST10188,West,Mobile App,Home & Kitchen,Coffee Maker,1,4016.24,0.05,3815.43,Cash on Delivery,Completed,2025-03
ORD104673,2025-08-02,CUST10724,North,Mobile App,Home & Kitchen,Air Fryer,2,8444.57,0.15,0.0,UPI,Cancelled,2025-08
ORD104674,2025-08-11,CUST10460,Central,Website,Fashion,Backpack,5,638.64,0.1,2873.88,Net Banking,Completed,2025-08
ORD104675,2025-05-25,CUST10458,West,Marketplace,Home & Kitchen,Coffee Maker,1,2520.11,0.05,2394.1,Credit Card,Completed,2025-05
ORD104676,2025-07-28,CUST10519,West,Marketplace,Fashion,Jacket,5,507.25,0.1,2282.62,Cash on Delivery,Completed,2025-07
ORD104677,2025-09-05,CUST10876,North,Mobile App,Fashion,Sneakers,1,4346.03,0.1,3911.43,UPI,Completed,2025-09
ORD104678,2025-03-01,CUST10373,South,Website,Beauty,Sunscreen,1,1524.08,0.1,1371.67,Net Banking,Completed,2025-03
ORD104679,2025-03-01,CUST10766,South,Marketplace,Electronics,Headphones,3,59424.47,0.0,178273.41,Credit Card,Completed,2025-03
ORD104680,2025-03-20,CUST10887,East,Marketplace,Fashion,Backpack,4,1933.58,0.1,6960.89,Credit Card,Completed,2025-03
ORD104681,2025-05-04,CUST10410,North,Marketplace,Electronics,Smartwatch,1,50277.42,0.2,40221.94,UPI,Completed,2025-05
ORD104682,2025-04-17,CUST10394,Central,Website,Electronics,Laptop,4,1370.26,0.05,5206.99,UPI,Completed,2025-04
ORD104683,2025-06-20,CUST10351,West,Marketplace,Beauty,Sunscreen,1,1895.64,0.2,1516.51,Cash on Delivery,Completed,2025-06
ORD104684,2025-11-09,CUST10388,North,Website,Furniture,Bookshelf,2,11408.39,0.0,22816.78,Credit Card,Completed,2025-11
ORD104685,2025-01-25,CUST10182,Central,Mobile App,Electronics,Laptop,1,1468.99,0.2,1175.19,Net Banking,Completed,2025-01
ORD104686,2025-04-27,CUST10702,West,Mobile App,Home & Kitchen,Vacuum Cleaner,5,1126.87,0.05,5352.63,Cash on Delivery,Completed,2025-04
ORD104687,2025-02-23,CUST10488,South,Marketplace,Furniture,Bookshelf,1,2390.94,0.25,1793.2,Cash on Delivery,Completed,2025-02
ORD104688,2025-02-19,CUST10628,South,Website,Electronics,Monitor,1,992.08,0.1,793.66,Credit Card,Completed,2025-02
ORD104689,2025-10-26,CUST10583,South,Marketplace,Furniture,Sofa,1,9987.89,0.05,9488.5,UPI,Completed,2025-10
ORD104690,2025-11-30,CUST10144,Central,Mobile App,Beauty,Shampoo,2,321.71,0.05,611.25,UPI,Completed,2025-11
ORD104691,2025-04-28,CUST10193,East,Mobile App,Fashion,T-Shirt,4,3704.74,0.15,12596.12,Debit Card,Completed,2025-04
ORD104692,2025-04-06,CUST10001,West,Mobile App,Fashion,Jeans,1,1043.44,0.2,834.75,UPI,Completed,2025-04
ORD104693,2025-08-04,CUST10808,North,Marketplace,Beauty,Shampoo,2,2091.92,0.2,3347.07,Cash on Delivery,Completed,2025-08
ORD104694,2025-11-18,CUST10859,South,Marketplace,Fashion,Sneakers,3,645.18,0.05,1838.76,UPI,Completed,2025-11
ORD104695,2025-05-25,CUST10476,West,Website,Home & Kitchen,Coffee Maker,1,13733.3,0.05,13046.63,Debit Card,Completed,2025-05
ORD104696,2025-08-07,CUST10157,West,Mobile App,Beauty,Perfume,3,4258.24,0.2,10219.78,UPI,Completed,2025-08
ORD104697,2025-09-23,CUST10698,West,Mobile App,Fashion,Backpack,3,1222.68,0.05,3484.64,Credit Card,Completed,2025-09
ORD104698,2025-01-09,CUST10691,East,Website,Home & Kitchen,Mixer Grinder,4,807.63,0.05,3068.99,UPI,Completed,2025-01
ORD104699,2025-10-21,CUST10245,North,Website,Fashion,Backpack,2,3035.87,0.1,5464.57,Credit Card,Completed,2025-10
ORD104700,2025-03-17,CUST10530,Central,Mobile App,Fashion,T-Shirt,5,1190.63,0.0,5953.15,Net Banking,Completed,2025-03
ORD104701,2025-02-14,CUST10395,West,Mobile App,Fashion,T-Shirt,2,807.02,0.0,1614.04,Debit Card,Completed,2025-02
ORD104702,2025-10-30,CUST10536,Central,Mobile App,Electronics,Smartphone,4,6567.52,0.1,0.0,Cash on Delivery,Cancelled,2025-10
ORD104703,2025-01-13,CUST10439,South,Mobile App,Furniture,Study Table,2,6021.82,0.1,10839.28,Net Banking,Completed,2025-01
ORD104704,2025-12-17,CUST10171,Central,Website,Fashion,T-Shirt,1,2942.87,0.2,2354.3,Credit Card,Completed,2025-12
ORD104705,2025-06-03,CUST10872,North,Marketplace,Beauty,Perfume,3,684.88,0.15,1746.44,Cash on Delivery,Completed,2025-06
ORD104706,2025-01-04,CUST10019,North,Website,Electronics,Smartwatch,2,3726.33,0.1,6707.39,Cash on Delivery,Completed,2025-01
ORD104707,2025-03-08,CUST10260,East,Marketplace,Fashion,T-Shirt,3,2285.88,0.1,6171.88,Credit Card,Completed,2025-03
ORD104708,2025-09-07,CUST10679,South,Website,Furniture,Sofa,1,2280.67,0.1,2052.6,Net Banking,Completed,2025-09
ORD104709,2025-12-09,CUST10219,East,Mobile App,Home & Kitchen,Mixer Grinder,1,5839.0,0.2,4671.2,Credit Card,Completed,2025-12
ORD104710,2025-07-13,CUST10571,South,Website,Electronics,Headphones,4,1053.96,0.1,3794.26,UPI,Completed,2025-07
ORD104711,2025-02-01,CUST10436,North,Marketplace,Fashion,Sneakers,2,2347.75,0.1,4225.95,Debit Card,Completed,2025-02
ORD104712,2025-08-24,CUST10052,West,Mobile App,Furniture,Bookshelf,2,6357.45,0.15,10807.66,UPI,Completed,2025-08
ORD104713,2025-06-26,CUST10831,East,Mobile App,Electronics,Headphones,1,7107.82,0.05,6752.43,Net Banking,Completed,2025-06
ORD104714,2025-08-15,CUST10347,West,Mobile App,Electronics,Laptop,1,2647.83,0.15,2250.66,Cash on Delivery,Completed,2025-08
ORD104715,2025-07-03,CUST10112,North,Mobile App,Fashion,Jeans,1,869.4,0.05,825.93,UPI,Completed,2025-07
ORD104716,2025-02-26,CUST10565,West,Website,Beauty,Sunscreen,1,504.53,0.2,403.62,Debit Card,Completed,2025-02
ORD104717,2025-11-18,CUST10758,West,Mobile App,Home & Kitchen,Coffee Maker,3,10502.42,0.1,28356.53,Debit Card,Completed,2025-11
ORD104718,2025-10-20,CUST10508,North,Website,Electronics,Monitor,3,16180.5,0.15,41260.28,UPI,Completed,2025-10
ORD104719,2025-08-22,CUST10400,West,Website,Beauty,Sunscreen,1,1688.81,0.1,1519.93,Cash on Delivery,Completed,2025-08
ORD104720,2025-10-10,CUST10543,North,Mobile App,Furniture,Office Chair,1,22266.3,0.1,20039.67,Debit Card,Completed,2025-10
ORD104721,2025-02-20,CUST10254,South,Marketplace,Home & Kitchen,Cookware Set,3,4436.51,0.05,12644.05,Net Banking,Completed,2025-02
ORD104722,2025-04-10,CUST10804,North,Mobile App,Furniture,Sofa,1,13532.63,0.1,12179.37,Net Banking,Completed,2025-04
ORD104723,2025-04-14,CUST10476,West,Website,Electronics,Smartphone,1,21234.23,0.1,19110.81,Credit Card,Completed,2025-04
ORD104724,2025-07-29,CUST10028,West,Website,Home & Kitchen,Air Fryer,2,7526.02,0.2,0.0,Credit Card,Returned,2025-07
ORD104725,2025-06-16,CUST10551,East,Mobile App,Beauty,Perfume,2,4505.94,0.05,8561.29,Credit Card,Completed,2025-06
ORD104726,2025-06-21,CUST10621,South,Mobile App,Electronics,Smartphone,1,31375.91,0.05,29807.11,Debit Card,Completed,2025-06
ORD104727,2025-10-17,CUST10524,South,Marketplace,Furniture,Bedside Table,1,2695.64,0.2,2156.51,Debit Card,Completed,2025-10
ORD104728,2025-08-07,CUST10585,West,Mobile App,Furniture,Study Table,1,12845.75,0.0,12845.75,UPI,Completed,2025-08
ORD104729,2025-02-15,CUST10410,North,Mobile App,Home & Kitchen,Cookware Set,1,890.77,0.1,801.69,Credit Card,Completed,2025-02
ORD104730,2025-09-10,CUST10278,West,Mobile App,Home & Kitchen,Coffee Maker,1,1869.76,0.15,1589.3,Debit Card,Completed,2025-09
ORD104731,2025-12-23,CUST10619,South,Marketplace,Furniture,Bedside Table,3,4022.12,0.1,10859.72,Credit Card,Completed,2025-12
ORD104732,2025-10-26,CUST10739,South,Mobile App,Beauty,Moisturizer,1,4543.18,0.1,4088.86,Cash on Delivery,Completed,2025-10
ORD104733,2025-06-22,CUST10735,Central,Website,Fashion,T-Shirt,5,3493.04,0.25,13098.9,UPI,Completed,2025-06
ORD104734,2025-10-10,CUST10190,West,Mobile App,Home & Kitchen,Vacuum Cleaner,1,1635.08,0.15,1389.82,Credit Card,Completed,2025-10
ORD104735,2025-10-29,CUST10061,North,Website,Furniture,Sofa,3,23753.08,0.05,67696.28,UPI,Completed,2025-10
ORD104736,2025-04-04,CUST10027,Central,Mobile App,Fashion,Jeans,3,966.63,0.15,2464.91,UPI,Completed,2025-04
ORD104737,2025-11-09,CUST10219,West,Website,Home & Kitchen,Vacuum Cleaner,4,786.28,0.15,2673.35,Net Banking,Completed,2025-11
ORD104738,2025-02-07,CUST10626,North,Marketplace,Beauty,Face Wash,2,906.35,0.15,1540.8,Cash on Delivery,Completed,2025-02
ORD104739,2025-10-02,CUST10063,South,Website,Home & Kitchen,Cookware Set,2,6777.94,0.0,13555.88,UPI,Completed,2025-10
ORD104740,2025-01-10,CUST10268,East,Website,Furniture,Office Chair,1,26473.91,0.1,23826.52,UPI,Completed,2025-01
ORD104741,2025-02-07,CUST10229,South,Mobile App,Beauty,Moisturizer,1,3203.92,0.0,3203.92,UPI,Completed,2025-02
ORD104742,2025-06-08,CUST10319,South,Mobile App,Electronics,Headphones,1,29261.86,0.15,0.0,Debit Card,Cancelled,2025-06
ORD104743,2025-08-23,CUST10067,East,Marketplace,Fashion,Sneakers,1,2781.65,0.15,2364.4,Credit Card,Completed,2025-08
ORD104744,2025-02-07,CUST10356,North,Mobile App,Fashion,Jacket,1,1085.8,0.15,922.93,UPI,Completed,2025-02
ORD104745,2025-11-16,CUST10862,East,Mobile App,Beauty,Sunscreen,2,2535.39,0.0,5070.78,Cash on Delivery,Completed,2025-11
ORD104746,2025-11-14,CUST10013,North,Mobile App,Home & Kitchen,Mixer Grinder,1,5066.24,0.0,0.0,Debit Card,Cancelled,2025-11
ORD104747,2025-12-20,CUST10665,South,Mobile App,Electronics,Laptop,2,2890.9,0.1,5203.62,Credit Card,Completed,2025-12
ORD104748,2025-07-01,CUST10454,North,Website,Beauty,Sunscreen,2,3765.45,0.05,7154.35,Debit Card,Completed,2025-07
ORD104749,2025-01-28,CUST10531,East,Marketplace,Beauty,Moisturizer,1,3824.38,0.2,3059.5,Net Banking,Completed,2025-01
ORD104750,2025-09-18,CUST10219,West,Mobile App,Home & Kitchen,Vacuum Cleaner,1,4792.6,0.1,4313.34,Debit Card,Completed,2025-09
ORD104751,2025-11-27,CUST10144,South,Website,Furniture,Office Chair,1,14470.7,0.1,13023.63,UPI,Completed,2025-11
ORD104752,2025-02-02,CUST10147,South,Mobile App,Electronics,Headphones,2,8304.93,0.25,12457.4,Credit Card,Completed,2025-02
ORD104753,2025-01-05,CUST10430,North,Mobile App,Furniture,Sofa,4,7780.74,0.2,24898.37,Debit Card,Completed,2025-01
ORD104754,2025-09-20,CUST10060,South,Website,Home & Kitchen,Cookware Set,3,2005.0,0.1,5413.5,Net Banking,Completed,2025-09
ORD104755,2025-06-16,CUST10783,North,Website,Fashion,Jeans,1,504.59,0.1,454.13,UPI,Completed,2025-06
ORD104756,2025-03-20,CUST10181,Central,Mobile App,Beauty,Sunscreen,2,1097.78,0.05,2085.78,Net Banking,Completed,2025-03
ORD104757,2025-06-15,CUST10888,East,Marketplace,Home & Kitchen,Mixer Grinder,1,16779.44,0.1,15101.5,Debit Card,Completed,2025-06
ORD104758,2025-10-02,CUST10626,West,Website,Electronics,Smartphone,1,2026.15,0.2,1620.92,Cash on Delivery,Completed,2025-10
ORD104759,2025-04-04,CUST10537,South,Website,Beauty,Shampoo,2,368.4,0.2,589.44,Credit Card,Completed,2025-04
ORD104760,2025-03-05,CUST10048,East,Mobile App,Home & Kitchen,Coffee Maker,1,5824.82,0.05,5533.58,UPI,Completed,2025-03
ORD104761,2025-02-04,CUST10847,South,Mobile App,Home & Kitchen,Coffee Maker,1,858.09,0.05,815.19,UPI,Completed,2025-02
ORD104762,2025-03-29,CUST10129,North,Mobile App,Fashion,Jeans,2,1042.53,0.2,1668.05,Debit Card,Completed,2025-03
ORD104763,2025-06-05,CUST10633,West,Mobile App,Beauty,Moisturizer,1,665.6,0.15,565.76,Credit Card,Completed,2025-06
ORD104764,2025-12-22,CUST10594,North,Mobile App,Home & Kitchen,Coffee Maker,3,6496.98,0.05,18516.39,UPI,Completed,2025-12
ORD104765,2025-06-27,CUST10518,South,Mobile App,Furniture,Office Chair,1,3641.38,0.15,3095.17,Credit Card,Completed,2025-06
ORD104766,2025-12-23,CUST10076,North,Website,Home & Kitchen,Mixer Grinder,2,6846.74,0.15,11639.46,UPI,Completed,2025-12
ORD104767,2025-06-01,CUST10745,South,Mobile App,Electronics,Smartphone,4,4625.86,0.15,15727.92,UPI,Completed,2025-06
ORD104768,2025-07-26,CUST10638,North,Mobile App,Beauty,Sunscreen,3,2701.51,0.15,6888.85,Debit Card,Completed,2025-07
ORD104769,2025-09-06,CUST10499,South,Marketplace,Beauty,Face Wash,1,1829.28,0.0,1829.28,UPI,Completed,2025-09
ORD104770,2025-12-24,CUST10180,Unknown,Website,Furniture,Study Table,2,16256.65,0.1,29261.97,UPI,Completed,2025-12
ORD104771,2025-07-20,CUST10210,North,Website,Fashion,Jacket,1,3412.7,0.15,2900.79,Net Banking,Completed,2025-07
ORD104772,2025-02-15,CUST10700,South,Website,Electronics,Laptop,3,61595.86,0.05,175548.2,Credit Card,Completed,2025-02
ORD104773,2025-08-19,CUST10856,Central,Marketplace,Beauty,Moisturizer,5,745.38,0.0,3726.9,UPI,Completed,2025-08
ORD104774,2025-04-25,CUST10566,West,Mobile App,Furniture,Sofa,1,4230.23,0.15,3595.7,Net Banking,Completed,2025-04
ORD104775,2025-03-07,CUST10338,West,Marketplace,Electronics,Monitor,2,32604.02,0.05,61947.64,Net Banking,Completed,2025-03
ORD104776,2025-07-25,CUST10826,Central,Website,Furniture,Bedside Table,2,1923.94,0.1,3463.09,Cash on Delivery,Completed,2025-07
ORD104777,2025-08-09,CUST10407,West,Mobile App,Home & Kitchen,Vacuum Cleaner,1,11309.89,0.2,9047.91,Net Banking,Completed,2025-08
ORD104778,2025-09-09,CUST10049,Central,Marketplace,Home & Kitchen,Mixer Grinder,1,10235.43,0.05,9723.66,Net Banking,Completed,2025-09
ORD104779,2025-09-15,CUST10370,South,Mobile App,Electronics,Smartwatch,2,1462.07,0.1,2631.73,Debit Card,Completed,2025-09
ORD104780,2025-06-12,CUST10051,South,Mobile App,Beauty,Sunscreen,4,1877.11,0.1,6757.6,Cash on Delivery,Completed,2025-06
ORD104781,2025-08-16,CUST10751,Central,Website,Beauty,Face Wash,3,3296.72,0.15,8406.64,Debit Card,Completed,2025-08
ORD104782,2025-08-23,CUST10129,South,Website,Fashion,Sneakers,1,1853.83,0.05,1761.14,Debit Card,Completed,2025-08
ORD104783,2025-01-18,CUST10370,Central,Mobile App,Electronics,Headphones,2,2142.6,0.1,3856.68,Credit Card,Completed,2025-01
ORD104784,2025-12-26,CUST10099,North,Marketplace,Beauty,Perfume,1,3486.43,0.1,3137.79,UPI,Completed,2025-12
ORD104785,2025-10-15,CUST10258,North,Marketplace,Electronics,Smartphone,4,3625.57,0.1,13052.05,Debit Card,Completed,2025-10
ORD104786,2025-01-18,CUST10416,Central,Website,Furniture,Study Table,1,2654.7,0.05,2521.96,UPI,Completed,2025-01
ORD104787,2025-08-10,CUST10238,Central,Website,Electronics,Monitor,1,19481.86,0.1,17533.67,Net Banking,Completed,2025-08
ORD104788,2025-04-14,CUST10427,West,Website,Beauty,Face Wash,1,302.37,0.15,0.0,UPI,Cancelled,2025-04
ORD104789,2025-01-31,CUST10619,West,Mobile App,Fashion,Jeans,1,696.67,0.1,627.0,UPI,Completed,2025-01
ORD104790,2025-06-22,CUST10234,South,Mobile App,Home & Kitchen,Coffee Maker,2,5390.17,0.15,9163.29,Credit Card,Completed,2025-06
ORD104791,2025-05-14,CUST10494,West,Mobile App,Home & Kitchen,Vacuum Cleaner,1,8802.16,0.1,7921.94,UPI,Completed,2025-05
ORD104792,2025-11-09,CUST10119,West,Mobile App,Electronics,Smartwatch,2,40428.29,0.1,72770.92,Net Banking,Completed,2025-11
ORD104793,2025-01-21,CUST10603,East,Website,Home & Kitchen,Coffee Maker,1,851.07,0.15,723.41,Credit Card,Completed,2025-01
ORD104794,2025-05-26,CUST10310,East,Mobile App,Beauty,Shampoo,2,639.75,0.1,1151.55,UPI,Completed,2025-05
ORD104795,2025-08-26,CUST10273,East,Marketplace,Furniture,Sofa,1,8289.87,0.15,7046.39,UPI,Completed,2025-08
ORD104796,2025-03-30,CUST10095,South,Marketplace,Fashion,Backpack,1,440.71,0.1,396.64,Credit Card,Completed,2025-03
ORD104797,2025-03-30,CUST10012,North,Marketplace,Beauty,Face Wash,2,2631.5,0.1,4473.55,UPI,Completed,2025-03
ORD104798,2025-10-28,CUST10641,South,Mobile App,Beauty,Perfume,1,638.16,0.2,510.53,Cash on Delivery,Completed,2025-10
ORD104799,2025-06-03,CUST10860,Central,Marketplace,Beauty,Sunscreen,3,1787.8,0.15,4558.89,Credit Card,Completed,2025-06
ORD104800,2025-07-01,CUST10588,North,Marketplace,Furniture,Sofa,2,3705.25,0.1,6669.45,UPI,Completed,2025-07
ORD104801,2025-10-24,CUST10551,North,Mobile App,Fashion,T-Shirt,2,1534.91,0.0,3069.82,Debit Card,Completed,2025-10
ORD104802,2025-04-28,CUST10267,East,Website,Fashion,Jeans,2,614.85,0.0,1229.7,UPI,Completed,2025-04
ORD104803,2025-10-12,CUST10120,Central,Mobile App,Electronics,Monitor,5,2875.73,0.15,12221.85,UPI,Completed,2025-10
ORD104804,2025-03-06,CUST10479,West,Website,Electronics,Headphones,3,15152.85,0.15,38639.77,Net Banking,Completed,2025-03
ORD104805,2025-01-21,CUST10663,North,Website,Fashion,T-Shirt,1,694.21,0.15,590.08,Debit Card,Completed,2025-01
ORD104806,2025-08-08,CUST10731,West,Marketplace,Beauty,Perfume,3,356.15,0.05,1015.03,Cash on Delivery,Completed,2025-08
ORD104807,2025-05-02,CUST10797,East,Marketplace,Fashion,Backpack,4,491.16,0.1,0.0,UPI,Cancelled,2025-05
ORD104808,2025-05-25,CUST10797,West,Website,Furniture,Study Table,2,20025.91,0.1,36046.64,Net Banking,Completed,2025-05
ORD104809,2025-07-12,CUST10511,West,Website,Fashion,Sneakers,1,414.66,0.15,352.46,Net Banking,Completed,2025-07
ORD104810,2025-02-26,CUST10812,Central,Mobile App,Fashion,Jacket,2,1114.08,0.15,1893.94,Cash on Delivery,Completed,2025-02
ORD104811,2025-12-19,CUST10397,North,Mobile App,Beauty,Shampoo,1,268.28,0.2,214.62,Credit Card,Completed,2025-12
ORD104812,2025-09-24,CUST10269,South,Marketplace,Furniture,Sofa,4,5899.22,0.1,21237.19,Cash on Delivery,Completed,2025-09
ORD104813,2025-02-13,CUST10103,Central,Website,Electronics,Monitor,1,1304.86,0.25,978.64,UPI,Completed,2025-02
ORD104814,2025-10-04,CUST10829,South,Mobile App,Furniture,Office Chair,2,9820.67,0.1,17677.21,Net Banking,Completed,2025-10
ORD104815,2025-05-27,CUST10815,West,Website,Fashion,Jacket,3,3971.26,0.2,0.0,Net Banking,Returned,2025-05
ORD104816,2025-12-19,CUST10634,South,Marketplace,Electronics,Smartphone,2,4459.65,0.05,0.0,UPI,Returned,2025-12
ORD104817,2025-05-13,CUST10505,South,Marketplace,Electronics,Monitor,4,3271.57,0.2,10469.02,Debit Card,Completed,2025-05
ORD104818,2025-05-14,CUST10062,East,Website,Beauty,Moisturizer,3,1846.83,0.1,4986.44,Debit Card,Completed,2025-05
ORD104819,2025-10-30,CUST10561,West,Mobile App,Furniture,Study Table,1,1974.1,0.2,1579.28,Debit Card,Completed,2025-10
ORD104820,2025-03-06,CUST10230,South,Website,Furniture,Bookshelf,2,19929.06,0.0,39858.12,UPI,Completed,2025-03
ORD104821,2025-12-16,CUST10891,North,Mobile App,Beauty,Face Wash,3,299.41,0.2,718.58,Cash on Delivery,Completed,2025-12
ORD104822,2025-10-23,CUST10843,South,Mobile App,Fashion,Backpack,1,3772.26,0.05,3583.65,UPI,Completed,2025-10
ORD104823,2025-11-10,CUST10306,North,Marketplace,Fashion,Jacket,3,1061.19,0.15,2706.03,Net Banking,Completed,2025-11
ORD104824,2025-04-28,CUST10149,South,Mobile App,Electronics,Laptop,1,41770.14,0.25,31327.6,UPI,Completed,2025-04
ORD104825,2025-10-28,CUST10553,East,Mobile App,Furniture,Sofa,1,10967.2,0.05,10418.84,UPI,Completed,2025-10
ORD104826,2025-05-20,CUST10274,South,Mobile App,Furniture,Sofa,1,23208.68,0.1,20887.81,UPI,Completed,2025-05
ORD104827,2025-04-08,CUST10177,West,Marketplace,Fashion,Jeans,1,2987.97,0.05,2838.57,Debit Card,Completed,2025-04
ORD104828,2025-01-06,CUST10707,North,Website,Electronics,Laptop,3,15261.06,0.0,45783.18,Debit Card,Completed,2025-01
ORD104829,2025-04-16,CUST10558,East,Website,Furniture,Study Table,2,33283.65,0.1,59910.57,Net Banking,Completed,2025-04
ORD104830,2025-01-22,CUST10274,Central,Website,Electronics,Headphones,2,11186.87,0.15,19017.68,Debit Card,Completed,2025-01
ORD104831,2025-02-16,CUST10648,Central,Website,Beauty,Moisturizer,5,636.48,0.1,2864.16,Credit Card,Completed,2025-02
ORD104832,2025-03-09,CUST10302,West,Mobile App,Furniture,Sofa,1,9115.27,0.1,8203.74,Debit Card,Completed,2025-03
ORD104833,2025-08-12,CUST10806,North,Website,Home & Kitchen,Air Fryer,2,857.52,0.2,1372.03,Net Banking,Completed,2025-08
ORD104834,2025-03-10,CUST10253,West,Mobile App,Furniture,Bookshelf,1,6912.75,0.1,6221.48,Debit Card,Completed,2025-03
ORD104835,2025-06-22,CUST10017,West,Website,Furniture,Office Chair,2,10611.24,0.1,19100.23,Net Banking,Completed,2025-06
ORD104836,2025-11-10,CUST10107,North,Mobile App,Fashion,Jeans,2,616.53,0.0,1233.06,Credit Card,Completed,2025-11
ORD104837,2025-09-17,CUST10215,South,Mobile App,Furniture,Bookshelf,2,3459.5,0.05,6573.05,UPI,Completed,2025-09
ORD104838,2025-06-28,CUST10707,North,Website,Beauty,Sunscreen,3,823.55,0.15,2100.05,Credit Card,Completed,2025-06
ORD104839,2025-10-18,CUST10806,South,Marketplace,Fashion,Backpack,1,2010.53,0.15,1708.95,Cash on Delivery,Completed,2025-10
ORD104840,2025-06-06,CUST10474,West,Website,Fashion,Jeans,1,2625.59,0.05,2494.31,Net Banking,Completed,2025-06
ORD104841,2025-10-16,CUST10158,West,Marketplace,Fashion,Jeans,1,694.36,0.05,659.64,Credit Card,Completed,2025-10
ORD104842,2025-05-19,CUST10482,East,Website,Home & Kitchen,Coffee Maker,2,2329.42,0.2,3727.07,Credit Card,Completed,2025-05
ORD104843,2025-08-16,CUST10633,East,Mobile App,Furniture,Bookshelf,3,9334.99,0.15,23804.22,Debit Card,Completed,2025-08
ORD104844,2025-09-30,CUST10263,South,Website,Electronics,Smartwatch,1,1286.46,0.0,1286.46,Credit Card,Completed,2025-09
ORD104845,2025-10-22,CUST10842,South,Website,Furniture,Bedside Table,3,28371.85,0.05,80859.77,Debit Card,Completed,2025-10
ORD104846,2025-11-06,CUST10796,South,Website,Home & Kitchen,Coffee Maker,1,913.08,0.15,776.12,UPI,Completed,2025-11
ORD104847,2025-03-09,CUST10692,South,Website,Fashion,Jeans,1,446.94,0.15,379.9,Credit Card,Completed,2025-03
ORD104848,2025-09-01,CUST10808,South,Website,Electronics,Smartphone,3,1087.93,0.15,2774.22,UPI,Completed,2025-09
ORD104849,2025-11-03,CUST10276,North,Website,Fashion,T-Shirt,2,2179.17,0.05,4140.42,UPI,Completed,2025-11
ORD104850,2025-01-24,CUST10033,North,Marketplace,Furniture,Bedside Table,1,10611.38,0.05,0.0,Net Banking,Cancelled,2025-01
ORD104851,2025-08-04,CUST10286,West,Website,Electronics,Smartwatch,1,4160.89,0.0,0.0,Debit Card,Returned,2025-08
ORD104852,2025-06-22,CUST10812,West,Website,Furniture,Study Table,2,13491.88,0.2,21587.01,Net Banking,Completed,2025-06
ORD104853,2025-08-20,CUST10810,North,Website,Furniture,Bookshelf,3,8273.62,0.15,0.0,Cash on Delivery,Cancelled,2025-08
ORD104854,2025-09-23,CUST10657,North,Mobile App,Furniture,Study Table,1,30994.75,0.15,26345.54,Debit Card,Completed,2025-09
ORD104855,2025-08-06,CUST10243,East,Mobile App,Beauty,Sunscreen,1,2860.19,0.05,2717.18,UPI,Completed,2025-08
ORD104856,2025-01-11,CUST10884,Central,Website,Furniture,Sofa,5,30850.87,0.05,146541.63,Credit Card,Completed,2025-01
ORD104857,2025-12-02,CUST10012,West,Website,Fashion,T-Shirt,1,2892.67,0.2,2314.14,Net Banking,Completed,2025-12
ORD104858,2025-09-27,CUST10360,North,Website,Fashion,Jacket,4,3336.77,0.2,10677.66,Cash on Delivery,Completed,2025-09
ORD104859,2025-07-06,CUST10785,Central,Website,Furniture,Bedside Table,2,2151.88,0.15,3658.2,Debit Card,Completed,2025-07
ORD104860,2025-06-26,CUST10328,North,Mobile App,Furniture,Sofa,2,30237.93,0.1,54428.27,Cash on Delivery,Completed,2025-06
ORD104861,2025-11-03,CUST10035,South,Mobile App,Electronics,Laptop,3,7593.09,0.05,21640.31,Credit Card,Completed,2025-11
ORD104862,2025-11-18,CUST10748,West,Website,Home & Kitchen,Coffee Maker,1,1751.56,0.15,1488.83,Unknown,Completed,2025-11
ORD104863,2025-07-06,CUST10513,South,Mobile App,Beauty,Face Wash,1,1491.6,0.1,1342.44,Cash on Delivery,Completed,2025-07
ORD104864,2025-07-21,CUST10012,North,Website,Electronics,Headphones,1,32544.35,0.1,0.0,UPI,Cancelled,2025-07
ORD104865,2025-11-27,CUST10688,West,Mobile App,Home & Kitchen,Mixer Grinder,1,9939.47,0.1,8945.52,Net Banking,Completed,2025-11
ORD104866,2025-06-12,CUST10801,East,Website,Furniture,Bookshelf,1,16208.52,0.05,0.0,UPI,Cancelled,2025-06
ORD104867,2025-10-30,CUST10776,Central,Mobile App,Fashion,Jacket,1,535.01,0.0,535.01,Cash on Delivery,Completed,2025-10
ORD104868,2025-01-30,CUST10704,South,Marketplace,Electronics,Monitor,4,32429.35,0.2,103773.92,Debit Card,Completed,2025-01
ORD104869,2025-12-22,CUST10108,South,Website,Fashion,Sneakers,1,1584.43,0.25,1188.32,Debit Card,Completed,2025-12
ORD104870,2025-10-05,CUST10370,North,Mobile App,Beauty,Shampoo,4,1673.36,0.0,0.0,Debit Card,Cancelled,2025-10
ORD104871,2025-04-18,CUST10835,North,Website,Fashion,Sneakers,2,3925.94,0.15,6674.1,Debit Card,Completed,2025-04
ORD104872,2025-03-30,CUST10073,South,Website,Furniture,Office Chair,2,9316.82,0.15,15838.59,UPI,Completed,2025-03
ORD104873,2025-11-26,CUST10746,West,Marketplace,Electronics,Monitor,4,4541.15,0.1,16348.14,UPI,Completed,2025-11
ORD104874,2025-06-09,CUST10375,South,Marketplace,Beauty,Moisturizer,1,3767.2,0.1,3390.48,UPI,Completed,2025-06
ORD104875,2025-10-24,CUST10087,West,Website,Electronics,Smartphone,3,23454.36,0.2,56290.46,Net Banking,Completed,2025-10
ORD104876,2025-06-16,CUST10517,East,Mobile App,Home & Kitchen,Vacuum Cleaner,1,3432.79,0.2,2746.23,Debit Card,Completed,2025-06
ORD104877,2025-11-24,CUST10428,Central,Mobile App,Beauty,Face Wash,1,4966.69,0.25,3725.02,Debit Card,Completed,2025-11
ORD104878,2025-04-13,CUST10669,Central,Website,Beauty,Face Wash,3,314.73,0.2,755.35,UPI,Completed,2025-04
ORD104879,2025-06-24,CUST10338,West,Website,Home & Kitchen,Mixer Grinder,1,836.33,0.2,669.06,UPI,Completed,2025-06
ORD104880,2025-08-09,CUST10601,North,Mobile App,Home & Kitchen,Air Fryer,2,7335.01,0.0,14670.02,Debit Card,Completed,2025-08
ORD104881,2025-05-23,CUST10792,North,Mobile App,Electronics,Smartwatch,1,3925.48,0.15,0.0,Cash on Delivery,Cancelled,2025-05
ORD104882,2025-12-15,CUST10153,East,Mobile App,Home & Kitchen,Mixer Grinder,2,4163.55,0.2,6661.68,UPI,Completed,2025-12
ORD104883,2025-07-08,CUST10603,North,Mobile App,Beauty,Moisturizer,2,1240.38,0.2,1984.61,Credit Card,Completed,2025-07
ORD104884,2025-01-03,CUST10389,East,Website,Furniture,Office Chair,1,2426.94,0.2,0.0,UPI,Returned,2025-01
ORD104885,2025-06-28,CUST10116,North,Website,Beauty,Shampoo,1,3494.02,0.1,3144.62,Net Banking,Completed,2025-06
ORD104886,2025-04-28,CUST10029,North,Mobile App,Fashion,Jeans,1,473.34,0.1,0.0,Net Banking,Returned,2025-04
ORD104887,2025-12-22,CUST10099,West,Mobile App,Electronics,Smartwatch,1,66391.29,0.2,53113.03,Net Banking,Completed,2025-12
ORD104888,2025-05-03,CUST10543,South,Website,Electronics,Smartphone,3,57702.72,0.1,0.0,Net Banking,Cancelled,2025-05
ORD104889,2025-11-23,CUST10017,South,Mobile App,Fashion,Sneakers,1,3745.04,0.1,3370.54,UPI,Completed,2025-11
ORD104890,2025-11-18,CUST10540,South,Website,Beauty,Perfume,2,637.7,0.1,1147.86,UPI,Completed,2025-11
ORD104891,2025-10-25,CUST10624,South,Website,Home & Kitchen,Mixer Grinder,1,1082.57,0.2,866.06,Debit Card,Completed,2025-10
ORD104892,2025-05-27,CUST10234,West,Mobile App,Home & Kitchen,Mixer Grinder,3,1905.1,0.15,4858.0,UPI,Completed,2025-05
ORD104893,2025-11-26,CUST10270,East,Website,Beauty,Sunscreen,1,2366.65,0.05,2248.32,Debit Card,Completed,2025-11
ORD104894,2025-08-26,CUST10371,South,Website,Electronics,Laptop,1,68793.95,0.1,61914.56,UPI,Completed,2025-08
ORD104895,2025-10-23,CUST10048,West,Website,Fashion,Sneakers,5,1651.55,0.2,6606.2,Credit Card,Completed,2025-10
ORD104896,2025-03-27,CUST10049,South,Website,Furniture,Study Table,1,7702.06,0.05,7316.96,Net Banking,Completed,2025-03
ORD104897,2025-03-20,CUST10314,East,Mobile App,Electronics,Smartphone,1,7617.84,0.1,6856.06,Cash on Delivery,Completed,2025-03
ORD104898,2025-10-16,CUST10839,North,Mobile App,Home & Kitchen,Cookware Set,1,12359.58,0.2,9887.66,Credit Card,Completed,2025-10
ORD104899,2025-01-07,CUST10309,South,Mobile App,Home & Kitchen,Vacuum Cleaner,1,2753.11,0.05,2615.45,Net Banking,Completed,2025-01
ORD104900,2025-01-18,CUST10644,West,Mobile App,Home & Kitchen,Vacuum Cleaner,3,10181.67,0.15,25963.26,Credit Card,Completed,2025-01
ORD104901,2025-03-03,CUST10083,South,Website,Beauty,Moisturizer,1,968.57,0.2,774.86,Net Banking,Completed,2025-03
ORD104902,2025-01-05,CUST10271,Central,Mobile App,Home & Kitchen,Cookware Set,1,6148.9,0.15,5226.56,UPI,Completed,2025-01
ORD104903,2025-04-01,CUST10849,East,Marketplace,Fashion,Sneakers,2,5821.31,0.15,9896.23,Credit Card,Completed,2025-04
ORD104904,2025-09-28,CUST10540,North,Website,Fashion,Sneakers,1,450.42,0.15,382.86,Debit Card,Completed,2025-09
ORD104905,2025-04-17,CUST10529,South,Marketplace,Beauty,Shampoo,4,2954.05,0.15,10043.77,Net Banking,Completed,2025-04
ORD104906,2025-08-25,CUST10349,West,Website,Beauty,Moisturizer,2,583.62,0.25,875.43,Debit Card,Completed,2025-08
ORD104907,2025-02-25,CUST10040,East,Mobile App,Fashion,T-Shirt,1,5622.33,0.1,5060.1,UPI,Completed,2025-02
ORD104908,2025-05-10,CUST10275,South,Mobile App,Electronics,Monitor,1,41739.03,0.1,37565.13,UPI,Completed,2025-05
ORD104909,2025-09-08,CUST10553,Central,Website,Beauty,Perfume,5,1059.4,0.15,4502.45,Credit Card,Completed,2025-09
ORD104910,2025-06-14,CUST10413,Central,Marketplace,Home & Kitchen,Vacuum Cleaner,3,3555.52,0.1,9599.9,Cash on Delivery,Completed,2025-06
ORD104911,2025-10-17,CUST10675,West,Website,Beauty,Shampoo,3,4632.79,0.1,12508.53,Debit Card,Completed,2025-10
ORD104912,2025-09-22,CUST10491,West,Mobile App,Beauty,Shampoo,2,1589.78,0.15,2702.63,Cash on Delivery,Completed,2025-09
ORD104913,2025-04-15,CUST10227,West,Website,Fashion,Backpack,1,2452.51,0.0,2452.51,Cash on Delivery,Completed,2025-04
ORD104914,2025-08-12,CUST10037,West,Website,Home & Kitchen,Cookware Set,3,6134.76,0.15,15643.64,UPI,Completed,2025-08
ORD104915,2025-08-30,CUST10353,South,Website,Home & Kitchen,Mixer Grinder,2,12803.13,0.15,21765.32,Credit Card,Completed,2025-08
ORD104916,2025-02-21,CUST10480,South,Website,Beauty,Face Wash,3,1582.51,0.15,4035.4,Credit Card,Completed,2025-02
ORD104917,2025-08-09,CUST10316,East,Website,Home & Kitchen,Vacuum Cleaner,2,876.21,0.2,1401.94,Debit Card,Completed,2025-08
ORD104918,2025-11-08,CUST10092,South,Mobile App,Home & Kitchen,Cookware Set,3,2792.47,0.05,7958.54,Credit Card,Completed,2025-11
ORD104919,2025-12-04,CUST10364,South,Website,Beauty,Shampoo,1,410.97,0.15,0.0,UPI,Cancelled,2025-12
ORD104920,2025-01-22,CUST10821,South,Website,Home & Kitchen,Vacuum Cleaner,2,1199.67,0.15,2039.44,Cash on Delivery,Completed,2025-01
ORD104921,2025-01-07,CUST10873,North,Website,Fashion,Jacket,2,404.86,0.15,688.26,UPI,Completed,2025-01
ORD104922,2025-10-20,CUST10290,North,Website,Beauty,Moisturizer,2,976.92,0.15,1660.76,Cash on Delivery,Completed,2025-10
ORD104923,2025-12-16,CUST10589,West,Mobile App,Beauty,Moisturizer,1,372.46,0.1,0.0,Net Banking,Cancelled,2025-12
ORD104924,2025-06-28,CUST10099,South,Website,Fashion,Sneakers,2,1828.16,0.15,3107.87,UPI,Completed,2025-06
ORD104925,2025-07-06,CUST10278,North,Website,Electronics,Monitor,1,3043.63,0.1,2739.27,Net Banking,Completed,2025-07
ORD104926,2025-04-28,CUST10674,West,Mobile App,Beauty,Face Wash,1,640.24,0.15,544.2,Debit Card,Completed,2025-04
ORD104927,2025-10-28,CUST10888,West,Website,Furniture,Bedside Table,1,30543.96,0.1,27489.56,Net Banking,Completed,2025-10
ORD104928,2025-01-14,CUST10668,East,Website,Electronics,Laptop,1,1437.37,0.05,0.0,Credit Card,Cancelled,2025-01
ORD104929,2025-01-24,CUST10563,North,Mobile App,Beauty,Sunscreen,1,4545.0,0.15,3863.25,Cash on Delivery,Completed,2025-01
ORD104930,2025-06-12,CUST10815,Central,Marketplace,Electronics,Monitor,1,4404.72,0.05,4184.48,Credit Card,Completed,2025-06
ORD104931,2025-12-16,CUST10776,South,Website,Home & Kitchen,Air Fryer,4,9121.28,0.2,29188.1,UPI,Completed,2025-12
ORD104932,2025-06-27,CUST10488,North,Marketplace,Furniture,Bookshelf,3,15895.02,0.05,45300.81,UPI,Completed,2025-06
ORD104933,2025-11-09,CUST10367,North,Mobile App,Electronics,Smartphone,2,12236.23,0.15,0.0,Debit Card,Returned,2025-11
ORD104934,2025-09-10,CUST10287,Central,Mobile App,Home & Kitchen,Mixer Grinder,3,754.19,0.1,2036.31,Net Banking,Completed,2025-09
ORD104935,2025-09-03,CUST10054,North,Marketplace,Furniture,Bookshelf,2,7047.33,0.2,0.0,Cash on Delivery,Returned,2025-09
ORD104936,2025-07-02,CUST10586,North,Marketplace,Electronics,Smartphone,2,10409.64,0.1,18737.35,Credit Card,Completed,2025-07
ORD104937,2025-09-23,CUST10542,Central,Mobile App,Electronics,Monitor,1,2217.58,0.2,1774.06,Cash on Delivery,Completed,2025-09
ORD104938,2025-03-12,CUST10595,North,Mobile App,Home & Kitchen,Air Fryer,4,1127.51,0.1,4059.04,Net Banking,Completed,2025-03
ORD104939,2025-12-22,CUST10525,South,Website,Electronics,Laptop,2,10216.81,0.15,17368.58,Debit Card,Completed,2025-12
ORD104940,2025-06-19,CUST10321,West,Mobile App,Electronics,Laptop,2,43636.66,0.15,74182.32,Credit Card,Completed,2025-06
ORD104941,2025-09-13,CUST10292,North,Mobile App,Electronics,Monitor,2,21256.01,0.0,0.0,Debit Card,Returned,2025-09
ORD104942,2025-06-14,CUST10731,North,Mobile App,Beauty,Perfume,4,1362.59,0.15,0.0,Credit Card,Returned,2025-06
ORD104943,2025-09-03,CUST10784,South,Website,Furniture,Bedside Table,3,2021.58,0.1,5458.27,UPI,Completed,2025-09
ORD104944,2025-05-17,CUST10753,East,Website,Electronics,Monitor,1,31749.55,0.0,31749.55,Credit Card,Completed,2025-05
ORD104945,2025-09-23,CUST10333,South,Mobile App,Beauty,Perfume,3,302.5,0.15,771.38,Cash on Delivery,Completed,2025-09
ORD104946,2025-01-06,CUST10366,South,Marketplace,Home & Kitchen,Vacuum Cleaner,2,1238.03,0.15,2104.65,Net Banking,Completed,2025-01
ORD104947,2025-06-13,CUST10850,Central,Marketplace,Beauty,Face Wash,2,650.93,0.2,1041.49,UPI,Completed,2025-06
ORD104948,2025-05-03,CUST10827,North,Marketplace,Home & Kitchen,Air Fryer,3,5368.21,0.05,15299.4,Debit Card,Completed,2025-05
ORD104949,2025-11-05,CUST10155,North,Mobile App,Fashion,T-Shirt,1,5840.28,0.05,5548.27,Debit Card,Completed,2025-11
ORD104950,2025-03-26,CUST10295,South,Website,Home & Kitchen,Coffee Maker,3,9771.88,0.1,0.0,Debit Card,Cancelled,2025-03
ORD104951,2025-02-19,CUST10456,West,Mobile App,Fashion,Backpack,2,6243.27,0.0,12486.54,Cash on Delivery,Completed,2025-02
ORD104952,2025-07-11,CUST10583,West,Website,Home & Kitchen,Vacuum Cleaner,5,5610.1,0.1,25245.45,Debit Card,Completed,2025-07
ORD104953,2025-10-03,CUST10833,West,Website,Home & Kitchen,Cookware Set,1,13181.28,0.15,11204.09,UPI,Completed,2025-10
ORD104954,2025-12-30,CUST10232,North,Mobile App,Furniture,Office Chair,1,17005.93,0.05,16155.63,UPI,Completed,2025-12
ORD104955,2025-09-18,CUST10007,West,Website,Furniture,Bookshelf,4,27591.17,0.1,99328.21,UPI,Completed,2025-09
ORD104956,2025-04-22,CUST10144,West,Website,Furniture,Bookshelf,1,28156.22,0.2,22524.98,UPI,Completed,2025-04
ORD104957,2025-08-01,CUST10341,North,Website,Fashion,Sneakers,1,1748.94,0.2,1399.15,Net Banking,Completed,2025-08
ORD104958,2025-02-21,CUST10844,Central,Marketplace,Furniture,Sofa,1,17296.64,0.0,17296.64,Credit Card,Completed,2025-02
ORD104959,2025-03-27,CUST10756,South,Website,Electronics,Monitor,1,12840.45,0.25,9630.34,Net Banking,Completed,2025-03
ORD104960,2025-03-28,CUST10663,Central,Website,Electronics,Headphones,1,21917.49,0.05,20821.62,Debit Card,Completed,2025-03
ORD104961,2025-05-31,CUST10258,West,Mobile App,Fashion,Sneakers,1,5464.65,0.1,4918.18,UPI,Completed,2025-05
ORD104962,2025-02-25,CUST10314,Central,Mobile App,Home & Kitchen,Mixer Grinder,1,3331.28,0.05,3164.72,Credit Card,Completed,2025-02
ORD104963,2025-04-23,CUST10315,West,Mobile App,Electronics,Headphones,1,47419.06,0.2,37935.25,Credit Card,Completed,2025-04
ORD104964,2025-02-23,CUST10456,North,Website,Beauty,Moisturizer,1,2947.13,0.0,2947.13,Credit Card,Completed,2025-02
ORD104965,2025-04-01,CUST10750,West,Mobile App,Furniture,Study Table,4,25695.13,0.15,87363.44,Debit Card,Completed,2025-04
ORD104966,2025-02-12,CUST10010,West,Marketplace,Home & Kitchen,Vacuum Cleaner,1,1647.39,0.25,1235.54,Debit Card,Completed,2025-02
ORD104967,2025-12-20,CUST10556,South,Mobile App,Home & Kitchen,Cookware Set,1,2948.7,0.1,2653.83,Credit Card,Completed,2025-12
ORD104968,2025-08-20,CUST10184,West,Website,Furniture,Study Table,2,11634.87,0.0,23269.74,Cash on Delivery,Completed,2025-08
ORD104969,2025-09-25,CUST10811,East,Website,Beauty,Moisturizer,4,1861.49,0.05,7073.66,Net Banking,Completed,2025-09
ORD104970,2025-01-10,CUST10388,North,Website,Beauty,Perfume,2,461.64,0.15,0.0,UPI,Cancelled,2025-01
ORD104971,2025-11-09,CUST10006,West,Mobile App,Beauty,Face Wash,1,4586.79,0.0,4586.79,Debit Card,Completed,2025-11
ORD104972,2025-07-06,CUST10253,West,Website,Fashion,Jeans,3,3979.97,0.15,10148.92,UPI,Completed,2025-07
ORD104973,2025-11-22,CUST10507,South,Website,Electronics,Headphones,1,10144.39,0.05,9637.17,UPI,Completed,2025-11
ORD104974,2025-08-05,CUST10039,East,Mobile App,Electronics,Headphones,4,9239.51,0.15,31414.33,UPI,Completed,2025-08
ORD104975,2025-10-16,CUST10808,South,Marketplace,Furniture,Bookshelf,3,8569.71,0.05,24423.67,Credit Card,Completed,2025-10
ORD104976,2025-12-28,CUST10095,Central,Marketplace,Electronics,Smartwatch,1,63622.8,0.2,50898.24,UPI,Completed,2025-12
ORD104977,2025-05-14,CUST10436,South,Marketplace,Furniture,Study Table,1,3400.33,0.1,3060.3,Debit Card,Completed,2025-05
ORD104978,2025-02-26,CUST10322,Central,Website,Beauty,Face Wash,1,2830.8,0.2,2264.64,Credit Card,Completed,2025-02
ORD104979,2025-04-15,CUST10812,East,Website,Beauty,Moisturizer,1,345.97,0.15,294.07,Debit Card,Completed,2025-04
ORD104980,2025-07-29,CUST10733,East,Website,Home & Kitchen,Cookware Set,1,987.14,0.25,740.36,Credit Card,Completed,2025-07
ORD104981,2025-02-18,CUST10716,South,Website,Home & Kitchen,Air Fryer,1,907.36,0.15,771.26,Debit Card,Completed,2025-02
ORD104982,2025-04-10,CUST10580,West,Website,Electronics,Smartwatch,1,1017.62,0.1,915.86,UPI,Completed,2025-04
ORD104983,2025-01-26,CUST10431,West,Mobile App,Beauty,Sunscreen,1,951.3,0.05,903.73,Credit Card,Completed,2025-01
ORD104984,2025-12-31,CUST10105,Central,Marketplace,Furniture,Bookshelf,3,5804.43,0.2,13930.63,Credit Card,Completed,2025-12
ORD104985,2025-09-05,CUST10326,West,Mobile App,Home & Kitchen,Vacuum Cleaner,2,839.02,0.1,1510.24,UPI,Completed,2025-09
ORD104986,2025-06-15,CUST10061,South,Website,Electronics,Monitor,1,7046.73,0.25,5285.05,Credit Card,Completed,2025-06
ORD104987,2025-10-09,CUST10399,North,Website,Furniture,Bedside Table,4,4719.6,0.1,16990.56,Debit Card,Completed,2025-10
ORD104988,2025-10-19,CUST10585,East,Website,Fashion,Jacket,1,922.65,0.2,0.0,Cash on Delivery,Cancelled,2025-10
ORD104989,2025-12-16,CUST10480,West,Website,Fashion,Jeans,3,1253.91,0.05,3573.64,Cash on Delivery,Completed,2025-12
ORD104990,2025-06-04,CUST10834,Central,Marketplace,Furniture,Office Chair,1,14874.63,0.15,12643.44,Net Banking,Completed,2025-06
ORD104991,2025-02-04,CUST10662,South,Website,Electronics,Monitor,1,8585.21,0.0,8585.21,Credit Card,Completed,2025-02
ORD104992,2025-08-13,CUST10016,East,Mobile App,Beauty,Shampoo,1,1511.1,0.2,0.0,Debit Card,Cancelled,2025-08
ORD104993,2025-06-14,CUST10166,West,Marketplace,Beauty,Moisturizer,5,532.24,0.2,2128.96,Cash on Delivery,Completed,2025-06
ORD104994,2025-06-12,CUST10698,West,Website,Electronics,Laptop,1,1321.15,0.05,1255.09,UPI,Completed,2025-06
ORD104995,2025-05-02,CUST10508,East,Website,Electronics,Smartphone,1,42778.17,0.25,0.0,Net Banking,Cancelled,2025-05
ORD104996,2025-03-15,CUST10461,West,Website,Furniture,Sofa,1,9247.33,0.1,8322.6,Cash on Delivery,Completed,2025-03
ORD104997,2025-09-29,CUST10298,North,Mobile App,Electronics,Smartphone,1,23013.66,0.1,20712.29,Cash on Delivery,Completed,2025-09
ORD104998,2025-05-10,CUST10749,West,Website,Electronics,Laptop,1,12360.28,0.05,11742.27,Net Banking,Completed,2025-05
ORD104999,2025-02-12,CUST10309,East,Mobile App,Fashion,Jeans,1,440.6,0.05,418.57,UPI,Completed,2025-02
